-- phpMyAdmin SQL Dump
-- version 5.2.1
-- https://www.phpmyadmin.net/
--
-- Host: 127.0.0.1
-- Generation Time: Nov 14, 2025 at 06:58 AM
-- Server version: 10.4.32-MariaDB
-- PHP Version: 8.0.30

SET SQL_MODE = "NO_AUTO_VALUE_ON_ZERO";
START TRANSACTION;
SET time_zone = "+00:00";


/*!40101 SET @OLD_CHARACTER_SET_CLIENT=@@CHARACTER_SET_CLIENT */;
/*!40101 SET @OLD_CHARACTER_SET_RESULTS=@@CHARACTER_SET_RESULTS */;
/*!40101 SET @OLD_COLLATION_CONNECTION=@@COLLATION_CONNECTION */;
/*!40101 SET NAMES utf8mb4 */;

--
-- Database: `hotel_booking`
--

-- --------------------------------------------------------

--
-- Table structure for table `agent`
--

CREATE TABLE `agent` (
  `agent_id` varchar(10) NOT NULL,
  `agent_name` varchar(50) DEFAULT NULL
) ENGINE=InnoDB DEFAULT CHARSET=utf8 COLLATE=utf8_general_ci;

--
-- Dumping data for table `agent`
--

INSERT INTO `agent` (`agent_id`, `agent_name`) VALUES
('0', 'No Agent'),
('1', 'Agent 1'),
('10', 'Agent 10'),
('105', 'Agent 105'),
('11', 'Agent 11'),
('111', 'Agent 111'),
('115', 'Agent 115'),
('119', 'Agent 119'),
('127', 'Agent 127'),
('13', 'Agent 13'),
('134', 'Agent 134'),
('14', 'Agent 14'),
('143', 'Agent 143'),
('146', 'Agent 146'),
('147', 'Agent 147'),
('149', 'Agent 149'),
('15', 'Agent 15'),
('156', 'Agent 156'),
('16', 'Agent 16'),
('17', 'Agent 17'),
('171', 'Agent 171'),
('175', 'Agent 175'),
('177', 'Agent 177'),
('181', 'Agent 181'),
('184', 'Agent 184'),
('19', 'Agent 19'),
('196', 'Agent 196'),
('2', 'Agent 2'),
('22', 'Agent 22'),
('240', 'Agent 240'),
('241', 'Agent 241'),
('242', 'Agent 242'),
('243', 'Agent 243'),
('244', 'Agent 244'),
('250', 'Agent 250'),
('26', 'Agent 26'),
('27', 'Agent 27'),
('28', 'Agent 28'),
('3', 'Agent 3'),
('303', 'Agent 303'),
('304', 'Agent 304'),
('306', 'Agent 306'),
('314', 'Agent 314'),
('330', 'Agent 330'),
('37', 'Agent 37'),
('4', 'Agent 4'),
('40', 'Agent 40'),
('410', 'Agent 410'),
('436', 'Agent 436'),
('468', 'Agent 468'),
('479', 'Agent 479'),
('5', 'Agent 5'),
('526', 'Agent 526'),
('6', 'Agent 6'),
('63', 'Agent 63'),
('69', 'Agent 69'),
('7', 'Agent 7'),
('71', 'Agent 71'),
('75', 'Agent 75'),
('8', 'Agent 8'),
('83', 'Agent 83'),
('85', 'Agent 85'),
('9', 'Agent 9'),
('95', 'Agent 95'),
('96', 'Agent 96'),
('98', 'Agent 98');

-- --------------------------------------------------------

--
-- Table structure for table `company`
--

CREATE TABLE `company` (
  `company_id` varchar(10) NOT NULL,
  `company_name` varchar(50) DEFAULT NULL
) ENGINE=InnoDB DEFAULT CHARSET=utf8 COLLATE=utf8_general_ci;

--
-- Dumping data for table `company`
--

INSERT INTO `company` (`company_id`, `company_name`) VALUES
('0', 'No Company'),
('11', 'Company 11'),
('110', 'Company 110'),
('113', 'Company 113'),
('40', 'Company 40'),
('46', 'Company 46'),
('91', 'Company 91');

-- --------------------------------------------------------

--
-- Table structure for table `country`
--

CREATE TABLE `country` (
  `country_id` char(3) NOT NULL,
  `country_name` varchar(50) DEFAULT NULL
) ENGINE=InnoDB DEFAULT CHARSET=utf8 COLLATE=utf8_general_ci;

--
-- Dumping data for table `country`
--

INSERT INTO `country` (`country_id`, `country_name`) VALUES
('AGO', 'Angola'),
('ARG', 'Argentina'),
('AUS', 'Australia'),
('AUT', 'Austria'),
('BEL', 'Belgium'),
('BGR', 'Bulgaria'),
('BRA', 'Brazil'),
('CHE', 'Switzerland'),
('CHL', 'Chile'),
('CHN', 'China'),
('CN', 'China'),
('cou', 'country_name'),
('CRI', 'Costa Rica'),
('CZE', 'Czech Republic'),
('DEU', 'Germany'),
('DNK', 'Denmark'),
('DZA', 'Algeria'),
('ESP', 'Spain'),
('EST', 'Estonia'),
('FIN', 'Finland'),
('FRA', 'France'),
('GBR', 'United Kingdom'),
('GRC', 'Greece'),
('HRV', 'Croatia'),
('HUN', 'Hungary'),
('IRL', 'Ireland'),
('IRN', 'Iran'),
('ISR', 'Israel'),
('ITA', 'Italy'),
('JPN', 'Japan'),
('LUX', 'Luxembourg'),
('MAR', 'Morocco'),
('NLD', 'Netherlands'),
('NOR', 'Norway'),
('NZL', 'New Zealand'),
('OMN', 'Oman'),
('PAN', 'Panama'),
('PER', 'Peru'),
('POL', 'Poland'),
('PRT', 'Portugal'),
('ROU', 'Romania'),
('RUS', 'Russia'),
('SVK', 'Slovakia'),
('SWE', 'Sweden'),
('TUR', 'Turkey'),
('TWN', 'Taiwan'),
('USA', 'United States');

-- --------------------------------------------------------

--
-- Table structure for table `customer`
--

CREATE TABLE `customer` (
  `customer_id` varchar(10) NOT NULL,
  `name` varchar(100) DEFAULT NULL,
  `email` varchar(100) DEFAULT NULL,
  `phone_number` varchar(20) DEFAULT NULL,
  `credit_card` varchar(20) DEFAULT NULL,
  `country_id` char(3) DEFAULT NULL,
  `is_repeated_guest` tinyint(1) DEFAULT NULL
) ENGINE=InnoDB DEFAULT CHARSET=utf8 COLLATE=utf8_general_ci;

--
-- Dumping data for table `customer`
--

INSERT INTO `customer` (`customer_id`, `name`, `email`, `phone_number`, `credit_card`, `country_id`, `is_repeated_guest`) VALUES
('CUS_1', 'Rebecca Parker', 'Rebecca_Parker@comcast.net', '652-885-2745', '************3734', 'GBR', 0),
('CUS_10', 'Laurie Smith', 'Smith.Laurie@att.com', '804-383-4080', '************5450', 'PRT', 0),
('CUS_100', 'Noah Bowers', 'NoahBowers@protonmail.com', '773-380-8502', '************7381', 'FRA', 0),
('CUS_1000', 'James Francis', 'JFrancis26@yahoo.com', '485-584-6639', '************9700', 'PRT', 0),
('CUS_1001', 'Cassandra Moore', 'Moore.Cassandra@gmail.com', '554-313-7652', '************6649', 'FRA', 0),
('CUS_1002', 'Steven Fletcher', 'Steven.Fletcher34@comcast.net', '242-199-1543', '************1785', 'PRT', 1),
('CUS_1003', 'Hannah Sanchez', 'HSanchez@gmail.com', '999-522-0881', '************4439', 'PRT', 0),
('CUS_1004', 'Daniel Hanson', 'Daniel.H@outlook.com', '724-115-6006', '************5169', 'FRA', 0),
('CUS_1005', 'Amber Marsh', 'AMarsh18@att.com', '443-877-5487', '************8773', 'IRN', 0),
('CUS_1006', 'Dorothy Ortiz', 'DorothyOrtiz58@att.com', '293-445-3128', '************5934', 'PRT', 0),
('CUS_1007', 'Tamara Hall', 'Hall_Tamara@yandex.com', '469-494-3894', '************8407', 'GBR', 0),
('CUS_1008', 'Ruben Spears', 'Ruben_Spears@comcast.net', '285-830-9809', '************7107', 'ITA', 0),
('CUS_1009', 'Nicholas Le', 'NicholasLe66@att.com', '194-797-9852', '************1393', 'PRT', 0),
('CUS_101', 'Thomas Morales', 'Morales.Thomas@att.com', '952-506-4281', '************6048', 'FRA', 0),
('CUS_1010', 'Veronica Archer', 'Archer.Veronica29@comcast.net', '160-200-7382', '************4103', 'DEU', 0),
('CUS_1011', 'Michael Leon', 'Michael.L@yandex.com', '123-335-9877', '************7599', 'DEU', 0),
('CUS_1012', 'Aaron Torres', 'Aaron_T85@xfinity.com', '707-988-7171', '************1343', 'FRA', 0),
('CUS_1013', 'Rebecca Lowery', 'Rebecca.Lowery20@xfinity.com', '963-587-2713', '************3915', 'PRT', 0),
('CUS_1014', 'Debra Anderson', 'Debra_Anderson@outlook.com', '291-018-3117', '************1149', 'DEU', 0),
('CUS_1015', 'Maria Hoffman', 'Maria_Hoffman@gmail.com', '980-343-5117', '************7002', 'DEU', 0),
('CUS_1016', 'Neil Pope', 'Pope.Neil@protonmail.com', '177-913-3229', '************7238', 'PRT', 0),
('CUS_1017', 'Hannah Cox', 'Hannah_C@comcast.net', '216-803-7863', '************9997', 'DEU', 0),
('CUS_1018', 'Jennifer Ortiz', 'Ortiz_Jennifer@hotmail.com', '725-364-4898', '************2416', 'NLD', 0),
('CUS_1019', 'Diane Weber', 'Weber.Diane@yahoo.com', '635-045-2470', '************4818', 'FRA', 0),
('CUS_102', 'Christopher Wilson', 'Christopher.Wilson@mail.com', '189-137-7120', '************7117', 'PRT', 0),
('CUS_1020', 'Brenda Le', 'Le.Brenda@gmail.com', '151-128-9244', '************7875', 'PRT', 0),
('CUS_1021', 'Michelle Williams', 'Michelle_Williams@comcast.net', '459-011-5038', '************6706', 'PRT', 0),
('CUS_1022', 'Brian Clark', 'BClark@verizon.com', '123-938-1819', '************6211', 'CHN', 0),
('CUS_1023', 'Dawn Jackson', 'Jackson_Dawn93@comcast.net', '784-695-2295', '************4850', 'PRT', 0),
('CUS_1024', 'Austin Anderson', 'AustinAnderson@comcast.net', '817-937-1168', '************4481', 'PRT', 0),
('CUS_1025', 'Megan Stephens', 'Megan_S90@yahoo.com', '734-111-1344', '************1247', 'FRA', 0),
('CUS_1026', 'Mario Roberts', 'Mario.R@xfinity.com', '162-008-0634', '************4167', 'ESP', 0),
('CUS_1027', 'Kevin Lyons', 'KLyons44@mail.com', '935-826-8398', '************7667', 'DEU', 0),
('CUS_1028', 'Omar Barr', 'OBarr@verizon.com', '693-524-8115', '************6527', 'FRA', 0),
('CUS_1029', 'Rachel Cox', 'RachelCox@hotmail.com', '437-784-2224', '************9245', 'FRA', 0),
('CUS_103', 'Marcus Mitchell', 'Marcus.Mitchell40@hotmail.com', '496-320-0970', '************5645', 'PRT', 0),
('CUS_1030', 'Walter Freeman', 'WFreeman@protonmail.com', '625-311-3378', '************6236', 'CZE', 0),
('CUS_1031', 'Erica Martinez', 'EricaMartinez@outlook.com', '687-339-9228', '************6524', 'USA', 0),
('CUS_1032', 'Sean Schwartz', 'Sean.S88@aol.com', '213-446-2795', '************3379', 'PAN', 0),
('CUS_1033', 'Karen Castillo', 'Karen_Castillo@gmail.com', '788-395-5729', '************9448', 'ESP', 0),
('CUS_1034', 'Brandon Hernandez', 'Brandon.Hernandez@mail.com', '475-453-7415', '************7907', 'FRA', 0),
('CUS_1035', 'Gabriel Carroll', 'Gabriel_C@gmail.com', '339-789-9017', '************5410', 'FRA', 0),
('CUS_1036', 'Kevin Byrd', 'Byrd_Kevin48@aol.com', '777-759-3716', '************4663', 'FRA', 0),
('CUS_1037', 'Elizabeth Burns', 'EBurns@verizon.com', '366-440-4023', '************3928', 'FRA', 0),
('CUS_1038', 'Mrs. Laura Lopez', 'Mrs..L@att.com', '560-223-5114', '************7799', 'BRA', 0),
('CUS_1039', 'Stephen Mcgee', 'Mcgee.Stephen@xfinity.com', '859-956-0613', '************5663', 'ESP', 0),
('CUS_104', 'Joshua Bailey', 'JBailey29@aol.com', '995-641-6241', '************8273', 'PRT', 0),
('CUS_1040', 'Steven Wells', 'SWells@mail.com', '604-325-8314', '************3258', 'NLD', 0),
('CUS_1041', 'Erin Barker', 'Erin.B@att.com', '605-363-5117', '************4336', 'ESP', 0),
('CUS_1042', 'Benjamin Mccoy', 'Mccoy_Benjamin@att.com', '384-277-7956', '************8731', 'ESP', 0),
('CUS_1043', 'Jennifer Rodriguez', 'Rodriguez_Jennifer41@protonmail.com', '336-937-0252', '************3545', 'FRA', 0),
('CUS_1044', 'Anthony Hall', 'AHall@aol.com', '868-974-0684', '************5506', 'FRA', 0),
('CUS_1045', 'Kathryn Roy', 'Kathryn.R@comcast.net', '945-276-9819', '************7507', 'ESP', 0),
('CUS_1046', 'Christopher Yates', 'Christopher_Y@yahoo.com', '623-094-5135', '************2150', 'AUT', 0),
('CUS_1047', 'David Dyer', 'David.D38@comcast.net', '863-008-1933', '************7772', 'CHE', 0),
('CUS_1048', 'Cody Conley', 'Cody_Conley54@aol.com', '127-046-4884', '************2084', 'CHE', 0),
('CUS_1049', 'Lauren Wong', 'Lauren_Wong@gmail.com', '254-328-3443', '************4436', 'ESP', 0),
('CUS_105', 'Dennis Weaver', 'DWeaver@yandex.com', '247-140-1235', '************5292', 'PRT', 0),
('CUS_1050', 'Vincent Turner PhD', 'Vincent_PhD29@mail.com', '431-382-0728', '************8601', 'FRA', 0),
('CUS_1051', 'Nicholas Alvarez', 'Nicholas.A61@aol.com', '860-989-6251', '************8785', 'FRA', 0),
('CUS_1052', 'Steven Price', 'SPrice@yahoo.com', '675-575-7171', '************8673', 'PRT', 1),
('CUS_1053', 'Vincent Gonzalez', 'Gonzalez_Vincent23@xfinity.com', '629-996-5072', '************5704', 'PRT', 1),
('CUS_1054', 'Maria Haley', 'MHaley@zoho.com', '239-482-8625', '************2895', 'PRT', 1),
('CUS_1055', 'Karen Morris', 'Karen_Morris@zoho.com', '979-317-8807', '************4995', 'PRT', 1),
('CUS_1056', 'Joseph Gregory', 'Joseph.G@gmail.com', '124-511-2527', '************2744', 'PRT', 1),
('CUS_1057', 'Karen Armstrong', 'Karen_A58@hotmail.com', '780-198-0573', '************8336', 'PRT', 0),
('CUS_1058', 'Kelly Gonzalez', 'Gonzalez_Kelly@att.com', '602-729-1065', '************2073', 'PRT', 0),
('CUS_1059', 'Debra Oliver', 'Debra_O35@mail.com', '801-911-4392', '************5257', 'PRT', 0),
('CUS_106', 'William Gordon', 'WilliamGordon@xfinity.com', '244-158-4067', '************9110', 'PRT', 0),
('CUS_1060', 'Nicole Jones', 'Jones_Nicole@att.com', '354-424-5121', '************4011', 'PRT', 0),
('CUS_1061', 'Brittney Rollins', 'Brittney.Rollins@protonmail.com', '342-228-8309', '************4038', 'PRT', 0),
('CUS_1062', 'Keith Mccullough', 'Mccullough.Keith@att.com', '168-309-7031', '************3485', 'PRT', 0),
('CUS_1063', 'James Collins', 'Collins_James@att.com', '635-194-8187', '************7615', 'PRT', 0),
('CUS_1064', 'Stephanie Howard', 'Stephanie_Howard@yandex.com', '510-374-6667', '************2531', 'PRT', 0),
('CUS_1065', 'Samantha Escobar', 'Escobar.Samantha@zoho.com', '609-606-9255', '************7275', 'PRT', 0),
('CUS_1066', 'Suzanne Gray', 'SuzanneGray@comcast.net', '849-995-4242', '************2646', 'PRT', 0),
('CUS_1067', 'Peggy Murphy', 'PeggyMurphy@verizon.com', '233-692-9381', '************7929', 'PRT', 0),
('CUS_1068', 'Joseph Williams', 'Joseph.Williams44@xfinity.com', '803-895-4563', '************7924', 'PRT', 1),
('CUS_1069', 'Marc Schultz', 'Marc_S@yandex.com', '768-745-0911', '************7881', 'PRT', 0),
('CUS_107', 'Nicholas Acosta', 'NAcosta52@gmail.com', '879-786-1294', '************4489', 'PRT', 0),
('CUS_1070', 'Mary Ramirez', 'Mary_R@yandex.com', '470-930-6060', '************7076', 'PRT', 0),
('CUS_1071', 'Tara Jones', 'Jones.Tara@protonmail.com', '949-801-5027', '************6597', 'PRT', 0),
('CUS_1072', 'Michael Thompson', 'Michael_T67@zoho.com', '707-624-1182', '************4677', 'USA', 0),
('CUS_1073', 'Daniel Palmer', 'Palmer.Daniel@verizon.com', '889-606-0115', '************8922', 'PRT', 0),
('CUS_1074', 'Jared Henderson', 'Jared.Henderson@gmail.com', '711-964-9894', '************4605', 'ESP', 0),
('CUS_1075', 'Jamie Woods', 'JamieWoods@verizon.com', '759-073-1018', '************5207', 'FRA', 0),
('CUS_1076', 'Matthew Johnson', 'Matthew.Johnson@att.com', '905-187-8628', '************7436', 'DEU', 0),
('CUS_1077', 'Christine Davis', 'Christine_D@comcast.net', '931-234-2910', '************3075', 'PRT', 0),
('CUS_1078', 'Rachel Arnold', 'Rachel.A69@comcast.net', '144-352-6956', '************4885', 'FRA', 0),
('CUS_1079', 'Jason Chang', 'Jason_C@aol.com', '955-563-0625', '************3250', 'ESP', 0),
('CUS_108', 'Angel Smith', 'Angel_S@zoho.com', '777-065-6700', '************8689', 'PRT', 0),
('CUS_1080', 'Bethany Strong', 'Bethany_S@hotmail.com', '721-880-5115', '************8419', 'PRT', 0),
('CUS_1081', 'John Clark', 'Clark.John26@yahoo.com', '906-012-5673', '************8401', 'PRT', 0),
('CUS_1082', 'Angela Mcintyre', 'Mcintyre_Angela@xfinity.com', '542-988-1404', '************7255', 'FRA', 0),
('CUS_1083', 'Karen Miller', 'Miller.Karen88@yandex.com', '603-164-3079', '************7481', 'ITA', 0),
('CUS_1084', 'Shawn Hall', 'ShawnHall@mail.com', '327-435-5129', '************9447', 'ITA', 0),
('CUS_1085', 'Brett Johnson', 'BrettJohnson@yandex.com', '385-018-0250', '************3410', 'FRA', 0),
('CUS_1086', 'Jonathan Mitchell', 'Jonathan.M@protonmail.com', '365-783-1332', '************7275', 'PRT', 1),
('CUS_1087', 'Stephen Wilson', 'StephenWilson@verizon.com', '141-206-4121', '************1577', 'BRA', 1),
('CUS_1088', 'Brandon Bradford', 'Bradford.Brandon@outlook.com', '428-741-9741', '************4519', 'BRA', 1),
('CUS_1089', 'Leah Blankenship', 'Leah.B@yandex.com', '389-093-1937', '************5802', 'PRT', 1),
('CUS_109', 'Rebecca Brooks', 'Rebecca.Brooks84@yahoo.com', '851-509-5189', '************7896', 'CHE', 0),
('CUS_1090', 'Brenda Ruiz', 'Ruiz_Brenda@verizon.com', '685-346-7521', '************9629', 'PRT', 1),
('CUS_1091', 'Darrell Kane', 'Darrell_K@mail.com', '187-477-1038', '************3962', 'ESP', 1),
('CUS_1092', 'Tami Ramirez', 'Tami.Ramirez@mail.com', '714-485-1805', '************4614', 'DEU', 1),
('CUS_1093', 'Andrew Moody', 'Moody.Andrew@hotmail.com', '439-242-1294', '************2600', 'PRT', 1),
('CUS_1094', 'Stephen Myers', 'StephenMyers29@protonmail.com', '135-323-2498', '************1247', 'PRT', 1),
('CUS_1095', 'James Mckenzie', 'JMckenzie37@aol.com', '907-133-9568', '************3118', 'AUT', 1),
('CUS_1096', 'Deborah Morales', 'DMorales@gmail.com', '429-825-4888', '************2318', 'PER', 1),
('CUS_1097', 'Joseph Johnson', 'Joseph.Johnson22@mail.com', '112-305-9765', '************6444', 'FRA', 1),
('CUS_1098', 'Lawrence Crawford', 'Crawford.Lawrence@yahoo.com', '465-344-9445', '************1626', 'PRT', 1),
('CUS_1099', 'Sarah Carson', 'SCarson@att.com', '103-397-9770', '************5299', 'PRT', 1),
('CUS_11', 'Casey Thomas', 'Casey_T78@outlook.com', '211-071-2173', '************8518', 'USA', 0),
('CUS_110', 'John Rojas', 'John_R@gmail.com', '817-841-9453', '************9251', 'PRT', 0),
('CUS_1100', 'Jimmy Rogers', 'JRogers43@att.com', '920-619-0118', '************4377', 'PRT', 1),
('CUS_1101', 'Laura Mitchell', 'Mitchell.Laura@gmail.com', '935-407-8439', '************4161', 'PRT', 1),
('CUS_1102', 'Brittany Davis', 'BDavis@aol.com', '903-460-8289', '************3368', 'AGO', 1),
('CUS_1103', 'Jacob Bartlett', 'Jacob_Bartlett@att.com', '109-896-4956', '************6764', 'PRT', 1),
('CUS_1104', 'Alyssa Jones', 'Alyssa.J86@aol.com', '884-187-6391', '************5913', 'PRT', 1),
('CUS_1105', 'Sharon Dennis', 'Sharon.Dennis47@att.com', '784-761-5444', '************5453', 'POL', 1),
('CUS_1106', 'John Short', 'John.Short@xfinity.com', '947-214-7680', '************5571', 'FRA', 1),
('CUS_1107', 'Joanna Smith', 'Joanna.Smith@aol.com', '260-313-0015', '************1061', 'FRA', 1),
('CUS_1108', 'Kelsey Wright', 'Wright_Kelsey18@protonmail.com', '312-088-8837', '************2356', 'ESP', 1),
('CUS_1109', 'William Myers', 'Myers.William@verizon.com', '100-732-7775', '************8459', 'PRT', 1),
('CUS_111', 'Julie Rivera', 'JulieRivera@verizon.com', '375-746-1425', '************5004', 'GBR', 0),
('CUS_1110', 'Christine Sharp', 'Christine_S@xfinity.com', '140-893-4296', '************3414', 'PRT', 1),
('CUS_1111', 'George Jones', 'Jones_George@yandex.com', '576-771-5440', '************6738', 'JPN', 0),
('CUS_1112', 'Joan Franklin', 'Joan_F22@aol.com', '843-912-1333', '************7719', 'FRA', 0),
('CUS_1113', 'Peter Sullivan', 'Peter_S@yandex.com', '888-710-8515', '************4776', 'PRT', 0),
('CUS_1114', 'Cody Summers', 'CodySummers@gmail.com', '687-968-8845', '************9991', 'FRA', 0),
('CUS_112', 'Roberto Watson', 'Watson.Roberto@xfinity.com', '219-113-9337', '************6650', 'PRT', 0),
('CUS_113', 'Joseph Yu', 'Joseph_Yu48@aol.com', '169-899-0305', '************1296', 'PRT', 0),
('CUS_114', 'George Campbell', 'Campbell_George@zoho.com', '341-285-3564', '************8700', 'PRT', 0),
('CUS_115', 'Edwin Norton', 'Edwin_Norton@aol.com', '203-192-1183', '************7834', 'GBR', 0),
('CUS_116', 'Leslie Lewis', 'LeslieLewis@xfinity.com', '579-451-3893', '************7290', 'PRT', 0),
('CUS_117', 'Wendy Adkins', 'Adkins_Wendy86@gmail.com', '855-406-2365', '************2163', 'PRT', 0),
('CUS_118', 'Brenda Rodgers', 'Brenda.Rodgers@xfinity.com', '947-400-1398', '************4454', 'PRT', 0),
('CUS_119', 'Michael Griffin MD', 'MMD@hotmail.com', '321-266-0289', '************1445', 'PRT', 0),
('CUS_12', 'Rachel Friedman', 'Rachel.F@protonmail.com', '435-075-8409', '************9767', 'ESP', 0),
('CUS_120', 'Todd Cox', 'Todd.Cox97@verizon.com', '980-217-8754', '************4279', 'PRT', 0),
('CUS_121', 'Linda Anderson', 'LindaAnderson@att.com', '161-412-7478', '************7036', 'PRT', 0),
('CUS_122', 'Sharon Nelson', 'Nelson_Sharon70@xfinity.com', '862-437-9998', '************1883', 'PRT', 0),
('CUS_123', 'Mario Bennett', 'Mario_Bennett@hotmail.com', '584-994-9131', '************5128', 'PRT', 0),
('CUS_124', 'Tamara Kennedy', 'Kennedy.Tamara@comcast.net', '770-218-7968', '************3323', 'ESP', 0),
('CUS_125', 'Tiffany Phillips', 'Tiffany.Phillips@outlook.com', '780-067-0965', '************5509', 'FRA', 0),
('CUS_126', 'Larry Velasquez', 'LarryVelasquez83@yahoo.com', '939-592-8567', '************8815', 'PRT', 0),
('CUS_127', 'Troy Wolf', 'Wolf.Troy22@gmail.com', '951-206-5844', '************7576', 'FRA', 0),
('CUS_128', 'Richard Jones', 'Richard.J@att.com', '998-911-5071', '************2699', 'FRA', 0),
('CUS_129', 'Samantha Porter', 'Porter.Samantha@protonmail.com', '355-960-5246', '************1776', 'ESP', 0),
('CUS_13', 'Edward Torres', 'Edward.T@zoho.com', '790-746-7471', '************7719', 'PRT', 0),
('CUS_130', 'Michael Bass', 'Bass_Michael@att.com', '994-189-2675', '************8906', 'PRT', 0),
('CUS_131', 'Glen Chavez', 'Chavez_Glen@xfinity.com', '702-737-4764', '************6113', 'ESP', 0),
('CUS_132', 'Rebecca Jones', 'Jones_Rebecca@comcast.net', '140-142-8767', '************5663', 'DEU', 0),
('CUS_133', 'Dr. Michael Gallegos', 'Gallegos_Dr.61@xfinity.com', '864-609-4982', '************2512', 'PRT', 0),
('CUS_134', 'Veronica Allen', 'Veronica.A@comcast.net', '171-794-8523', '************3231', 'PRT', 0),
('CUS_135', 'Mike Anderson', 'Anderson_Mike50@mail.com', '582-743-3948', '************1286', 'DEU', 0),
('CUS_136', 'James Foster', 'Foster.James@att.com', '941-412-0617', '************9670', 'PRT', 0),
('CUS_137', 'Brian Fisher', 'Brian_Fisher86@comcast.net', '460-149-7682', '************6637', 'PRT', 0),
('CUS_138', 'Elizabeth Wilson', 'Elizabeth.W17@zoho.com', '957-432-0410', '************7590', 'PRT', 0),
('CUS_139', 'Joshua Graham', 'Joshua.G42@gmail.com', '836-923-6657', '************9251', 'FRA', 0),
('CUS_14', 'Samuel Zavala', 'Zavala_Samuel46@xfinity.com', '649-384-5387', '************7612', 'IRL', 0),
('CUS_140', 'Kevin Lee', 'Kevin.Lee17@verizon.com', '606-443-7740', '************9268', 'ESP', 0),
('CUS_141', 'Eric Pugh', 'EricPugh@mail.com', '908-309-5196', '************8507', 'CN', 0),
('CUS_142', 'Kendra Kent', 'KKent@comcast.net', '772-663-8044', '************3052', 'ESP', 0),
('CUS_143', 'Ashley Hall', 'Hall_Ashley@zoho.com', '544-294-5585', '************4915', 'PRT', 0),
('CUS_144', 'Rodney Bailey', 'RBailey@comcast.net', '166-043-5989', '************6074', 'ESP', 0),
('CUS_145', 'Pamela West', 'West_Pamela@zoho.com', '253-544-6073', '************1168', 'PRT', 0),
('CUS_146', 'Patrick Curry', 'PatrickCurry89@att.com', '902-943-2896', '************3200', 'PRT', 0),
('CUS_147', 'Stacey Chan', 'Stacey.C@yandex.com', '740-725-8190', '************8559', 'PRT', 0),
('CUS_148', 'Patricia Serrano', 'Patricia_S@xfinity.com', '137-762-7073', '************9521', 'PRT', 0),
('CUS_149', 'John Anderson', 'Anderson_John67@yandex.com', '543-200-9275', '************5931', 'IRL', 0),
('CUS_15', 'Dr. Victor Martin', 'Dr.Martin@xfinity.com', '331-430-8824', '************6279', 'PRT', 0),
('CUS_150', 'Dawn Adams', 'Dawn.A68@protonmail.com', '996-913-7836', '************1672', 'PRT', 0),
('CUS_151', 'Molly Mclaughlin', 'Molly.Mclaughlin23@xfinity.com', '884-859-4497', '************8498', 'ESP', 0),
('CUS_152', 'Amanda Fox', 'Amanda_Fox@verizon.com', '905-024-0862', '************8413', 'CHE', 0),
('CUS_153', 'Rose Gutierrez', 'Rose_G65@outlook.com', '549-437-1292', '************8779', 'PRT', 0),
('CUS_154', 'Alexander Bass', 'Bass_Alexander65@zoho.com', '378-238-0167', '************1957', 'PRT', 0),
('CUS_155', 'Leslie Wilson', 'LeslieWilson@comcast.net', '954-271-5882', '************6368', 'GBR', 0),
('CUS_156', 'Emily Pennington', 'EPennington@protonmail.com', '468-989-6508', '************7209', 'GBR', 0),
('CUS_157', 'Mary Mendez', 'MaryMendez@protonmail.com', '939-016-1514', '************1356', 'GBR', 0),
('CUS_158', 'Rebecca Price', 'Rebecca.Price@zoho.com', '805-825-8710', '************9954', 'PRT', 0),
('CUS_159', 'Diana Mcdowell DDS', 'DDDS@comcast.net', '552-624-5025', '************1152', 'PRT', 0),
('CUS_16', 'Sara Lee', 'Sara.L@hotmail.com', '573-306-9938', '************8950', 'IRL', 0),
('CUS_160', 'Jennifer Terry', 'Jennifer_Terry58@outlook.com', '831-324-4638', '************3696', 'USA', 0),
('CUS_161', 'Andrew Barnett', 'Andrew.B@yahoo.com', '387-017-4651', '************2336', 'CN', 0),
('CUS_162', 'Evelyn Day', 'Day.Evelyn@outlook.com', '909-666-8383', '************1007', 'CHE', 0),
('CUS_163', 'Natalie Anderson', 'Anderson_Natalie@gmail.com', '109-008-2223', '************3320', 'PRT', 0),
('CUS_164', 'Kathryn Morgan', 'Morgan_Kathryn@mail.com', '257-130-2832', '************7653', 'USA', 0),
('CUS_165', 'Tracey Hebert', 'Tracey.Hebert39@xfinity.com', '111-308-0722', '************5219', 'PRT', 0),
('CUS_166', 'Jessica Cunningham', 'Jessica_C20@aol.com', '151-653-3240', '************2684', 'PRT', 0),
('CUS_167', 'Stephanie Rodriguez', 'Stephanie.R@mail.com', '492-513-1267', '************8024', 'USA', 0),
('CUS_168', 'Richard Arias', 'Richard.Arias28@att.com', '121-706-9987', '************8099', 'GRC', 0),
('CUS_169', 'Courtney Barr', 'Barr.Courtney@mail.com', '565-728-6878', '************8887', 'PRT', 0),
('CUS_17', 'Curtis Rodriguez', 'CRodriguez@verizon.com', '466-424-2102', '************1179', 'FRA', 0),
('CUS_170', 'Justin Webb', 'Justin.W@protonmail.com', '438-241-1182', '************5014', 'PRT', 0),
('CUS_171', 'Audrey Garcia', 'Audrey.Garcia66@verizon.com', '417-006-5431', '************4291', 'PRT', 0),
('CUS_172', 'George Mcgee', 'GeorgeMcgee@comcast.net', '593-095-2633', '************7953', 'PRT', 0),
('CUS_173', 'Michelle Perez', 'Michelle.P@xfinity.com', '250-829-1432', '************8665', 'PRT', 0),
('CUS_174', 'Kelly Rogers', 'Rogers.Kelly@gmail.com', '115-960-2405', '************8379', 'ESP', 0),
('CUS_175', 'Kelly Daniels', 'Kelly_D@aol.com', '411-117-7672', '************3541', 'PRT', 0),
('CUS_176', 'Chelsea Wilson', 'CWilson@yandex.com', '668-922-1704', '************6386', 'PRT', 0),
('CUS_177', 'Nicolas Adams', 'Nicolas_A@outlook.com', '782-435-5260', '************5434', 'PRT', 0),
('CUS_178', 'Jane Mckinney', 'Mckinney.Jane@comcast.net', '456-520-4308', '************6697', 'GBR', 0),
('CUS_179', 'Derrick Washington', 'Derrick_W94@outlook.com', '847-382-3634', '************8908', 'PRT', 0),
('CUS_18', 'Stephanie Schmidt', 'StephanieSchmidt@hotmail.com', '896-642-1049', '************1110', 'GBR', 0),
('CUS_180', 'Molly Schultz', 'MSchultz71@hotmail.com', '974-292-3185', '************9039', 'PRT', 0),
('CUS_181', 'Jesse Wright', 'Jesse.Wright@comcast.net', '508-856-4146', '************9813', 'GBR', 0),
('CUS_182', 'Paula Howard', 'Paula_Howard@xfinity.com', '695-262-6342', '************7774', 'GBR', 0),
('CUS_183', 'Norman Clark', 'Norman.C23@hotmail.com', '440-687-4171', '************2605', 'PRT', 0),
('CUS_184', 'Sarah Carter', 'Sarah.C@comcast.net', '804-211-4572', '************9997', 'GBR', 0),
('CUS_185', 'Mary Robinson', 'Robinson_Mary34@att.com', '888-249-8421', '************1563', 'FRA', 0),
('CUS_186', 'Sarah Wong', 'Sarah.W@protonmail.com', '326-587-4615', '************3957', 'ITA', 0),
('CUS_187', 'Jonathan Torres', 'Jonathan.T@comcast.net', '855-384-8008', '************4487', 'GBR', 0),
('CUS_188', 'Tammy Delgado', 'TammyDelgado@comcast.net', '706-745-8515', '************7117', 'PRT', 0),
('CUS_189', 'Kimberly Frazier', 'Frazier.Kimberly@yandex.com', '344-108-6833', '************5371', 'PRT', 0),
('CUS_19', 'John Matthews', 'John.Matthews@aol.com', '952-496-4398', '************1019', 'GBR', 0),
('CUS_190', 'Victoria Herman', 'VictoriaHerman@zoho.com', '636-521-2700', '************5995', 'ESP', 0),
('CUS_191', 'Abigail Bowers', 'Abigail_Bowers@yahoo.com', '424-006-6247', '************4419', 'PRT', 0),
('CUS_192', 'Elizabeth Hendrix', 'EHendrix@yandex.com', '400-915-3410', '************9424', 'GBR', 0),
('CUS_193', 'Shannon Tate', 'Tate.Shannon54@yahoo.com', '631-059-6418', '************3680', 'PRT', 0),
('CUS_194', 'Christopher Briggs Jr.', 'Christopher_J25@gmail.com', '964-874-5359', '************2292', 'GBR', 0),
('CUS_195', 'Virginia Jones', 'Jones.Virginia@zoho.com', '554-132-9279', '************2645', 'ESP', 0),
('CUS_196', 'Casey Cobb', 'Casey.Cobb89@outlook.com', '271-313-2202', '************9122', 'PRT', 0),
('CUS_197', 'Timothy Kim', 'Timothy.K@xfinity.com', '202-231-2444', '************3446', 'USA', 0),
('CUS_198', 'Daniel Gilbert', 'DGilbert@xfinity.com', '745-933-4870', '************8757', 'NLD', 0),
('CUS_199', 'Cheryl Adams', 'CAdams@outlook.com', '191-005-2632', '************8645', 'PRT', 0),
('CUS_2', 'Laura Murray', 'Laura_M@gmail.com', '364-656-8427', '************5677', 'GBR', 0),
('CUS_20', 'Robert Chung', 'Robert.Chung47@yandex.com', '382-465-6552', '************8524', 'PRT', 0),
('CUS_200', 'Luis Grant', 'Luis_Grant@aol.com', '678-415-9913', '************6817', 'PRT', 0),
('CUS_201', 'Kevin Blankenship', 'Kevin.B@gmail.com', '615-321-3635', '************3700', 'IRL', 0),
('CUS_202', 'Roberto Wolfe', 'RWolfe@yahoo.com', '257-539-3194', '************7375', 'PRT', 0),
('CUS_203', 'Lance Lopez', 'LLopez@verizon.com', '966-516-2035', '************1417', 'IRL', 0),
('CUS_204', 'Robert Baker', 'RBaker@zoho.com', '304-566-1032', '************5253', 'GBR', 0),
('CUS_205', 'Brianna Malone', 'Malone.Brianna70@comcast.net', '586-419-6920', '************3735', 'PRT', 0),
('CUS_206', 'Paul Wilson', 'Paul_Wilson@gmail.com', '513-917-6799', '************9836', 'ESP', 0),
('CUS_207', 'Derek Peterson', 'DPeterson@xfinity.com', '231-825-5365', '************5164', 'PRT', 0),
('CUS_208', 'Brian Greene', 'Greene_Brian@comcast.net', '185-289-7027', '************7306', 'ESP', 0),
('CUS_209', 'Seth Marshall', 'Seth_M@att.com', '864-764-3237', '************5268', 'PRT', 0),
('CUS_21', 'Mark Garcia', 'MGarcia16@comcast.net', '784-675-4921', '************4371', 'PRT', 0),
('CUS_210', 'Sarah Wagner', 'Wagner.Sarah@yandex.com', '255-727-3402', '************1359', 'PRT', 0),
('CUS_211', 'Michael Rivas', 'Rivas_Michael63@xfinity.com', '731-847-6372', '************8558', 'PRT', 0),
('CUS_212', 'Amanda Myers', 'AmandaMyers@att.com', '692-752-0185', '************8187', 'PRT', 0),
('CUS_213', 'Joshua Patrick', 'JoshuaPatrick@xfinity.com', '868-836-9111', '************9404', 'PRT', 0),
('CUS_214', 'Martin Mcknight', 'Mcknight.Martin17@comcast.net', '880-037-2943', '************5090', 'CHE', 0),
('CUS_215', 'Robert Wagner', 'Robert_Wagner78@att.com', '214-203-7077', '************7287', 'PRT', 0),
('CUS_216', 'Leah Payne', 'Leah_Payne26@yahoo.com', '547-173-4121', '************7465', 'PRT', 0),
('CUS_217', 'Victoria Stewart', 'VictoriaStewart31@yahoo.com', '286-727-0925', '************7329', 'PRT', 0),
('CUS_218', 'Mr. Ryan Wright', 'MWright51@aol.com', '322-031-8553', '************7002', 'GBR', 0),
('CUS_219', 'William Duncan', 'William.Duncan26@hotmail.com', '258-818-1494', '************8367', 'GBR', 0),
('CUS_22', 'Brandon Taylor', 'BrandonTaylor@hotmail.com', '227-329-7167', '************8470', 'PRT', 0),
('CUS_220', 'Jonathan Kelly', 'Kelly_Jonathan@zoho.com', '818-429-6070', '************9034', 'PRT', 0),
('CUS_221', 'Erik Young', 'EYoung@gmail.com', '861-177-8420', '************1904', 'IRL', 0),
('CUS_222', 'Brittany Smith', 'BSmith32@yandex.com', '808-777-1340', '************5801', 'DNK', 0),
('CUS_223', 'Jennifer Oliver', 'Jennifer.Oliver@outlook.com', '400-377-8953', '************3905', 'DNK', 0),
('CUS_224', 'Jennifer Cunningham', 'Jennifer.Cunningham@comcast.net', '410-916-8076', '************9435', 'PRT', 0),
('CUS_225', 'Judy Lucero', 'Judy.Lucero94@protonmail.com', '810-207-7781', '************5499', 'ARG', 0),
('CUS_226', 'Stephanie Mccoy', 'Mccoy_Stephanie@zoho.com', '856-389-4559', '************8631', 'PRT', 0),
('CUS_227', 'Amy Lee', 'AmyLee70@att.com', '487-969-0276', '************9252', 'PRT', 0),
('CUS_228', 'Phyllis Dunn', 'PDunn@aol.com', '323-363-3142', '************2897', 'PRT', 0),
('CUS_229', 'Joseph Nichols', 'Joseph.N@yahoo.com', '356-443-7988', '************1886', 'PRT', 0),
('CUS_23', 'Angie Sanchez', 'Angie_Sanchez@att.com', '211-889-2476', '************8871', 'GBR', 0),
('CUS_230', 'Robert Gonzalez', 'RobertGonzalez@hotmail.com', '313-497-8939', '************8826', 'PRT', 0),
('CUS_231', 'Jenna Castillo', 'Castillo.Jenna@yahoo.com', '928-974-9546', '************5866', 'PRT', 0),
('CUS_232', 'Karen Harris', 'Karen_H@protonmail.com', '792-593-6138', '************4088', 'PRT', 0),
('CUS_233', 'Kristen Williams', 'Kristen.Williams@protonmail.com', '421-586-4415', '************2999', 'RUS', 0),
('CUS_234', 'Bradley Dickson', 'Dickson_Bradley@yahoo.com', '189-235-1026', '************6371', 'SWE', 0),
('CUS_235', 'Rodney Ford', 'RodneyFord39@mail.com', '217-265-5429', '************5853', 'POL', 0),
('CUS_236', 'Christopher Giles', 'CGiles29@comcast.net', '384-250-2031', '************8657', 'FRA', 0),
('CUS_237', 'Tracy Escobar', 'Tracy.Escobar85@gmail.com', '633-436-5830', '************9203', 'GBR', 0),
('CUS_238', 'Tracy Johnson', 'TJohnson85@hotmail.com', '544-165-5069', '************1563', 'GBR', 0),
('CUS_239', 'Mark Cox MD', 'MarkMD62@mail.com', '515-974-2223', '************8211', 'GBR', 0),
('CUS_24', 'Alexis King', 'King_Alexis70@hotmail.com', '103-516-5853', '************6809', 'PRT', 0),
('CUS_240', 'Brooke Martin', 'BMartin@aol.com', '188-464-0257', '************4539', 'PRT', 0),
('CUS_241', 'Victoria Vargas', 'Vargas.Victoria86@mail.com', '157-480-0120', '************4334', 'PRT', 0),
('CUS_242', 'Amanda Johnson', 'Amanda_Johnson30@att.com', '660-317-3148', '************7967', 'USA', 0),
('CUS_243', 'Kevin Wu', 'Kevin.Wu@xfinity.com', '841-768-8185', '************7687', 'PRT', 0),
('CUS_244', 'Thomas Johnson', 'TJohnson28@mail.com', '366-028-0992', '************3010', 'PRT', 0),
('CUS_245', 'Jamie Smith', 'JSmith@gmail.com', '657-992-2925', '************1377', 'PRT', 0),
('CUS_246', 'Brianna Montgomery', 'Montgomery.Brianna@xfinity.com', '720-949-2293', '************9305', 'PRT', 0),
('CUS_247', 'Marie Sullivan', 'MarieSullivan@yahoo.com', '514-614-7652', '************5579', 'PRT', 0),
('CUS_248', 'Aaron Miller', 'Aaron_Miller@hotmail.com', '172-367-8367', '************5513', 'PRT', 0),
('CUS_249', 'Roy Murphy', 'RMurphy52@yahoo.com', '231-300-5662', '************7716', 'PRT', 0),
('CUS_25', 'Michael Davidson', 'MichaelDavidson82@att.com', '336-525-2460', '************8662', 'IRL', 0),
('CUS_250', 'Catherine Chan DDS', 'Catherine_DDS@comcast.net', '289-972-2718', '************3929', 'PRT', 0),
('CUS_251', 'Amy Khan', 'Amy.Khan@zoho.com', '525-397-8737', '************7377', 'GBR', 0),
('CUS_252', 'Joshua Sullivan', 'Joshua_Sullivan@comcast.net', '151-760-5294', '************5389', 'AUS', 0),
('CUS_253', 'Brooke Mccarty', 'Brooke.Mccarty@protonmail.com', '679-028-8706', '************9589', 'GBR', 0),
('CUS_254', 'Kelsey Herman', 'Herman.Kelsey34@mail.com', '975-614-7112', '************1538', 'PRT', 0),
('CUS_255', 'Dakota Ponce', 'DakotaPonce45@yandex.com', '909-908-7981', '************6436', 'PRT', 0),
('CUS_256', 'Dawn Frost', 'Frost.Dawn@verizon.com', '335-002-8727', '************8391', 'PRT', 0),
('CUS_257', 'Cynthia Meadows', 'CMeadows@hotmail.com', '479-770-5950', '************3037', 'POL', 0),
('CUS_258', 'Patrick Wood', 'Patrick.W@mail.com', '595-110-6891', '************3555', 'PRT', 0),
('CUS_259', 'Patricia Green', 'Green.Patricia@aol.com', '554-568-3298', '************9086', 'EST', 0),
('CUS_26', 'Jaime Flynn', 'JaimeFlynn29@gmail.com', '549-866-3721', '************9660', 'PRT', 0),
('CUS_260', 'Diane Brown', 'Diane_B@xfinity.com', '775-172-3008', '************8666', 'PRT', 0),
('CUS_261', 'Michael Gibson', 'MGibson36@hotmail.com', '251-345-2664', '************2795', 'PRT', 0),
('CUS_262', 'Christopher Daniel', 'Christopher_D99@yahoo.com', '489-846-4333', '************7831', 'PRT', 0),
('CUS_263', 'Brandon Beck', 'Brandon_B51@xfinity.com', '342-274-5500', '************3383', 'PRT', 0),
('CUS_264', 'Jesse Salazar', 'Jesse.S@yandex.com', '636-161-4607', '************7184', 'RUS', 0),
('CUS_265', 'Faith Davis', 'FaithDavis@yahoo.com', '400-009-5678', '************5276', 'GBR', 0),
('CUS_266', 'Richard Ferguson', 'RFerguson@protonmail.com', '907-285-6596', '************2049', 'PRT', 0),
('CUS_267', 'Jimmy Burch', 'Jimmy.Burch21@yahoo.com', '845-796-0670', '************6133', 'PRT', 0),
('CUS_268', 'Kyle Singh', 'Singh_Kyle@hotmail.com', '534-089-2176', '************9515', 'IRL', 0),
('CUS_269', 'Tammy Hill', 'Hill_Tammy@zoho.com', '296-377-6859', '************8672', 'PRT', 0),
('CUS_27', 'Mrs. Alicia Williams', 'Mrs..W61@yandex.com', '427-564-4927', '************4445', 'PRT', 0),
('CUS_270', 'Teresa Parrish', 'Parrish_Teresa@gmail.com', '999-248-4556', '************7710', 'GBR', 0),
('CUS_271', 'Mrs. Shannon Riggs', 'Riggs.Mrs.@mail.com', '811-761-4010', '************1148', 'DNK', 0),
('CUS_272', 'Cody Smith', 'Smith.Cody@comcast.net', '267-910-2501', '************4136', 'GBR', 0),
('CUS_273', 'Stephen Dickerson', 'Stephen_Dickerson@att.com', '139-462-8029', '************2092', 'GBR', 0),
('CUS_274', 'Kimberly Olson', 'Kimberly.Olson@xfinity.com', '995-876-8158', '************7967', 'PRT', 0),
('CUS_275', 'Ashley Smith', 'Smith.Ashley45@gmail.com', '762-466-8907', '************1444', 'ESP', 0),
('CUS_276', 'Alec Johnson', 'Alec.Johnson67@yahoo.com', '328-233-6698', '************3622', 'PRT', 0),
('CUS_277', 'Jasmin Schultz', 'Jasmin.Schultz@outlook.com', '880-452-9834', '************8319', 'PRT', 0),
('CUS_278', 'Henry Atkins', 'HAtkins@mail.com', '789-073-1989', '************3857', 'PRT', 0),
('CUS_279', 'Stephen Banks', 'Stephen.B83@gmail.com', '810-088-3060', '************5829', 'ESP', 0),
('CUS_28', 'Heather Hart', 'Heather.H@xfinity.com', '431-329-6663', '************2780', 'PRT', 0),
('CUS_280', 'Ashley Vasquez', 'Ashley_Vasquez@yandex.com', '354-402-0741', '************9359', 'PRT', 0),
('CUS_281', 'Michael Cline', 'Michael.C@mail.com', '549-770-1668', '************4140', 'PRT', 0),
('CUS_282', 'Craig Oconnor', 'Oconnor_Craig@verizon.com', '954-933-8330', '************6956', 'GBR', 0),
('CUS_283', 'Michael Johnson', 'Michael.Johnson@outlook.com', '122-626-4644', '************7241', 'PRT', 0),
('CUS_284', 'James Jacobs', 'JJacobs70@hotmail.com', '409-257-4183', '************6248', 'CZE', 0),
('CUS_285', 'Zachary Kelly', 'Zachary_Kelly@yandex.com', '812-444-6462', '************4187', 'GBR', 0),
('CUS_286', 'Raymond Hawkins', 'Raymond_Hawkins@verizon.com', '461-154-1148', '************4807', 'DEU', 0),
('CUS_287', 'Phillip Allen', 'Phillip_A@att.com', '617-143-2263', '************3693', 'ESP', 0),
('CUS_288', 'Adam Day', 'AdamDay@mail.com', '241-688-1550', '************6428', 'ESP', 0),
('CUS_289', 'Lisa Morgan', 'LMorgan@hotmail.com', '645-017-6780', '************3449', 'PRT', 0),
('CUS_29', 'Diamond Wilson', 'Wilson.Diamond@comcast.net', '870-563-6202', '************8017', 'GBR', 0),
('CUS_290', 'Brian Williams', 'Williams.Brian@comcast.net', '860-802-1878', '************4307', 'ESP', 0),
('CUS_291', 'Dr. Stephanie Martinez', 'Dr._Martinez@hotmail.com', '944-834-8960', '************3751', 'ROU', 0),
('CUS_292', 'James Bentley', 'James_Bentley@xfinity.com', '774-521-8062', '************5020', 'PRT', 0),
('CUS_293', 'Jessica Day', 'Jessica.Day@yahoo.com', '955-149-9915', '************8897', 'ESP', 0),
('CUS_294', 'Douglas Cordova MD', 'Douglas.MD@protonmail.com', '159-873-7113', '************2581', 'PRT', 0),
('CUS_295', 'Anthony Stein', 'Anthony_Stein43@comcast.net', '929-530-7861', '************5577', 'PRT', 0),
('CUS_296', 'Michael Reed', 'MReed19@protonmail.com', '345-673-4058', '************9309', 'PRT', 0),
('CUS_297', 'Tina Andrews', 'Tina_Andrews@aol.com', '158-054-6096', '************8759', 'PRT', 0),
('CUS_298', 'Peggy Woods', 'Woods_Peggy@mail.com', '293-514-6149', '************3253', 'PRT', 0),
('CUS_299', 'Lucas Davis', 'Davis.Lucas@mail.com', '203-046-2797', '************3971', 'PRT', 0),
('CUS_3', 'Linda Hines', 'LHines@verizon.com', '713-226-5883', '************5498', 'GBR', 0),
('CUS_30', 'Paul Williams', 'Williams_Paul@xfinity.com', '789-736-8837', '************7006', 'GBR', 0),
('CUS_300', 'Natasha Blankenship', 'NBlankenship@aol.com', '776-972-7584', '************1509', 'PRT', 0),
('CUS_301', 'Allison Jimenez', 'Allison_J76@gmail.com', '898-848-5580', '************8095', 'CN', 0),
('CUS_302', 'Tonya Taylor', 'TonyaTaylor81@outlook.com', '709-065-1399', '************3483', 'PRT', 0),
('CUS_303', 'Jennifer Higgins', 'Higgins.Jennifer@yandex.com', '669-803-3888', '************6969', 'PRT', 0),
('CUS_304', 'Glenn Love', 'Love_Glenn33@zoho.com', '185-118-9346', '************4196', 'PRT', 0),
('CUS_305', 'Joshua Salinas', 'Salinas.Joshua32@aol.com', '292-065-4807', '************1428', 'GBR', 0),
('CUS_306', 'Jennifer Allen', 'JAllen93@yahoo.com', '599-009-6464', '************1622', 'BRA', 0),
('CUS_307', 'Mary Daniels', 'Mary_D@comcast.net', '356-149-7780', '************9366', 'PRT', 0),
('CUS_308', 'Katelyn Mendoza', 'Katelyn_Mendoza@outlook.com', '856-983-3492', '************2302', 'ESP', 0),
('CUS_309', 'Derrick Snyder', 'Snyder_Derrick@outlook.com', '661-734-9784', '************9139', 'PRT', 0),
('CUS_31', 'Reginald Cunningham', 'Reginald_C57@outlook.com', '800-249-2144', '************5699', 'PRT', 0),
('CUS_310', 'Thomas Watkins', 'Thomas_Watkins52@yandex.com', '382-722-2380', '************2430', 'GBR', 0),
('CUS_311', 'Timothy Pierce', 'Pierce_Timothy86@verizon.com', '912-002-7378', '************3201', 'PRT', 0),
('CUS_312', 'Gregory Green', 'Gregory_Green32@comcast.net', '191-347-7868', '************7236', 'PRT', 0),
('CUS_313', 'Taylor Gordon', 'TaylorGordon94@zoho.com', '458-613-5796', '************2456', 'GBR', 0),
('CUS_314', 'Adam Blackwell', 'Adam.B77@yahoo.com', '221-635-5515', '************8772', 'PRT', 0),
('CUS_315', 'Arthur Evans', 'Arthur_Evans@comcast.net', '771-489-6681', '************6974', 'GBR', 0),
('CUS_316', 'Hunter Adkins', 'Hunter_Adkins97@att.com', '378-088-8124', '************7836', 'ESP', 0),
('CUS_317', 'Kyle Brown', 'Kyle_Brown@verizon.com', '794-954-2976', '************3719', 'PRT', 0),
('CUS_318', 'Rebecca Pittman', 'Rebecca_P@yandex.com', '253-746-5468', '************3124', 'FRA', 0),
('CUS_319', 'Mrs. Peggy Martinez DVM', 'Mrs.DVM54@outlook.com', '388-997-8210', '************1232', 'PRT', 0),
('CUS_32', 'Willie Sims', 'Willie_S@yahoo.com', '790-830-7635', '************7682', 'IRL', 0),
('CUS_320', 'Rachel Dillon', 'Rachel_D@aol.com', '948-815-9694', '************7515', 'GBR', 0),
('CUS_321', 'Nancy White', 'NancyWhite@att.com', '463-553-9686', '************9376', 'GBR', 0),
('CUS_322', 'Jamie Ramirez', 'Ramirez_Jamie22@aol.com', '268-823-5667', '************7600', 'PRT', 0),
('CUS_323', 'Maxwell Adams', 'Adams_Maxwell@outlook.com', '748-235-2793', '************6352', 'GBR', 0),
('CUS_324', 'Donald Hamilton', 'DHamilton@zoho.com', '377-326-9224', '************9307', 'PRT', 0),
('CUS_325', 'Ronald Alvarez', 'Alvarez_Ronald@yandex.com', '712-213-1509', '************6596', 'BEL', 0),
('CUS_326', 'John Petersen', 'John_P@verizon.com', '863-704-8985', '************8778', 'ESP', 0),
('CUS_327', 'Samuel Nguyen', 'Samuel.Nguyen23@verizon.com', '621-145-7070', '************3557', 'FRA', 0),
('CUS_328', 'Justin Carter', 'JCarter47@mail.com', '184-296-7379', '************3146', 'ESP', 0),
('CUS_329', 'Ronald Donovan', 'RDonovan@verizon.com', '303-770-7261', '************3876', 'BEL', 0),
('CUS_33', 'Alex Brown', 'Alex.B@zoho.com', '956-737-1944', '************4084', 'PRT', 0),
('CUS_330', 'Jon Smith DDS', 'JonDDS@outlook.com', '776-802-7867', '************8481', 'ITA', 0),
('CUS_331', 'John Miller', 'JohnMiller90@gmail.com', '789-680-3015', '************9519', 'ESP', 0),
('CUS_332', 'Charles Taylor', 'Charles_Taylor@gmail.com', '726-694-8069', '************3793', 'PRT', 0),
('CUS_333', 'Bryan Phillips', 'Bryan.P@aol.com', '882-418-3762', '************7080', 'FRA', 0),
('CUS_334', 'Gregory Gilbert', 'GGilbert@yandex.com', '662-975-7938', '************9238', 'FIN', 0),
('CUS_335', 'Linda Henry', 'Henry.Linda@gmail.com', '563-683-3669', '************4859', 'CN', 0),
('CUS_336', 'Dominique Weber', 'Dominique.Weber@verizon.com', '164-956-4026', '************1008', 'ESP', 0),
('CUS_337', 'Brianna Sullivan', 'Brianna.S86@xfinity.com', '851-650-1614', '************4355', 'PRT', 0),
('CUS_338', 'Johnathan Richards', 'JohnathanRichards30@att.com', '518-499-7742', '************5562', 'IRL', 0),
('CUS_339', 'Jonathan Riley', 'Riley.Jonathan@mail.com', '487-119-8429', '************6312', 'ESP', 0),
('CUS_34', 'Virginia Holden', 'Virginia.H@aol.com', '734-480-9929', '************8469', 'PRT', 0),
('CUS_340', 'Brandon Villegas', 'Villegas_Brandon@xfinity.com', '187-274-2464', '************6654', 'ESP', 0),
('CUS_341', 'Jennifer Moody', 'Jennifer.Moody@att.com', '277-109-7026', '************4022', 'PRT', 0),
('CUS_342', 'Gary Boyle', 'Gary.B@yahoo.com', '382-657-4702', '************5163', 'PRT', 0),
('CUS_343', 'David Dyer', 'Dyer.David@yandex.com', '347-074-0787', '************2368', 'GBR', 0),
('CUS_344', 'Bryan Brown', 'BBrown@yahoo.com', '585-554-3149', '************3672', 'ESP', 0),
('CUS_345', 'Brittney West', 'Brittney_West@outlook.com', '806-751-8607', '************3613', 'ESP', 0),
('CUS_346', 'Robert Serrano', 'Serrano_Robert@outlook.com', '752-827-6726', '************7468', 'AUS', 0),
('CUS_347', 'James Palmer', 'James.Palmer54@hotmail.com', '137-613-1969', '************6871', 'ESP', 0),
('CUS_348', 'Shannon Wilcox', 'Shannon_W89@yandex.com', '325-997-9199', '************4597', 'ESP', 0),
('CUS_349', 'Connie Salas', 'Connie_Salas@gmail.com', '638-659-4851', '************5569', 'ESP', 0),
('CUS_35', 'John Smith', 'John_Smith@xfinity.com', '624-965-3392', '************6445', 'ESP', 0),
('CUS_350', 'Thomas Roberts', 'Roberts_Thomas@yandex.com', '227-794-2840', '************2939', 'ESP', 0),
('CUS_351', 'Brittany Duffy', 'Brittany.Duffy@zoho.com', '782-816-0311', '************9259', 'PRT', 0),
('CUS_352', 'Angela Morton', 'Morton_Angela@outlook.com', '584-590-9639', '************3462', 'PRT', 0),
('CUS_353', 'William Griffith', 'William.G@xfinity.com', '481-703-8839', '************9225', 'ESP', 0),
('CUS_354', 'Jamie Taylor', 'Jamie_Taylor79@yandex.com', '981-328-0807', '************4789', 'PRT', 0),
('CUS_355', 'Robert Frank', 'Robert.F@protonmail.com', '465-510-0664', '************7104', 'GBR', 0),
('CUS_356', 'Steven Simmons', 'Steven_S@aol.com', '581-745-9140', '************4271', 'PRT', 0),
('CUS_357', 'Julie White', 'Julie_White50@hotmail.com', '381-651-1368', '************2974', 'PRT', 0),
('CUS_358', 'Jennifer Weber', 'Jennifer.W@att.com', '794-880-6271', '************8207', 'PRT', 0),
('CUS_359', 'Carolyn Beck', 'Beck_Carolyn@protonmail.com', '598-293-8595', '************7246', 'GBR', 0),
('CUS_36', 'Jennifer Barton', 'JBarton@hotmail.com', '902-792-8048', '************2544', 'PRT', 0),
('CUS_360', 'Sylvia Boyd', 'Boyd.Sylvia@att.com', '266-879-6073', '************2859', 'USA', 0),
('CUS_361', 'Michelle Ortiz', 'Ortiz.Michelle21@att.com', '586-929-1413', '************9540', 'CHL', 0),
('CUS_362', 'Trevor Fernandez', 'Fernandez_Trevor@mail.com', '690-581-5651', '************1837', 'HRV', 0),
('CUS_363', 'Alyssa Hudson', 'AHudson38@yahoo.com', '859-275-7548', '************4018', 'ESP', 0),
('CUS_364', 'Karen Hall', 'Hall_Karen@verizon.com', '850-549-3313', '************1383', 'ESP', 0),
('CUS_365', 'Sharon Myers', 'Myers_Sharon30@yandex.com', '149-886-3307', '************1912', 'PRT', 0),
('CUS_366', 'Robert Stephens', 'RStephens84@gmail.com', '727-782-5654', '************9768', 'ESP', 0),
('CUS_367', 'Nancy Hopkins', 'Nancy.Hopkins12@xfinity.com', '264-155-0953', '************9000', 'ESP', 0),
('CUS_368', 'Francisco Stewart', 'Francisco_Stewart29@zoho.com', '123-766-7033', '************3247', 'PRT', 0),
('CUS_369', 'Heather Williams', 'Williams_Heather@xfinity.com', '785-370-5833', '************6851', 'ESP', 0),
('CUS_37', 'Richard Holt', 'Richard.Holt@hotmail.com', '517-420-6344', '************7544', 'PRT', 0),
('CUS_370', 'Amanda Mitchell', 'Amanda.Mitchell61@comcast.net', '713-709-5540', '************2002', 'PRT', 0),
('CUS_371', 'Evan Hardy', 'Evan.H@yahoo.com', '136-881-3126', '************3752', 'PRT', 0),
('CUS_372', 'Robert Turner', 'Robert.T@aol.com', '110-275-5378', '************6969', 'PRT', 0),
('CUS_373', 'Mrs. Christina Nelson', 'Mrs..Nelson@verizon.com', '136-575-6278', '************4482', 'PRT', 0),
('CUS_374', 'Kevin Woods', 'Woods_Kevin@mail.com', '378-795-3937', '************2958', 'PRT', 0),
('CUS_375', 'Joy Floyd', 'JFloyd@zoho.com', '249-455-8426', '************2348', 'ESP', 0),
('CUS_376', 'Kelly Perry', 'Kelly.P@gmail.com', '699-853-9224', '************8540', 'GBR', 0),
('CUS_377', 'Teresa Chen', 'Teresa_C60@gmail.com', '660-589-7220', '************6655', 'ARG', 0),
('CUS_378', 'Christopher Harris', 'ChristopherHarris@zoho.com', '576-666-3971', '************1551', 'IRL', 0),
('CUS_379', 'Lauren Charles', 'Charles.Lauren@xfinity.com', '850-177-8078', '************1544', 'IRL', 0),
('CUS_38', 'Amy Green', 'Amy.Green56@gmail.com', '858-208-4589', '************3073', 'ROU', 0),
('CUS_380', 'Tamara Anthony', 'TamaraAnthony@yahoo.com', '749-418-8389', '************7164', 'ESP', 0),
('CUS_381', 'Brandi Vaughan', 'Vaughan_Brandi@aol.com', '559-736-7939', '************3485', 'PRT', 0),
('CUS_382', 'Keith Robles', 'Keith_R@zoho.com', '957-490-1927', '************6203', 'PRT', 0),
('CUS_383', 'Jeffrey Ray', 'Jeffrey.Ray@comcast.net', '807-493-5738', '************4277', 'CN', 0),
('CUS_384', 'Christopher Goodman', 'Goodman.Christopher@aol.com', '528-431-7347', '************5873', 'PRT', 0),
('CUS_385', 'Mr. Edwin Elliott Jr.', 'Jr..Mr.89@comcast.net', '874-123-8993', '************1029', 'PRT', 0),
('CUS_386', 'Shannon Baker', 'Shannon_Baker@mail.com', '449-410-1074', '************4546', 'ESP', 0),
('CUS_387', 'Angela Vaughn', 'Angela.V@zoho.com', '707-549-8932', '************3486', 'BRA', 0),
('CUS_388', 'David Holmes', 'Holmes_David@mail.com', '353-272-2077', '************3246', 'USA', 0),
('CUS_389', 'Douglas Parks', 'Parks.Douglas@hotmail.com', '339-225-2080', '************1953', 'USA', 0),
('CUS_39', 'Kimberly Perez', 'Perez.Kimberly84@hotmail.com', '320-615-3590', '************4653', 'PRT', 0),
('CUS_390', 'Johnathan Edwards', 'Johnathan.E59@mail.com', '986-058-5171', '************2036', 'GBR', 0),
('CUS_391', 'Benjamin Miller', 'Benjamin.Miller@yandex.com', '360-059-3203', '************9668', 'PRT', 0),
('CUS_392', 'Natasha Collins', 'NatashaCollins@gmail.com', '630-924-8715', '************1020', 'BEL', 0),
('CUS_393', 'Robert Melendez', 'Robert.M@hotmail.com', '561-330-3052', '************5722', 'CN', 0),
('CUS_394', 'Robert Little', 'Robert.Little26@aol.com', '968-660-7027', '************1786', 'IRL', 0),
('CUS_395', 'Jeremy Tran', 'Jeremy_T@att.com', '277-361-5428', '************5762', 'POL', 0),
('CUS_396', 'Alexa Ortiz', 'AOrtiz@outlook.com', '584-336-3899', '************9187', 'GBR', 0),
('CUS_397', 'Monica Freeman', 'Freeman_Monica@hotmail.com', '253-772-2754', '************3941', 'BEL', 0),
('CUS_398', 'Peggy Foster', 'PFoster42@mail.com', '936-261-6543', '************8839', 'PRT', 0),
('CUS_399', 'Tracey Wallace', 'Tracey.Wallace@protonmail.com', '255-661-7012', '************6213', 'BEL', 0),
('CUS_4', 'Jasmine Fletcher', 'JFletcher43@xfinity.com', '190-271-6743', '************9263', 'GBR', 0),
('CUS_40', 'Carly Armstrong', 'CArmstrong@mail.com', '521-784-3601', '************7391', 'IRL', 0),
('CUS_400', 'Keith Blair', 'Keith_B@mail.com', '726-531-5882', '************9447', 'GBR', 0),
('CUS_401', 'Terry Anderson', 'Anderson.Terry@verizon.com', '475-620-6289', '************4673', 'PRT', 0),
('CUS_402', 'Jamie Schneider', 'Jamie_Schneider80@xfinity.com', '994-338-5421', '************7457', 'IRL', 0),
('CUS_403', 'Mr. Joseph Johnson', 'Mr._Johnson95@xfinity.com', '837-615-5593', '************5281', 'GBR', 0),
('CUS_404', 'Ryan Hanson', 'Ryan.Hanson@yahoo.com', '825-509-3233', '************3314', 'GBR', 0),
('CUS_405', 'Robert Murray', 'Robert_Murray28@yahoo.com', '131-829-0231', '************5320', 'GBR', 0),
('CUS_406', 'Michael Johnson', 'Johnson_Michael42@mail.com', '809-868-1121', '************1870', 'GBR', 0),
('CUS_407', 'Dustin Cook', 'Dustin_C89@att.com', '508-690-0228', '************8694', 'GBR', 0),
('CUS_408', 'Tammy Ford', 'Tammy.F@comcast.net', '994-546-3232', '************8794', 'GBR', 0),
('CUS_409', 'Alisha Reyes', 'AlishaReyes95@aol.com', '578-510-1772', '************7447', 'GBR', 0),
('CUS_41', 'Scott Hammond', 'ScottHammond41@verizon.com', '632-108-8350', '************4823', 'ESP', 0),
('CUS_410', 'Douglas Gentry', 'Gentry_Douglas27@hotmail.com', '534-376-4790', '************1846', 'GBR', 0),
('CUS_411', 'Robert Green', 'RobertGreen@zoho.com', '904-454-0913', '************4189', 'GBR', 0),
('CUS_412', 'Janet Clark MD', 'Janet_MD@zoho.com', '359-585-5844', '************7607', 'ITA', 0),
('CUS_413', 'Autumn Gomez', 'Autumn_Gomez@xfinity.com', '354-120-4587', '************2511', 'GBR', 0),
('CUS_414', 'Kenneth Wu', 'KennethWu@verizon.com', '544-015-7342', '************8248', 'GBR', 0),
('CUS_415', 'Maurice Rodriguez', 'MRodriguez@zoho.com', '794-269-4610', '************6225', 'GBR', 0),
('CUS_416', 'Debra Shelton', 'Shelton.Debra@verizon.com', '775-031-5204', '************7448', 'GBR', 0),
('CUS_417', 'Margaret Wagner', 'Margaret.W@xfinity.com', '215-103-0547', '************7646', 'PRT', 0),
('CUS_418', 'Timothy Mcintyre', 'Timothy_Mcintyre44@mail.com', '552-203-2262', '************3825', 'PRT', 0),
('CUS_419', 'Amanda Hurley', 'Amanda.Hurley@protonmail.com', '301-179-7157', '************4681', 'EST', 0),
('CUS_42', 'Debra Fuller', 'Debra.Fuller@protonmail.com', '229-134-3710', '************3550', 'ROU', 0),
('CUS_420', 'Nicole Davis', 'Davis_Nicole@comcast.net', '948-124-5265', '************5624', 'PRT', 0),
('CUS_421', 'James Edwards', 'JamesEdwards@outlook.com', '714-221-0080', '************3233', 'PRT', 0),
('CUS_422', 'Alice Gonzalez', 'Alice.G84@hotmail.com', '749-390-0208', '************9802', 'PRT', 0),
('CUS_423', 'Roger Holland', 'Holland.Roger@protonmail.com', '844-286-2596', '************3521', 'ESP', 0),
('CUS_424', 'Michael Henry', 'MichaelHenry@yandex.com', '478-111-9177', '************5209', 'PRT', 0),
('CUS_425', 'Tony Diaz', 'Tony.D@verizon.com', '336-756-3151', '************1345', 'LUX', 0),
('CUS_426', 'Debbie Cohen', 'Debbie.Cohen42@aol.com', '320-566-0095', '************5035', 'PRT', 0),
('CUS_427', 'Shelby Robbins', 'SRobbins@verizon.com', '796-219-9574', '************4242', 'PRT', 0),
('CUS_428', 'Ashley King', 'King_Ashley@zoho.com', '688-794-7613', '************6159', 'CN', 0),
('CUS_429', 'James Martinez', 'Martinez_James12@att.com', '655-336-4450', '************7086', 'CN', 0),
('CUS_43', 'Rachel Davis', 'RachelDavis@mail.com', '549-261-2558', '************2810', 'PRT', 0),
('CUS_430', 'Daniel Walker', 'Daniel.W@zoho.com', '501-060-6458', '************1629', 'RUS', 0),
('CUS_431', 'Richard Barker', 'Richard.B@hotmail.com', '850-550-6757', '************1947', 'PRT', 0),
('CUS_432', 'Timothy Thomas', 'Timothy.T@comcast.net', '510-982-8512', '************8467', 'PRT', 0),
('CUS_433', 'Emily Baker', 'Emily_B@zoho.com', '126-596-6129', '************3734', 'CHE', 0),
('CUS_434', 'Mr. Kyle Hudson', 'Hudson.Mr.@mail.com', '371-926-4675', '************6591', 'CHE', 0),
('CUS_435', 'Corey Klein', 'Klein.Corey@protonmail.com', '308-613-1067', '************6493', 'CHE', 0),
('CUS_436', 'Jonathan Oneill', 'Jonathan_Oneill@yandex.com', '483-181-6197', '************3546', 'CHE', 0),
('CUS_437', 'Douglas Wade', 'Wade.Douglas@xfinity.com', '544-306-0393', '************9475', 'ESP', 0),
('CUS_438', 'Brian Reed', 'Brian_R@aol.com', '292-181-3173', '************4151', 'PRT', 0),
('CUS_439', 'Richard Klein', 'Richard_Klein@aol.com', '140-082-7774', '************8833', 'ESP', 0),
('CUS_44', 'Michael Mccormick', 'Mccormick.Michael19@aol.com', '380-830-9585', '************2950', 'PRT', 0),
('CUS_440', 'James Nelson', 'James_Nelson@hotmail.com', '496-870-4947', '************1181', 'GBR', 0);
INSERT INTO `customer` (`customer_id`, `name`, `email`, `phone_number`, `credit_card`, `country_id`, `is_repeated_guest`) VALUES
('CUS_441', 'Stephanie Gilbert', 'StephanieGilbert87@yahoo.com', '294-431-9243', '************9125', 'PRT', 0),
('CUS_442', 'Wayne Strickland', 'Strickland_Wayne84@yandex.com', '631-841-8633', '************4968', 'PRT', 0),
('CUS_443', 'Kenneth Alvarez', 'Alvarez.Kenneth@yahoo.com', '443-493-9489', '************6925', 'PRT', 0),
('CUS_444', 'Emily Foster', 'Foster_Emily@xfinity.com', '720-221-8110', '************6011', 'CHE', 0),
('CUS_445', 'Travis Matthews', 'Travis.Matthews@protonmail.com', '459-646-3113', '************8032', 'GBR', 0),
('CUS_446', 'Cody Garcia', 'Cody_Garcia46@comcast.net', '909-435-7010', '************2526', 'FRA', 0),
('CUS_447', 'Melinda Warren', 'MelindaWarren@gmail.com', '731-219-2154', '************8723', 'ESP', 0),
('CUS_448', 'Janet Rich', 'Janet_R47@comcast.net', '535-854-1251', '************1516', 'ESP', 0),
('CUS_449', 'Eric Tucker', 'Eric_Tucker75@outlook.com', '899-586-7307', '************1954', 'PRT', 0),
('CUS_45', 'Ann Sullivan', 'AnnSullivan@att.com', '947-577-3720', '************4782', 'ESP', 0),
('CUS_450', 'Daniel Mills', 'Daniel_M@zoho.com', '646-211-7318', '************1027', 'IRL', 0),
('CUS_451', 'Christopher Chapman', 'Christopher_Chapman@comcast.net', '832-999-2815', '************1379', 'GBR', 0),
('CUS_452', 'Leslie Rosales', 'Rosales.Leslie98@protonmail.com', '445-411-1882', '************1435', 'ESP', 0),
('CUS_453', 'Blake Glover', 'Blake_G@outlook.com', '899-131-5893', '************3589', 'MAR', 0),
('CUS_454', 'Dawn Jenkins', 'Jenkins_Dawn@gmail.com', '550-656-2821', '************3964', 'SVK', 0),
('CUS_455', 'Joseph Johnson', 'Joseph.Johnson75@protonmail.com', '465-276-1441', '************7352', 'GBR', 0),
('CUS_456', 'Brooke Fisher', 'Fisher_Brooke49@comcast.net', '914-933-3851', '************9840', 'ESP', 0),
('CUS_457', 'Kimberly Moss', 'Kimberly_M@hotmail.com', '362-977-7407', '************2127', 'CN', 0),
('CUS_458', 'Carol Smith', 'Smith.Carol38@verizon.com', '931-236-3325', '************3583', 'PRT', 0),
('CUS_459', 'Joseph Jones', 'Joseph.J87@yahoo.com', '699-796-4683', '************8720', 'GBR', 0),
('CUS_46', 'Rachel Wallace', 'Rachel_W79@xfinity.com', '870-988-2775', '************1133', 'NOR', 0),
('CUS_460', 'Melissa Johnson', 'Johnson.Melissa@xfinity.com', '310-947-4705', '************1433', 'PRT', 0),
('CUS_461', 'John Matthews', 'Matthews_John@mail.com', '590-015-2833', '************4608', 'PRT', 0),
('CUS_462', 'Brian Howard', 'Brian_Howard@gmail.com', '562-848-4489', '************1698', 'PRT', 0),
('CUS_463', 'Erica Wyatt', 'Wyatt.Erica85@yandex.com', '996-732-7442', '************4878', 'PRT', 0),
('CUS_464', 'Patricia Barton', 'Patricia_B@hotmail.com', '315-772-0716', '************8327', 'PRT', 0),
('CUS_465', 'Robert Myers', 'Myers.Robert30@mail.com', '892-112-5306', '************8228', 'ESP', 0),
('CUS_466', 'Daniel Mendoza', 'DMendoza@protonmail.com', '149-654-6704', '************9448', 'PRT', 0),
('CUS_467', 'Tommy Jones', 'TommyJones@yandex.com', '714-233-4535', '************6737', 'PRT', 0),
('CUS_468', 'Sierra Butler', 'Butler_Sierra@aol.com', '153-323-0603', '************2170', 'ESP', 0),
('CUS_469', 'Sheila Winters', 'Sheila_W@protonmail.com', '152-380-2373', '************9350', 'CHE', 0),
('CUS_47', 'Carla Ferguson', 'Carla_Ferguson@att.com', '724-910-8709', '************8339', 'GBR', 0),
('CUS_470', 'Steven Turner', 'Turner_Steven@hotmail.com', '977-516-7904', '************6337', 'BGR', 0),
('CUS_471', 'Kristin Grant', 'KristinGrant79@xfinity.com', '551-978-4035', '************8703', 'PRT', 0),
('CUS_472', 'Mikayla Cole', 'Mikayla.Cole@protonmail.com', '539-180-4934', '************6064', 'PRT', 0),
('CUS_473', 'Jillian Huff', 'Huff_Jillian@yandex.com', '462-273-3277', '************4095', 'BEL', 0),
('CUS_474', 'Michael Frank', 'Michael.F97@verizon.com', '223-861-2889', '************3000', 'PRT', 0),
('CUS_475', 'Laura Kelly', 'Laura_K31@gmail.com', '176-965-2605', '************8365', 'GBR', 0),
('CUS_476', 'Raymond Graham', 'RaymondGraham@att.com', '947-388-0081', '************7994', 'GBR', 0),
('CUS_477', 'Kent Ramirez', 'KRamirez@xfinity.com', '617-186-1783', '************4189', 'IRL', 0),
('CUS_478', 'Teresa Edwards', 'TEdwards@xfinity.com', '912-871-7412', '************6240', 'PRT', 0),
('CUS_479', 'Alexis Owens', 'Owens.Alexis@outlook.com', '690-113-0630', '************1019', 'PRT', 0),
('CUS_48', 'Greg Hardin', 'Hardin_Greg@gmail.com', '488-646-3204', '************1449', 'IRL', 0),
('CUS_480', 'Brian Hunter', 'Brian.H@outlook.com', '332-840-3754', '************7752', 'PRT', 0),
('CUS_481', 'Matthew Anderson', 'Anderson_Matthew@mail.com', '910-207-0651', '************1904', 'GBR', 0),
('CUS_482', 'Henry Wells', 'Henry.W@zoho.com', '437-368-0659', '************9290', 'PRT', 0),
('CUS_483', 'Mandy Davis', 'Davis_Mandy@verizon.com', '587-965-3359', '************1648', 'IRL', 0),
('CUS_484', 'Michael Roth', 'Roth.Michael63@protonmail.com', '630-100-7538', '************1973', 'PRT', 0),
('CUS_485', 'Michelle Marsh', 'Michelle_M38@mail.com', '782-559-5781', '************8383', 'PRT', 0),
('CUS_486', 'Courtney Vasquez', 'CourtneyVasquez@gmail.com', '961-430-5615', '************7447', 'ROU', 0),
('CUS_487', 'Rebecca Hodges', 'Rebecca_H@verizon.com', '751-727-8381', '************5029', 'PRT', 0),
('CUS_488', 'Bradley Bishop', 'Bishop_Bradley@hotmail.com', '600-262-7564', '************8352', 'GBR', 0),
('CUS_489', 'Kathleen Barr', 'Kathleen.Barr29@mail.com', '754-873-8216', '************2247', 'GBR', 0),
('CUS_49', 'Rachel Ho', 'Ho_Rachel74@aol.com', '338-173-6502', '************4642', 'NOR', 0),
('CUS_490', 'George Coleman', 'Coleman_George@hotmail.com', '464-899-1313', '************5728', 'GBR', 0),
('CUS_491', 'Shane Davidson', 'Shane.D@zoho.com', '208-354-5336', '************8009', 'ESP', 0),
('CUS_492', 'Stacy Smith', 'StacySmith@yahoo.com', '932-570-5219', '************1168', 'GBR', 0),
('CUS_493', 'Dawn Miller', 'Miller.Dawn@att.com', '274-191-6801', '************1870', 'ESP', 0),
('CUS_494', 'Gene Lutz', 'Gene_Lutz@protonmail.com', '363-655-9865', '************1824', 'DEU', 0),
('CUS_495', 'Evelyn Young', 'Evelyn_Y@aol.com', '431-227-9621', '************1585', 'GBR', 0),
('CUS_496', 'Christine James', 'ChristineJames47@hotmail.com', '395-068-6725', '************3901', 'GBR', 0),
('CUS_497', 'Timothy Branch', 'Timothy_Branch@att.com', '459-694-5961', '************6205', 'ESP', 0),
('CUS_498', 'Gloria Perez', 'GloriaPerez@gmail.com', '137-369-8383', '************7413', 'GBR', 0),
('CUS_499', 'Dominique Campbell', 'Dominique.Campbell@yandex.com', '278-741-7165', '************6313', 'PRT', 0),
('CUS_5', 'Dylan Rangel', 'Rangel.Dylan@comcast.net', '420-332-5209', '************6994', 'PRT', 0),
('CUS_50', 'Elizabeth Joseph', 'Joseph_Elizabeth@yandex.com', '625-613-9890', '************5898', 'IRL', 0),
('CUS_500', 'Adam Pena', 'Adam_Pena@outlook.com', '373-233-0484', '************6165', 'IRL', 0),
('CUS_501', 'Thomas Murray', 'Murray_Thomas68@aol.com', '733-695-6975', '************8298', 'CHE', 0),
('CUS_502', 'David Garza', 'Garza.David@comcast.net', '935-857-2908', '************4197', 'BEL', 0),
('CUS_503', 'Michael Preston DVM', 'DVM_Michael@gmail.com', '314-555-2127', '************3609', 'GBR', 0),
('CUS_504', 'Julie Jones', 'Julie.Jones41@verizon.com', '128-278-9274', '************9982', 'GBR', 0),
('CUS_505', 'Teresa Reynolds', 'Teresa_Reynolds@xfinity.com', '766-036-2300', '************1246', 'GBR', 0),
('CUS_506', 'Elizabeth Lewis', 'Lewis.Elizabeth@mail.com', '108-217-1739', '************6652', 'ESP', 0),
('CUS_507', 'Gregory Guerrero', 'Gregory_G93@gmail.com', '382-194-9183', '************5306', 'GBR', 0),
('CUS_508', 'Toni Lee', 'TLee@gmail.com', '669-578-1456', '************4584', 'GBR', 0),
('CUS_509', 'Rachel Taylor', 'Taylor_Rachel@mail.com', '696-970-0775', '************8787', 'IRL', 0),
('CUS_51', 'Stephen Brown', 'Stephen.Brown@att.com', '154-115-9953', '************6842', 'OMN', 0),
('CUS_510', 'Gary Lopez', 'Lopez_Gary@xfinity.com', '968-516-8267', '************6441', 'ITA', 0),
('CUS_511', 'Darren Barnes', 'DarrenBarnes@verizon.com', '486-420-7153', '************9801', 'PRT', 0),
('CUS_512', 'Cody Sanchez', 'CodySanchez57@mail.com', '640-616-0333', '************4486', 'ROU', 0),
('CUS_513', 'Patrick Fisher', 'Fisher_Patrick@zoho.com', '894-463-1480', '************4329', 'ROU', 0),
('CUS_514', 'Ariel Chung', 'ArielChung@xfinity.com', '869-932-7511', '************9829', 'ROU', 0),
('CUS_515', 'Alicia Stone', 'AliciaStone34@outlook.com', '929-804-6621', '************4925', 'GBR', 0),
('CUS_516', 'Aaron Clarke', 'Clarke_Aaron@hotmail.com', '123-756-1958', '************7479', 'GBR', 0),
('CUS_517', 'Gary Peterson', 'Gary.P@outlook.com', '187-784-1874', '************1536', 'GBR', 0),
('CUS_518', 'Jermaine Wagner', 'Jermaine_W@verizon.com', '366-270-1595', '************5083', 'PRT', 0),
('CUS_519', 'Amanda Calhoun', 'AmandaCalhoun@comcast.net', '640-018-1431', '************8389', 'GBR', 0),
('CUS_52', 'Scott Ward', 'Scott_Ward11@hotmail.com', '463-281-5751', '************2726', 'ESP', 0),
('CUS_520', 'Melissa Anderson', 'Anderson.Melissa@xfinity.com', '911-961-6442', '************9945', 'DEU', 0),
('CUS_521', 'Christian Hill', 'ChristianHill@yahoo.com', '232-242-5535', '************5287', 'GBR', 0),
('CUS_522', 'Melissa Whitaker', 'Melissa.W@yahoo.com', '982-161-0819', '************3907', 'GBR', 0),
('CUS_523', 'Katie May', 'Katie.May@xfinity.com', '946-213-9255', '************6534', 'GBR', 0),
('CUS_524', 'Tabitha Rodriguez', 'Rodriguez.Tabitha55@comcast.net', '701-123-1082', '************5265', 'IRL', 0),
('CUS_525', 'James Johnson', 'JJohnson@protonmail.com', '320-813-0751', '************7556', 'PRT', 0),
('CUS_526', 'Jacqueline Hancock', 'Jacqueline.H41@aol.com', '929-663-5932', '************7539', 'PRT', 0),
('CUS_527', 'Mary Green', 'MGreen@verizon.com', '790-595-6055', '************7905', 'PRT', 0),
('CUS_528', 'Joseph Merritt', 'Joseph_M@protonmail.com', '138-084-9898', '************8492', 'PRT', 0),
('CUS_529', 'Ryan Michael', 'Ryan_Michael@xfinity.com', '161-973-0137', '************9832', 'IRL', 0),
('CUS_53', 'Derrick Bailey', 'Derrick_Bailey@protonmail.com', '709-066-0652', '************6401', 'ARG', 0),
('CUS_530', 'Brandy Bell', 'BBell@yahoo.com', '358-423-9338', '************7275', 'PRT', 0),
('CUS_531', 'Johnny Pruitt', 'JohnnyPruitt@yahoo.com', '500-672-5839', '************9124', 'IRL', 0),
('CUS_532', 'Robin Peterson', 'RobinPeterson@protonmail.com', '361-301-0864', '************5131', 'BEL', 0),
('CUS_533', 'Hayley Mann', 'Mann.Hayley@hotmail.com', '916-124-1288', '************7875', 'GBR', 0),
('CUS_534', 'Jeffrey Ali', 'Jeffrey_A@outlook.com', '353-092-3721', '************4287', 'GBR', 0),
('CUS_535', 'Joseph Cortez', 'JCortez@protonmail.com', '822-284-6415', '************3840', 'GBR', 0),
('CUS_536', 'Valerie Martin', 'VMartin@verizon.com', '100-679-4801', '************5642', 'GBR', 0),
('CUS_537', 'Samuel Cox', 'Samuel.Cox@aol.com', '939-031-1795', '************2441', 'GBR', 0),
('CUS_538', 'Jessica Herring', 'Herring.Jessica@outlook.com', '597-290-3759', '************1602', 'GBR', 0),
('CUS_539', 'Ashley Marshall', 'Marshall_Ashley70@gmail.com', '334-095-0063', '************6838', 'GBR', 0),
('CUS_54', 'Jessica Cole', 'Jessica_Cole@yahoo.com', '179-191-0924', '************3609', 'ESP', 0),
('CUS_540', 'Meagan Winters', 'MeaganWinters@outlook.com', '345-434-8091', '************3772', 'GBR', 0),
('CUS_541', 'Derek Osborne', 'Osborne_Derek13@xfinity.com', '593-075-2261', '************1464', 'GBR', 0),
('CUS_542', 'Abigail White', 'White_Abigail@yandex.com', '836-568-2271', '************8162', 'ITA', 0),
('CUS_543', 'David Short', 'DShort@att.com', '513-143-0121', '************7788', 'CN', 0),
('CUS_544', 'Robert Hall', 'Robert.Hall@outlook.com', '556-079-5332', '************4042', 'GBR', 0),
('CUS_545', 'Christine Cruz', 'CCruz@yandex.com', '390-739-0786', '************4609', 'CN', 0),
('CUS_546', 'Jose Martin', 'Jose.M18@yahoo.com', '963-106-3049', '************3120', 'GBR', 0),
('CUS_547', 'Karen Miller', 'Karen_M74@yahoo.com', '757-305-6073', '************2679', 'IRL', 0),
('CUS_548', 'Matthew Hubbard', 'Hubbard.Matthew@gmail.com', '183-978-5308', '************1295', 'DEU', 0),
('CUS_549', 'Nancy Gibbs', 'Gibbs.Nancy15@att.com', '195-845-0397', '************9890', 'GBR', 0),
('CUS_55', 'Reginald Russo', 'Russo.Reginald65@comcast.net', '765-624-6051', '************1221', 'PRT', 0),
('CUS_550', 'Edward Jones', 'Edward_Jones@att.com', '360-964-8053', '************8346', 'ESP', 0),
('CUS_551', 'James Dickson', 'James.Dickson@gmail.com', '314-368-9498', '************1834', 'GBR', 0),
('CUS_552', 'Joseph Conway', 'Conway_Joseph@yandex.com', '470-508-7658', '************8132', 'PRT', 0),
('CUS_553', 'David Price', 'David_Price@yandex.com', '256-354-6142', '************3666', 'NLD', 0),
('CUS_554', 'Ronald Wallace', 'Ronald_Wallace@protonmail.com', '909-702-4580', '************6357', 'GBR', 0),
('CUS_555', 'Michael Price', 'MPrice@mail.com', '852-735-1022', '************2105', 'GBR', 0),
('CUS_556', 'Charles Potter', 'Potter.Charles@protonmail.com', '395-167-7224', '************7069', 'IRL', 0),
('CUS_557', 'Willie Hamilton', 'Hamilton_Willie@mail.com', '172-436-4780', '************5145', 'GBR', 0),
('CUS_558', 'Carrie Walker', 'Carrie_Walker@yahoo.com', '141-149-4764', '************9816', 'IRL', 0),
('CUS_559', 'Joshua Small', 'Joshua_Small@aol.com', '769-653-1129', '************7686', 'IRL', 0),
('CUS_56', 'William Sanchez', 'William.Sanchez@mail.com', '120-215-7905', '************2923', 'PRT', 0),
('CUS_560', 'Michele Hanson', 'MHanson@yahoo.com', '670-269-4799', '************8961', 'GBR', 0),
('CUS_561', 'David Smith', 'David_Smith@mail.com', '422-842-8212', '************4918', 'DEU', 0),
('CUS_562', 'Sarah Scott', 'SScott88@aol.com', '443-817-6604', '************7979', 'PRT', 0),
('CUS_563', 'Christine Ramos', 'Ramos.Christine@aol.com', '520-859-0884', '************8735', 'PRT', 0),
('CUS_564', 'Tyler Campbell', 'Tyler_C12@aol.com', '574-762-5737', '************6895', 'PRT', 0),
('CUS_565', 'Shannon Harris', 'SHarris@outlook.com', '926-067-1832', '************5329', 'PRT', 0),
('CUS_566', 'Christopher Young', 'Christopher.Young@comcast.net', '618-993-8895', '************5683', 'PRT', 0),
('CUS_567', 'Denise Ruiz', 'Ruiz_Denise@yahoo.com', '191-929-8862', '************4727', 'PRT', 0),
('CUS_568', 'Amy Nichols', 'Nichols.Amy@comcast.net', '396-787-9724', '************7291', 'PRT', 0),
('CUS_569', 'Matthew Weaver', 'Weaver.Matthew@yahoo.com', '191-392-8132', '************6307', 'PRT', 0),
('CUS_57', 'Diane Rose', 'Diane.Rose@protonmail.com', '362-196-5800', '************7251', 'PRT', 0),
('CUS_570', 'Jennifer Holmes', 'JHolmes@protonmail.com', '742-431-3787', '************6232', 'PRT', 0),
('CUS_571', 'Michelle Gill', 'MGill17@mail.com', '768-599-1116', '************9924', 'PRT', 0),
('CUS_572', 'Mallory Pugh', 'MalloryPugh18@mail.com', '574-590-3581', '************6898', 'PRT', 0),
('CUS_573', 'Edward Jones', 'EJones@zoho.com', '567-760-4075', '************2735', 'PRT', 0),
('CUS_574', 'Kimberly Bates', 'KBates35@att.com', '823-421-7841', '************3074', 'PRT', 0),
('CUS_575', 'Matthew Cruz', 'MCruz@mail.com', '200-607-2852', '************1312', 'PRT', 0),
('CUS_576', 'Kelsey Miranda', 'Miranda.Kelsey@xfinity.com', '212-543-6513', '************3338', 'PRT', 0),
('CUS_577', 'Austin Harmon', 'AustinHarmon@comcast.net', '868-269-8322', '************6491', 'PRT', 0),
('CUS_578', 'Sharon Mason', 'Mason.Sharon@hotmail.com', '272-866-9342', '************9236', 'PRT', 0),
('CUS_579', 'Kathryn Olson', 'Kathryn.Olson64@protonmail.com', '389-311-5679', '************3777', 'PRT', 0),
('CUS_58', 'Nathan Smith', 'Nathan_Smith@comcast.net', '689-649-9029', '************4556', 'USA', 0),
('CUS_580', 'Jeffrey Miles', 'Jeffrey.M@gmail.com', '708-038-8626', '************8015', 'PRT', 0),
('CUS_581', 'Beverly Hanna', 'Beverly.Hanna64@hotmail.com', '586-898-1340', '************9121', 'PRT', 0),
('CUS_582', 'David Washington', 'David_W@gmail.com', '721-070-5823', '************3568', 'PRT', 0),
('CUS_583', 'Caitlin Bradshaw', 'Bradshaw.Caitlin56@outlook.com', '335-474-2952', '************3048', 'PRT', 0),
('CUS_584', 'Kendra Davis', 'Kendra_D@yahoo.com', '978-340-8056', '************6142', 'PRT', 0),
('CUS_585', 'Tiffany Smith DDS', 'Tiffany_DDS@mail.com', '325-111-5805', '************7069', 'PRT', 0),
('CUS_586', 'Carlos Clayton', 'CarlosClayton@gmail.com', '682-057-0743', '************3891', 'PRT', 0),
('CUS_587', 'Robin Brown', 'Brown.Robin@verizon.com', '877-570-7914', '************4791', 'PRT', 0),
('CUS_588', 'William Richardson', 'William_Richardson@gmail.com', '271-831-2335', '************4046', 'PRT', 0),
('CUS_589', 'Richard Rogers', 'Rogers_Richard@mail.com', '304-160-9961', '************1436', 'PRT', 0),
('CUS_59', 'Andrew Bullock', 'AndrewBullock17@hotmail.com', '674-443-2397', '************4571', 'PRT', 0),
('CUS_590', 'James Rivera', 'James_Rivera94@yahoo.com', '735-088-3322', '************3001', 'PRT', 0),
('CUS_591', 'Sarah Best', 'Best.Sarah@aol.com', '344-275-7799', '************5697', 'PRT', 0),
('CUS_592', 'John Fitzgerald', 'John_F@outlook.com', '481-467-7930', '************5508', 'PRT', 0),
('CUS_593', 'Jasmine Williams', 'Jasmine_Williams23@gmail.com', '875-041-9630', '************9059', 'PRT', 0),
('CUS_594', 'Cheryl Zuniga DVM', 'Cheryl_D@verizon.com', '898-229-3675', '************9564', 'PRT', 0),
('CUS_595', 'Bradley Watson', 'BWatson@att.com', '150-630-3540', '************8245', 'PRT', 0),
('CUS_596', 'Steven Hughes', 'StevenHughes@xfinity.com', '915-683-5864', '************4284', 'PRT', 0),
('CUS_597', 'Michael Mitchell', 'Michael.M@comcast.net', '366-579-1038', '************9573', 'PRT', 0),
('CUS_598', 'Anna Ramos', 'Ramos_Anna@att.com', '284-162-0783', '************4912', 'PRT', 0),
('CUS_599', 'Melissa Winters', 'MWinters@xfinity.com', '239-370-8560', '************5683', 'PRT', 0),
('CUS_6', 'William Velez', 'Velez_William@mail.com', '286-669-4333', '************8729', 'PRT', 0),
('CUS_60', 'Nancy Mccormick', 'Nancy.M@protonmail.com', '199-421-8585', '************7707', 'IRL', 0),
('CUS_600', 'Brittany Sanchez', 'Brittany_Sanchez@protonmail.com', '971-784-9190', '************3002', 'PRT', 0),
('CUS_601', 'John Wise', 'JohnWise@att.com', '500-892-3024', '************9269', 'PRT', 0),
('CUS_602', 'Stephanie Thompson', 'SThompson97@comcast.net', '844-418-3442', '************3965', 'PRT', 0),
('CUS_603', 'Paul Johnson', 'Johnson.Paul@mail.com', '284-131-4064', '************9914', 'PRT', 0),
('CUS_604', 'Benjamin Tanner', 'BTanner@zoho.com', '718-292-2544', '************4200', 'PRT', 0),
('CUS_605', 'Tiffany Fowler', 'Tiffany_Fowler44@zoho.com', '892-841-1811', '************5314', 'PRT', 0),
('CUS_606', 'Jordan Scott', 'Jordan.Scott52@protonmail.com', '257-438-3591', '************8017', 'ITA', 0),
('CUS_607', 'Kimberly Harrison', 'KimberlyHarrison@verizon.com', '912-956-5938', '************8323', 'PRT', 0),
('CUS_608', 'Bradley Gallegos', 'Bradley.G23@comcast.net', '844-214-7467', '************4924', 'PRT', 0),
('CUS_609', 'Stefanie Hansen', 'Stefanie.H@mail.com', '190-695-4475', '************5378', 'PRT', 0),
('CUS_61', 'Barbara Cole', 'Barbara.Cole@hotmail.com', '152-786-1085', '************6762', 'ESP', 0),
('CUS_610', 'Robert Rojas', 'Robert_Rojas@protonmail.com', '296-909-1112', '************9241', 'PRT', 0),
('CUS_611', 'Patricia Weaver', 'Patricia_W@zoho.com', '593-416-5173', '************1689', 'PRT', 0),
('CUS_612', 'Stephanie Wilson', 'Stephanie_W@outlook.com', '669-554-4648', '************4132', 'ITA', 0),
('CUS_613', 'Taylor Marks', 'TaylorMarks@verizon.com', '632-117-7232', '************9800', 'ITA', 0),
('CUS_614', 'Laura Morrow', 'Laura.M@verizon.com', '114-031-3424', '************5586', 'PRT', 0),
('CUS_615', 'James Drake', 'Drake.James@att.com', '281-352-2812', '************5150', 'ITA', 0),
('CUS_616', 'Isaiah Bishop', 'Bishop_Isaiah37@att.com', '339-416-8999', '************7318', 'PRT', 0),
('CUS_617', 'Monica Mckinney', 'Monica_Mckinney@zoho.com', '465-231-1327', '************7900', 'PRT', 0),
('CUS_618', 'Jasmine Perry', 'JasminePerry21@hotmail.com', '550-388-4235', '************1581', 'ITA', 0),
('CUS_619', 'Tommy Johnson', 'Tommy_Johnson20@yahoo.com', '419-149-5720', '************5993', 'ITA', 0),
('CUS_62', 'Sheri Aguilar', 'Aguilar.Sheri22@att.com', '333-467-7388', '************5982', 'IRL', 0),
('CUS_620', 'Brandi Scott', 'Brandi.S@gmail.com', '905-586-4775', '************3104', 'PRT', 0),
('CUS_621', 'Tony Fernandez', 'TFernandez91@xfinity.com', '614-680-2443', '************1060', 'ITA', 0),
('CUS_622', 'Steven Ortiz', 'Ortiz_Steven28@gmail.com', '418-847-1184', '************9803', 'PRT', 0),
('CUS_623', 'Evan White', 'Evan_W@att.com', '640-106-2823', '************4476', 'PRT', 0),
('CUS_624', 'Natasha Brock', 'Brock.Natasha@outlook.com', '247-530-1098', '************5676', 'PRT', 0),
('CUS_625', 'Gabriel Nelson', 'Gabriel.Nelson@hotmail.com', '427-105-2702', '************9010', 'PRT', 0),
('CUS_626', 'Troy Ortiz', 'TroyOrtiz@xfinity.com', '698-524-3588', '************5282', 'PRT', 0),
('CUS_627', 'Felicia Hester', 'Felicia_H@aol.com', '293-688-8768', '************8249', 'PRT', 0),
('CUS_628', 'Thomas Harris', 'Thomas_H73@verizon.com', '472-005-8093', '************9874', 'PRT', 0),
('CUS_629', 'Erica Collins', 'Collins_Erica20@yandex.com', '977-390-8328', '************4892', 'ITA', 0),
('CUS_63', 'Sandra Graham', 'Sandra_Graham@xfinity.com', '141-723-4259', '************4525', 'PRT', 0),
('CUS_630', 'Jason Patterson', 'Jason.Patterson@protonmail.com', '650-359-0717', '************2086', 'PRT', 0),
('CUS_631', 'Stacy Dominguez', 'StacyDominguez@outlook.com', '244-102-9167', '************8327', 'PRT', 0),
('CUS_632', 'Jeffrey Pope', 'Jeffrey.P82@hotmail.com', '327-461-9880', '************6871', 'ITA', 0),
('CUS_633', 'Jennifer Holmes DDS', 'JenniferDDS@hotmail.com', '435-470-5491', '************7420', 'PRT', 0),
('CUS_634', 'Katherine Jackson', 'Katherine.Jackson34@protonmail.com', '748-549-2205', '************4021', 'PRT', 0),
('CUS_635', 'Sheri Garcia', 'Sheri_Garcia@zoho.com', '373-980-9834', '************8800', 'ITA', 0),
('CUS_636', 'Anita Fritz', 'Anita.Fritz46@outlook.com', '851-631-8566', '************5139', 'ITA', 0),
('CUS_637', 'Samantha Cook', 'Samantha.C24@yahoo.com', '993-364-6371', '************4178', 'PRT', 0),
('CUS_638', 'Jeffery Myers', 'Jeffery_M15@zoho.com', '895-935-7816', '************9396', 'PRT', 0),
('CUS_639', 'Kathryn Walker', 'Kathryn_W@protonmail.com', '551-913-9121', '************4685', 'PRT', 0),
('CUS_64', 'Christopher Cabrera', 'Cabrera.Christopher@yahoo.com', '852-612-3076', '************8922', 'USA', 0),
('CUS_640', 'Scott Osborne', 'ScottOsborne75@hotmail.com', '451-962-7738', '************9748', 'PRT', 0),
('CUS_641', 'Janet Serrano', 'Serrano.Janet@yandex.com', '514-141-4933', '************7919', 'PRT', 0),
('CUS_642', 'Mrs. Lauren Tucker MD', 'MD_Mrs.@zoho.com', '321-329-0047', '************9774', 'PRT', 0),
('CUS_643', 'Kyle Mckinney', 'KyleMckinney69@yandex.com', '579-658-1902', '************7909', 'PRT', 0),
('CUS_644', 'Andrea Boyd', 'Andrea.Boyd@zoho.com', '277-666-1598', '************4108', 'PRT', 0),
('CUS_645', 'Cindy Bird', 'CBird@yandex.com', '440-721-3179', '************5808', 'PRT', 0),
('CUS_646', 'Sheryl Bailey', 'Sheryl_Bailey56@outlook.com', '930-796-7441', '************1567', 'PRT', 0),
('CUS_647', 'Margaret Perry', 'Margaret_P78@xfinity.com', '938-974-5860', '************6927', 'PRT', 0),
('CUS_648', 'Jessica Keller', 'Jessica.K@hotmail.com', '318-331-9781', '************6154', 'PRT', 0),
('CUS_649', 'Christine Day', 'Day.Christine@outlook.com', '386-112-4071', '************6996', 'PRT', 0),
('CUS_65', 'Melinda Flores', 'Flores_Melinda@yahoo.com', '419-443-6780', '************9114', 'ESP', 0),
('CUS_650', 'Gregory Key', 'Gregory.K@verizon.com', '835-087-9928', '************8564', 'PRT', 0),
('CUS_651', 'Madeline Burke', 'MBurke@aol.com', '654-751-1251', '************5825', 'PRT', 0),
('CUS_652', 'Cheryl Hoffman', 'Hoffman.Cheryl@hotmail.com', '169-230-0841', '************3886', 'PRT', 0),
('CUS_653', 'Kendra Martin', 'Kendra_Martin98@yandex.com', '882-488-7004', '************5384', 'PRT', 0),
('CUS_654', 'Alexis Nguyen', 'AlexisNguyen@mail.com', '541-680-3224', '************1402', 'PRT', 0),
('CUS_655', 'Vanessa Martinez', 'Vanessa.Martinez@yahoo.com', '713-397-5707', '************4364', 'PRT', 0),
('CUS_656', 'Daniel Anderson', 'Daniel.A28@att.com', '567-712-6002', '************9551', 'PRT', 0),
('CUS_657', 'Jessica Moore', 'JessicaMoore54@aol.com', '515-675-2829', '************2090', 'PRT', 0),
('CUS_658', 'Patrick Martin', 'Patrick.M@verizon.com', '783-273-0809', '************3926', 'PRT', 0),
('CUS_659', 'Joshua Davis', 'Davis_Joshua@comcast.net', '656-769-7891', '************1845', 'PRT', 0),
('CUS_66', 'Michael Whitehead', 'Michael.W@mail.com', '738-618-2202', '************8548', 'POL', 0),
('CUS_660', 'Holly Ward', 'Ward_Holly85@hotmail.com', '302-802-9762', '************4426', 'PRT', 0),
('CUS_661', 'Roy Murphy', 'Murphy_Roy@yahoo.com', '130-805-5710', '************9777', 'PRT', 0),
('CUS_662', 'Amy Johnson', 'Amy_J@outlook.com', '584-485-8880', '************2529', 'PRT', 0),
('CUS_663', 'April Friedman', 'Friedman.April55@yahoo.com', '131-893-0064', '************4698', 'PRT', 0),
('CUS_664', 'Kathleen White', 'White.Kathleen@hotmail.com', '578-232-4446', '************4535', 'PRT', 0),
('CUS_665', 'Robert Bailey', 'Bailey.Robert@hotmail.com', '183-582-5153', '************5810', 'PRT', 0),
('CUS_666', 'Randy Wu', 'Randy_W@yahoo.com', '319-557-1071', '************4731', 'PRT', 0),
('CUS_667', 'Jonathan Perkins', 'Perkins.Jonathan@yandex.com', '186-129-6853', '************8948', 'PRT', 0),
('CUS_668', 'David Ferguson', 'David_Ferguson56@att.com', '880-626-1842', '************7505', 'PRT', 0),
('CUS_669', 'Kimberly Taylor', 'Kimberly_Taylor@yandex.com', '699-925-9088', '************5293', 'PRT', 0),
('CUS_67', 'Brent Hamilton', 'Brent.Hamilton15@gmail.com', '304-692-3370', '************9129', 'PRT', 0),
('CUS_670', 'Adrienne Jordan', 'AdrienneJordan@gmail.com', '793-473-1079', '************5004', 'PRT', 0),
('CUS_671', 'Raymond Garcia', 'Raymond.Garcia@mail.com', '803-491-8733', '************1508', 'PRT', 0),
('CUS_672', 'Wesley Wallace', 'Wesley_Wallace@yahoo.com', '968-060-2953', '************1784', 'PRT', 0),
('CUS_673', 'Mary Reed', 'MaryReed@mail.com', '124-998-0970', '************3400', 'PRT', 0),
('CUS_674', 'Shannon Curtis', 'Shannon.C@gmail.com', '241-484-9261', '************7625', 'PRT', 0),
('CUS_675', 'Renee Green', 'RGreen@yandex.com', '643-234-1219', '************1720', 'PRT', 0),
('CUS_676', 'Katherine Ellis', 'Ellis.Katherine@zoho.com', '972-235-0551', '************3741', 'PRT', 0),
('CUS_677', 'Mary Lee MD', 'MD.Mary74@zoho.com', '103-358-7547', '************7016', 'ITA', 0),
('CUS_678', 'Erin Brown', 'Brown_Erin57@zoho.com', '570-793-4794', '************3262', 'PRT', 0),
('CUS_679', 'Michael Finley', 'MFinley84@hotmail.com', '816-833-5704', '************7814', 'ITA', 0),
('CUS_68', 'Jessica Bradford', 'JBradford@outlook.com', '207-319-4187', '************6345', 'PRT', 0),
('CUS_680', 'Glen Hudson', 'GlenHudson@yandex.com', '379-674-5333', '************8424', 'PRT', 0),
('CUS_681', 'Sherry White', 'Sherry_White@yahoo.com', '408-878-3989', '************2961', 'ITA', 0),
('CUS_682', 'Dana Jones', 'Dana_J@zoho.com', '756-263-2485', '************9257', 'ITA', 0),
('CUS_683', 'Perry Short', 'PShort41@outlook.com', '186-611-6753', '************3785', 'ITA', 0),
('CUS_684', 'Lisa Roth', 'Lisa.Roth@zoho.com', '243-991-9636', '************4440', 'ITA', 0),
('CUS_685', 'Larry Jones', 'Jones_Larry@xfinity.com', '826-039-5900', '************8110', 'ITA', 0),
('CUS_686', 'Matthew Gaines', 'Matthew.G@comcast.net', '287-522-8209', '************6382', 'PRT', 0),
('CUS_687', 'Shawn Guerrero', 'Guerrero.Shawn@verizon.com', '444-792-3620', '************9974', 'PRT', 0),
('CUS_688', 'Michael Crawford', 'MCrawford@xfinity.com', '437-895-6779', '************2060', 'ESP', 0),
('CUS_689', 'Beverly Schwartz', 'Beverly_S@xfinity.com', '132-406-9559', '************1821', 'PRT', 0),
('CUS_69', 'Marissa Robinson', 'MarissaRobinson@mail.com', '770-855-7071', '************8906', 'PRT', 0),
('CUS_690', 'David Butler', 'DavidButler75@comcast.net', '133-547-4979', '************6559', 'PRT', 0),
('CUS_691', 'Alexandra Johnson', 'Johnson_Alexandra81@verizon.com', '897-216-4389', '************4841', 'FRA', 0),
('CUS_692', 'Jerry Kidd', 'Jerry.Kidd@yandex.com', '493-275-1264', '************3231', 'GBR', 0),
('CUS_693', 'Dawn Johnson', 'DJohnson31@hotmail.com', '345-312-7607', '************4699', 'GBR', 0),
('CUS_694', 'Brandon Vance', 'BrandonVance@protonmail.com', '635-481-2950', '************4293', 'PRT', 0),
('CUS_695', 'Deanna Calhoun', 'Calhoun_Deanna33@mail.com', '450-566-4040', '************2681', 'PRT', 0),
('CUS_696', 'Priscilla Tucker', 'Priscilla_T@zoho.com', '325-224-7726', '************3971', 'PRT', 0),
('CUS_697', 'Andrea Herrera', 'Andrea.Herrera@xfinity.com', '446-228-8858', '************3424', 'PRT', 0),
('CUS_698', 'Christopher Garcia', 'Christopher.G18@hotmail.com', '158-803-0192', '************6842', 'PRT', 0),
('CUS_699', 'Stephanie Howard', 'Stephanie.Howard@aol.com', '338-100-3051', '************6812', 'PRT', 0),
('CUS_7', 'Steven Murphy', 'Steven.Murphy54@aol.com', '341-726-5787', '************3639', 'PRT', 0),
('CUS_70', 'Jennifer Curry', 'Jennifer_Curry@hotmail.com', '964-722-0569', '************2465', 'PRT', 0),
('CUS_700', 'Kent Powell', 'Powell.Kent@aol.com', '845-353-7121', '************7843', 'GBR', 0),
('CUS_701', 'Corey Carter', 'Carter_Corey@att.com', '165-602-5587', '************7551', 'PRT', 0),
('CUS_702', 'Rachel Rivers', 'Rivers_Rachel@xfinity.com', '494-677-3642', '************7578', 'BEL', 0),
('CUS_703', 'Brandon Martinez Jr.', 'BJr.@outlook.com', '136-669-4787', '************2045', 'FRA', 0),
('CUS_704', 'Kathleen Thompson', 'Kathleen_Thompson@verizon.com', '933-259-9424', '************2644', 'PRT', 1),
('CUS_705', 'Andrea Ramos', 'ARamos@mail.com', '820-906-7345', '************9002', 'PRT', 0),
('CUS_706', 'Colleen Peterson', 'Peterson.Colleen@comcast.net', '664-082-7436', '************5347', 'ISR', 0),
('CUS_707', 'Christian Perkins', 'ChristianPerkins37@xfinity.com', '711-652-3938', '************3536', 'IRL', 0),
('CUS_708', 'Eric Cain', 'Eric.Cain@verizon.com', '302-731-1570', '************6679', 'ISR', 0),
('CUS_709', 'James Pruitt', 'James.Pruitt84@zoho.com', '999-980-9411', '************8216', 'ISR', 0),
('CUS_71', 'Teresa Maldonado', 'Maldonado_Teresa95@protonmail.com', '623-086-5362', '************7419', 'PRT', 0),
('CUS_710', 'Sonya Mcmahon', 'Sonya.M@outlook.com', '897-791-1836', '************7902', 'ISR', 0),
('CUS_711', 'Ryan Hahn', 'Hahn_Ryan18@xfinity.com', '995-826-5169', '************5639', 'ISR', 0),
('CUS_712', 'Wendy Ashley', 'Wendy_A@att.com', '204-185-7835', '************5240', 'ISR', 0),
('CUS_713', 'Monica Jackson', 'Jackson_Monica38@att.com', '747-375-4097', '************8353', 'ISR', 0),
('CUS_714', 'Mario Lewis', 'Lewis_Mario@mail.com', '796-096-8104', '************4425', 'ISR', 0),
('CUS_715', 'Kevin Fowler', 'Kevin.Fowler35@att.com', '922-872-7616', '************9719', 'ISR', 0),
('CUS_716', 'Andrew Murphy', 'Andrew_Murphy@yahoo.com', '419-489-1351', '************9521', 'ISR', 0),
('CUS_717', 'Catherine Black', 'Catherine.Black@hotmail.com', '656-776-9292', '************8614', 'PRT', 0),
('CUS_718', 'John Johns', 'JJohns96@hotmail.com', '980-380-6169', '************4411', 'PRT', 0),
('CUS_719', 'William Oneill', 'William.O@comcast.net', '761-806-0320', '************7394', 'ESP', 0),
('CUS_72', 'Bryan Perez', 'BryanPerez@gmail.com', '125-111-5926', '************7649', 'ESP', 0),
('CUS_720', 'Kelsey Boyd', 'Kelsey_B@protonmail.com', '946-013-7205', '************4759', 'ITA', 0),
('CUS_721', 'Timothy Thomas', 'TThomas@att.com', '426-521-2302', '************8068', 'NLD', 0),
('CUS_722', 'Ethan Perez', 'Ethan.Perez@gmail.com', '576-020-2861', '************4693', 'PRT', 0),
('CUS_723', 'Katherine Rivas', 'Katherine.R33@comcast.net', '314-985-5106', '************1256', 'PRT', 0),
('CUS_724', 'David Davis', 'David_Davis@zoho.com', '202-408-3293', '************8002', 'PRT', 0),
('CUS_725', 'Rebecca Huerta', 'Rebecca_H17@outlook.com', '870-951-2207', '************9343', 'DEU', 0),
('CUS_726', 'Miguel Hartman', 'Miguel.H@yandex.com', '566-860-5507', '************5828', 'DEU', 0),
('CUS_727', 'Benjamin Grant', 'Grant_Benjamin@zoho.com', '126-194-7151', '************6243', 'FRA', 0),
('CUS_728', 'Dr. Kathy Fox PhD', 'Dr._PhD77@protonmail.com', '879-277-0001', '************9917', 'DEU', 0),
('CUS_729', 'Mariah Riley', 'MRiley@aol.com', '758-842-5764', '************6243', 'FRA', 0),
('CUS_73', 'Timothy Horn', 'Timothy.H@yandex.com', '308-321-9169', '************9797', 'PRT', 0),
('CUS_730', 'David Schneider', 'DSchneider58@yandex.com', '367-472-1925', '************7437', 'FRA', 0),
('CUS_731', 'Paul Long', 'Paul_L@outlook.com', '461-413-7711', '************4739', 'PRT', 0),
('CUS_732', 'Michele Spencer', 'Michele_S75@yandex.com', '155-526-4706', '************7483', 'GBR', 0),
('CUS_733', 'Christopher Carter', 'ChristopherCarter@protonmail.com', '392-731-0516', '************2334', 'GBR', 0),
('CUS_734', 'Scott Hudson', 'Hudson.Scott@yandex.com', '609-069-8644', '************6479', 'PRT', 0),
('CUS_735', 'Margaret Gonzales', 'Margaret.G@hotmail.com', '821-945-9918', '************2511', 'PRT', 0),
('CUS_736', 'Audrey Murray', 'Audrey.Murray45@xfinity.com', '479-105-2843', '************2610', 'PRT', 0),
('CUS_737', 'Andrea Butler', 'AButler86@comcast.net', '890-132-0603', '************6762', 'ISR', 0),
('CUS_738', 'Kimberly Thomas', 'Kimberly.Thomas54@hotmail.com', '486-073-5747', '************4503', 'ESP', 0),
('CUS_739', 'Casey Frazier', 'Frazier_Casey@gmail.com', '792-574-9622', '************3845', 'ESP', 0),
('CUS_74', 'Angela Williams', 'Angela.Williams@xfinity.com', '580-737-9824', '************2429', 'ESP', 0),
('CUS_740', 'Mary Smith', 'Mary_Smith@mail.com', '223-103-1283', '************6843', 'IRL', 0),
('CUS_741', 'Jordan Long', 'Long.Jordan@gmail.com', '228-753-0506', '************9208', 'ESP', 0),
('CUS_742', 'Daniel Hayes', 'DHayes98@verizon.com', '483-269-3349', '************8369', 'GBR', 0),
('CUS_743', 'Christopher Williams', 'ChristopherWilliams@verizon.com', '335-964-5063', '************3299', 'ITA', 0),
('CUS_744', 'Kristine Barnes', 'KBarnes19@verizon.com', '754-989-0052', '************7635', 'DEU', 0),
('CUS_745', 'James Reed', 'James_Reed@gmail.com', '407-940-1088', '************6674', 'DZA', 0),
('CUS_746', 'Lori Jackson', 'Lori.Jackson42@mail.com', '286-595-0032', '************7956', 'DEU', 0),
('CUS_747', 'Brandon Bautista', 'Bautista_Brandon@verizon.com', '367-523-0678', '************8817', 'PRT', 0),
('CUS_748', 'Laurie Powers', 'Laurie.Powers@protonmail.com', '595-398-7557', '************9682', 'ROU', 0),
('CUS_749', 'Joshua Saunders', 'Joshua.S13@att.com', '724-477-1992', '************7729', 'FRA', 0),
('CUS_75', 'Lee Ramirez MD', 'LMD@yahoo.com', '764-987-4238', '************1841', 'PRT', 0),
('CUS_750', 'Donna Owens', 'Donna.O@yahoo.com', '577-137-0702', '************4301', 'NLD', 0),
('CUS_751', 'Peter Roberts', 'PRoberts73@yandex.com', '820-478-4738', '************4909', 'PRT', 0),
('CUS_752', 'Jeffrey Jackson', 'Jeffrey.J@zoho.com', '295-241-3033', '************6884', 'PRT', 1),
('CUS_753', 'Amanda Lawson', 'Amanda_Lawson@aol.com', '671-107-8111', '************9570', 'DEU', 0),
('CUS_754', 'Brian Davis', 'Brian_D@xfinity.com', '985-893-4651', '************4433', 'FIN', 0),
('CUS_755', 'Kimberly White', 'White.Kimberly@aol.com', '308-984-4624', '************6951', 'NLD', 0),
('CUS_756', 'Kelly Barron', 'Barron.Kelly23@zoho.com', '853-844-9415', '************2530', 'FRA', 0),
('CUS_757', 'Donald Matthews', 'DMatthews@yandex.com', '418-319-2792', '************3031', 'CRI', 0),
('CUS_758', 'David Davis', 'Davis.David@outlook.com', '660-682-6805', '************3863', 'FRA', 0),
('CUS_759', 'Gabriella Wise', 'Gabriella_Wise@verizon.com', '375-977-4752', '************4375', 'FRA', 0),
('CUS_76', 'Allen Hoffman', 'AHoffman@protonmail.com', '387-020-2239', '************6785', 'PRT', 0),
('CUS_760', 'Casey Duncan', 'Casey_D72@hotmail.com', '132-386-9910', '************2553', 'IRL', 0),
('CUS_761', 'Jessica Johnson', 'Jessica_Johnson@aol.com', '439-485-7084', '************4101', 'FRA', 0),
('CUS_762', 'Thomas Hancock', 'Hancock.Thomas@comcast.net', '872-240-0270', '************7006', 'PRT', 0),
('CUS_763', 'Chelsey Dickerson', 'Chelsey.Dickerson39@yahoo.com', '804-379-1592', '************3532', 'DEU', 0),
('CUS_764', 'Erin Smith', 'Erin_S65@aol.com', '938-122-2272', '************2303', 'FRA', 0),
('CUS_765', 'Taylor Miller', 'Taylor_M@yahoo.com', '234-065-3864', '************3385', 'ESP', 0),
('CUS_766', 'Julie Williams', 'Julie_Williams55@yandex.com', '306-707-6010', '************9439', 'ESP', 0),
('CUS_767', 'Dean Scott', 'Dean.Scott@aol.com', '736-002-7466', '************1813', 'ESP', 0),
('CUS_768', 'Elizabeth Bennett DDS', 'EDDS@att.com', '984-594-2419', '************7608', 'ESP', 0),
('CUS_769', 'Cynthia Werner', 'Cynthia_W26@mail.com', '378-662-8813', '************5265', 'ESP', 0),
('CUS_77', 'Michael Yu', 'Michael_Yu59@comcast.net', '648-953-8540', '************2015', 'DEU', 0),
('CUS_770', 'Brent Gonzalez', 'Brent_Gonzalez@mail.com', '772-072-4440', '************5058', 'PRT', 0),
('CUS_771', 'Devin Smith', 'Devin_S@xfinity.com', '121-212-7250', '************4990', 'FRA', 0),
('CUS_772', 'Angela Payne DVM', 'Angela_DVM19@aol.com', '770-457-4256', '************5702', 'PRT', 0),
('CUS_773', 'Mary Stone PhD', 'Mary_P15@outlook.com', '186-577-2725', '************4467', 'PRT', 1),
('CUS_774', 'David Powell', 'David_Powell80@comcast.net', '374-715-5133', '************3189', 'PRT', 1),
('CUS_775', 'Claudia Huerta', 'Claudia_H@aol.com', '906-238-7031', '************3369', 'PRT', 1),
('CUS_776', 'Jason Pittman', 'Pittman.Jason87@hotmail.com', '590-867-9443', '************5370', 'PRT', 1),
('CUS_777', 'Emily Bailey', 'Emily.Bailey@comcast.net', '721-899-8853', '************5060', 'PRT', 1),
('CUS_778', 'Matthew Santana', 'Santana_Matthew56@yandex.com', '991-474-4465', '************7667', 'PRT', 1),
('CUS_779', 'Melissa Austin', 'Melissa_Austin@yandex.com', '564-830-2791', '************7716', 'PRT', 1),
('CUS_78', 'Anthony Moss', 'Anthony_Moss18@yandex.com', '963-680-1077', '************1583', 'PRT', 0),
('CUS_780', 'Cynthia Contreras', 'Cynthia_C@yahoo.com', '922-431-9126', '************9548', 'PRT', 1),
('CUS_781', 'Charles Brown', 'Charles_Brown@comcast.net', '542-344-9180', '************2453', 'PRT', 0),
('CUS_782', 'Rachel Gutierrez', 'Rachel.Gutierrez@verizon.com', '699-498-4631', '************2089', 'ESP', 0),
('CUS_783', 'Stephen Garner', 'Garner.Stephen87@verizon.com', '183-016-6153', '************9300', 'DEU', 0),
('CUS_784', 'Sharon Cook', 'Sharon_Cook@aol.com', '976-021-4396', '************9485', 'USA', 0),
('CUS_785', 'Susan Wilcox', 'Susan.Wilcox43@verizon.com', '728-404-0500', '************3196', 'ESP', 0),
('CUS_786', 'Tracy Rice', 'Tracy_Rice12@zoho.com', '435-280-4721', '************2555', 'ESP', 0),
('CUS_787', 'Noah Wiley', 'Noah.Wiley@zoho.com', '141-228-0332', '************5723', 'ESP', 0),
('CUS_788', 'Troy Morgan', 'Morgan.Troy@mail.com', '132-496-3173', '************6768', 'ESP', 0),
('CUS_789', 'Lynn Williams', 'LynnWilliams@zoho.com', '601-133-7116', '************5819', 'PRT', 0),
('CUS_79', 'Tony Olson', 'Tony_O@outlook.com', '177-359-1844', '************2796', 'FRA', 0),
('CUS_790', 'Cindy Sellers', 'CSellers@xfinity.com', '332-249-2817', '************6680', 'GBR', 0),
('CUS_791', 'Brandon Davis', 'BrandonDavis74@outlook.com', '507-218-6797', '************6661', 'ESP', 0),
('CUS_792', 'William Massey', 'WilliamMassey87@outlook.com', '166-856-9709', '************2741', 'PRT', 0),
('CUS_793', 'Lisa Brown', 'LisaBrown@gmail.com', '673-933-8222', '************5981', 'PRT', 0),
('CUS_794', 'Wendy Cooper', 'WendyCooper70@yahoo.com', '603-267-8790', '************1311', 'BEL', 0),
('CUS_795', 'Angela Erickson', 'AngelaErickson@gmail.com', '787-005-6980', '************9037', 'GBR', 0),
('CUS_796', 'Mark Mclean', 'Mark_M@aol.com', '858-138-3040', '************5931', 'PRT', 0),
('CUS_797', 'Brent Villanueva', 'BrentVillanueva@protonmail.com', '772-644-6618', '************4676', 'PRT', 0),
('CUS_798', 'Deborah Walters', 'Walters_Deborah@mail.com', '877-409-5585', '************7260', 'PRT', 0),
('CUS_799', 'David Allen', 'David_A@verizon.com', '874-160-7353', '************8721', 'ESP', 0),
('CUS_8', 'Michael Moore', 'MichaelMoore81@outlook.com', '316-648-6176', '************9190', 'PRT', 0),
('CUS_80', 'Clayton Cowan', 'Clayton.Cowan31@protonmail.com', '504-743-2620', '************8621', 'PRT', 0),
('CUS_800', 'Arthur Ellis', 'Arthur.E95@protonmail.com', '855-835-2400', '************8410', 'PRT', 0),
('CUS_801', 'Joy Webster', 'Joy.Webster@gmail.com', '185-154-5975', '************9936', 'ESP', 0),
('CUS_802', 'Eduardo West', 'EduardoWest@verizon.com', '310-343-3370', '************7840', 'ARG', 0),
('CUS_803', 'Heather Stevenson', 'HStevenson@att.com', '501-750-1048', '************1146', 'ESP', 0),
('CUS_804', 'Todd Barber', 'Todd_Barber@comcast.net', '295-116-5582', '************2243', 'PRT', 0),
('CUS_805', 'Mary Stevens', 'Stevens_Mary70@zoho.com', '847-004-7178', '************2660', 'PRT', 0),
('CUS_806', 'Matthew Miranda', 'Miranda_Matthew@hotmail.com', '913-403-5538', '************1770', 'PRT', 0),
('CUS_807', 'James Saunders', 'James.S66@comcast.net', '888-162-2611', '************9159', 'PRT', 0),
('CUS_808', 'Jack Walker', 'JWalker@verizon.com', '191-931-5090', '************4407', 'PRT', 0),
('CUS_809', 'Taylor Smith', 'TSmith@att.com', '170-260-8140', '************3794', 'PRT', 0),
('CUS_81', 'Mrs. Debra Jackson DDS', 'DDS_Mrs.@att.com', '307-631-6954', '************5361', 'GBR', 0),
('CUS_810', 'Katherine Ortiz', 'Katherine.Ortiz90@yahoo.com', '908-718-6584', '************4451', 'PRT', 0),
('CUS_811', 'Charles Booth', 'Booth.Charles@hotmail.com', '183-091-1526', '************8575', 'PRT', 0),
('CUS_812', 'Teresa Ewing', 'Teresa_Ewing@yandex.com', '947-360-1993', '************6298', 'POL', 0),
('CUS_813', 'Heather Adams', 'Heather_Adams@mail.com', '565-278-2059', '************8362', 'FRA', 0),
('CUS_814', 'Laura May', 'LMay@yandex.com', '496-330-9837', '************7453', 'FRA', 0),
('CUS_815', 'Travis Davis', 'Travis_Davis@yahoo.com', '257-908-2722', '************1567', 'PRT', 0),
('CUS_816', 'Michael Ellis', 'MEllis@protonmail.com', '714-373-1031', '************5366', 'PRT', 1),
('CUS_817', 'Kimberly Barrett', 'KimberlyBarrett@xfinity.com', '104-209-6584', '************7654', 'PRT', 1),
('CUS_818', 'Bianca Mora', 'BMora28@outlook.com', '348-733-9311', '************3498', 'PRT', 0),
('CUS_819', 'Jesse Walker', 'Jesse_Walker@yahoo.com', '832-580-6234', '************1185', 'DEU', 0),
('CUS_82', 'Raymond Young', 'Young.Raymond92@verizon.com', '699-642-7831', '************1207', 'PRT', 0),
('CUS_820', 'Adam Howell', 'Howell_Adam@aol.com', '398-313-1942', '************6564', 'CZE', 0),
('CUS_821', 'Jared Davis', 'Davis.Jared@hotmail.com', '584-223-8749', '************9565', 'PRT', 0),
('CUS_822', 'Cynthia Kelly', 'CKelly@aol.com', '945-958-0983', '************5857', 'FRA', 0),
('CUS_823', 'Kathryn Shaw', 'Kathryn_Shaw@aol.com', '205-736-8252', '************6765', 'FRA', 0),
('CUS_824', 'Casey Casey', 'CCasey@hotmail.com', '738-839-9085', '************2219', 'PRT', 0),
('CUS_825', 'James Smith', 'James_Smith@yandex.com', '653-027-4087', '************8559', 'PRT', 0),
('CUS_826', 'Larry Clark', 'Larry.C21@att.com', '542-271-5947', '************5237', 'PRT', 0),
('CUS_827', 'Steve Terry', 'STerry18@gmail.com', '526-918-3144', '************1881', 'PRT', 0),
('CUS_828', 'Linda Kerr', 'Kerr.Linda@hotmail.com', '869-443-8840', '************9451', 'CN', 0),
('CUS_829', 'Deborah Clay', 'Deborah.C@yandex.com', '182-917-9217', '************6571', 'BEL', 0),
('CUS_83', 'Lisa Schroeder', 'Schroeder.Lisa@comcast.net', '530-765-2207', '************6525', 'GBR', 0),
('CUS_830', 'Michael Vargas', 'Vargas_Michael@verizon.com', '728-963-7822', '************5104', 'PRT', 0),
('CUS_831', 'Andrew Osborne', 'Andrew_Osborne@gmail.com', '978-838-8995', '************9175', 'PRT', 0),
('CUS_832', 'Michael Adams', 'Michael_Adams@mail.com', '559-949-7837', '************8169', 'TWN', 0),
('CUS_833', 'Sarah Young', 'Young.Sarah24@comcast.net', '459-234-6054', '************3241', 'FRA', 0),
('CUS_834', 'Elizabeth Rojas', 'Rojas_Elizabeth@verizon.com', '928-643-6799', '************2715', 'PRT', 0),
('CUS_835', 'Terry Gaines', 'Terry.G@hotmail.com', '894-066-9370', '************5443', 'ESP', 0),
('CUS_836', 'Joel Hernandez', 'Joel_Hernandez@zoho.com', '985-412-1513', '************1682', 'DEU', 0),
('CUS_837', 'Rebecca Williams', 'Rebecca_W@mail.com', '714-980-8852', '************3148', 'FRA', 0),
('CUS_838', 'Miss Margaret Calderon', 'MCalderon@mail.com', '386-987-9598', '************8570', 'JPN', 0),
('CUS_839', 'Frank Hanson', 'Hanson_Frank40@zoho.com', '119-236-4117', '************4509', 'FRA', 0),
('CUS_84', 'Kristin Roberts', 'Kristin_Roberts56@protonmail.com', '697-234-2961', '************5111', 'GBR', 0),
('CUS_840', 'Jessica Hart', 'Hart_Jessica@xfinity.com', '438-441-7553', '************8940', 'ARG', 0),
('CUS_841', 'Kerry Carter', 'Kerry_Carter@zoho.com', '559-367-8290', '************7312', 'FRA', 0),
('CUS_842', 'Brian Sellers', 'Brian.S@aol.com', '887-530-7818', '************7531', 'ITA', 0),
('CUS_843', 'Sherry Hansen', 'SherryHansen97@comcast.net', '956-817-4847', '************9395', 'GBR', 0),
('CUS_844', 'Renee Haley', 'RHaley@att.com', '513-148-8885', '************5194', 'FRA', 0),
('CUS_845', 'Shawn Hines', 'Hines.Shawn@xfinity.com', '755-027-4771', '************3614', 'BEL', 0),
('CUS_846', 'Patricia Bates', 'Patricia_Bates@gmail.com', '919-029-5640', '************9184', 'FRA', 0),
('CUS_847', 'Abigail Baker', 'Baker.Abigail@zoho.com', '749-622-0861', '************9115', 'DEU', 0),
('CUS_848', 'Luke Gallagher', 'Luke.G@yandex.com', '687-537-6296', '************7705', 'PRT', 0),
('CUS_849', 'Matthew Page', 'Matthew_P@outlook.com', '123-378-0534', '************9691', 'PRT', 0),
('CUS_85', 'Howard Williams', 'Howard_W@outlook.com', '725-661-7321', '************7698', 'GBR', 0),
('CUS_850', 'Catherine Jones', 'Jones_Catherine15@gmail.com', '517-817-1923', '************4681', 'PRT', 0),
('CUS_851', 'Heather Thomas', 'Heather.T@aol.com', '106-614-3084', '************5272', 'PRT', 0),
('CUS_852', 'Christopher Miles', 'Christopher.Miles@mail.com', '131-292-1890', '************8458', 'FRA', 0),
('CUS_853', 'Kevin Robinson', 'KRobinson@comcast.net', '787-039-6863', '************8527', 'FRA', 0),
('CUS_854', 'Gina Washington', 'Washington_Gina@att.com', '867-488-2195', '************8769', 'FRA', 1),
('CUS_855', 'Eric Graves', 'EricGraves97@mail.com', '483-129-4515', '************2981', 'FRA', 1),
('CUS_856', 'Yvonne Huang', 'Huang.Yvonne41@zoho.com', '704-918-1502', '************9690', 'FRA', 1),
('CUS_857', 'Jamie Mccall', 'Mccall_Jamie52@yahoo.com', '706-232-0034', '************3221', 'FRA', 1),
('CUS_858', 'Regina Leonard', 'Regina.Leonard@yahoo.com', '432-368-6681', '************8930', 'ISR', 0),
('CUS_859', 'Sharon Burnett', 'Burnett.Sharon@comcast.net', '819-241-9796', '************3937', 'ISR', 0),
('CUS_86', 'Jennifer Murphy', 'Murphy.Jennifer59@yandex.com', '704-540-0581', '************5298', 'PRT', 0),
('CUS_860', 'Kimberly Miller', 'KMiller16@att.com', '659-737-9555', '************6282', 'NZL', 0),
('CUS_861', 'Thomas Powell', 'Thomas.Powell73@zoho.com', '684-550-8543', '************7848', 'GBR', 0),
('CUS_862', 'Dustin Madden', 'Madden_Dustin96@hotmail.com', '584-269-9578', '************5550', 'ESP', 0),
('CUS_863', 'Misty Thomas', 'MistyThomas@outlook.com', '853-058-2798', '************2256', 'ESP', 0),
('CUS_864', 'Kurt Mitchell', 'Kurt.M54@aol.com', '455-326-1133', '************6518', 'GBR', 0),
('CUS_865', 'Ronald Moss', 'RonaldMoss68@outlook.com', '824-844-0278', '************3236', 'PRT', 0),
('CUS_866', 'Jennifer Ortiz', 'Jennifer.O@outlook.com', '806-857-7974', '************1120', 'HUN', 0),
('CUS_867', 'Anna Clark', 'Anna_C28@verizon.com', '492-552-6776', '************4786', 'HUN', 0),
('CUS_868', 'Jill Young', 'Jill.Young@xfinity.com', '224-190-5191', '************1413', 'FRA', 0),
('CUS_869', 'Mark Parrish', 'MParrish@outlook.com', '309-982-1644', '************9067', 'PRT', 0),
('CUS_87', 'Joshua Delacruz', 'JoshuaDelacruz@outlook.com', '865-382-8535', '************7875', 'GBR', 0),
('CUS_870', 'Maxwell Duncan', 'Maxwell.D@att.com', '427-684-5643', '************7693', 'IRL', 0),
('CUS_871', 'Madison Fitzgerald', 'Madison_F93@hotmail.com', '504-455-9030', '************5096', 'ESP', 0),
('CUS_872', 'Tony Mccoy', 'Tony.M@comcast.net', '581-653-5380', '************1206', 'PRT', 0),
('CUS_873', 'Karen Ward', 'Karen_W93@protonmail.com', '726-177-9775', '************1800', 'PRT', 0),
('CUS_874', 'Brent Brown', 'Brent_B@zoho.com', '319-601-5777', '************5700', 'PRT', 0),
('CUS_875', 'Joseph Williams', 'Williams.Joseph49@yandex.com', '837-404-2408', '************2015', 'ISR', 0),
('CUS_876', 'Donna Evans', 'Evans.Donna61@protonmail.com', '650-793-7668', '************7237', 'GBR', 0),
('CUS_877', 'Karen Sanchez', 'Karen.Sanchez@mail.com', '674-124-2047', '************5521', 'PRT', 0),
('CUS_878', 'Randall Foley', 'Randall_F@att.com', '780-698-2411', '************4011', 'PRT', 0),
('CUS_879', 'William Santos', 'William.Santos17@outlook.com', '233-127-6207', '************4941', 'PRT', 0),
('CUS_88', 'Colleen Murphy', 'Colleen.Murphy@mail.com', '338-111-1480', '************2377', 'PRT', 0),
('CUS_880', 'Andrew Rivers', 'Rivers.Andrew67@yandex.com', '579-613-8485', '************1221', 'FRA', 0),
('CUS_881', 'William Clark', 'WClark@gmail.com', '857-228-0652', '************8969', 'PRT', 1),
('CUS_882', 'Travis Guzman', 'Guzman.Travis28@yandex.com', '301-528-7881', '************9307', 'NLD', 0),
('CUS_883', 'Rebecca Jones', 'Rebecca_Jones69@aol.com', '586-320-3627', '************3912', 'PRT', 0),
('CUS_884', 'David Alvarez', 'David.A@yahoo.com', '633-048-8332', '************4440', 'FRA', 0),
('CUS_885', 'Cindy Hunter', 'Hunter_Cindy46@gmail.com', '169-451-3342', '************2064', 'SWE', 0),
('CUS_886', 'Carlos Le', 'Carlos_Le@zoho.com', '152-628-1530', '************5560', 'BEL', 0),
('CUS_887', 'Michael Cooper', 'Michael.C@yahoo.com', '532-871-2838', '************5289', 'FRA', 0),
('CUS_888', 'Jonathan Cline', 'JonathanCline77@yahoo.com', '929-139-2219', '************1053', 'DEU', 0);
INSERT INTO `customer` (`customer_id`, `name`, `email`, `phone_number`, `credit_card`, `country_id`, `is_repeated_guest`) VALUES
('CUS_889', 'Yolanda Greene', 'Greene.Yolanda@gmail.com', '398-891-0650', '************4151', 'PRT', 0),
('CUS_89', 'Rebecca Hebert', 'RHebert34@zoho.com', '949-133-1514', '************5325', 'ESP', 0),
('CUS_890', 'Bryan Barnett', 'BBarnett@mail.com', '186-449-6638', '************1279', 'FRA', 0),
('CUS_891', 'Joseph Mejia', 'Mejia.Joseph@att.com', '377-283-5833', '************7508', 'FRA', 0),
('CUS_892', 'Ian Williams', 'IWilliams@protonmail.com', '923-185-3855', '************4209', 'ITA', 0),
('CUS_893', 'Michael Atkinson', 'Michael.A@xfinity.com', '586-650-7703', '************9541', 'POL', 0),
('CUS_894', 'Evelyn Cross', 'EvelynCross23@xfinity.com', '290-958-9187', '************7347', 'DEU', 0),
('CUS_895', 'Linda Simmons', 'Linda.Simmons15@yandex.com', '798-134-2784', '************6635', 'GBR', 0),
('CUS_896', 'Maria Mcclain', 'MMcclain44@comcast.net', '919-633-2751', '************6519', 'PRT', 0),
('CUS_897', 'Angela Kennedy', 'AngelaKennedy37@xfinity.com', '147-599-7736', '************5900', 'PRT', 0),
('CUS_898', 'Jason Stewart', 'Jason_S@xfinity.com', '963-115-2485', '************4625', 'PRT', 1),
('CUS_899', 'Martha Conway', 'Martha_Conway33@hotmail.com', '320-489-6087', '************6560', 'DEU', 0),
('CUS_9', 'Priscilla Collins PhD', 'PhD.Priscilla74@att.com', '833-887-7898', '************4642', 'PRT', 0),
('CUS_90', 'Robert Campbell', 'RCampbell@verizon.com', '889-737-3353', '************8057', 'PRT', 0),
('CUS_900', 'Taylor Torres', 'Taylor_Torres@aol.com', '498-933-7101', '************7787', 'DEU', 0),
('CUS_901', 'Mary Roberts', 'Mary.R@xfinity.com', '292-247-7752', '************7545', 'PRT', 0),
('CUS_902', 'Jonathan Howell', 'Jonathan.Howell@hotmail.com', '265-191-9017', '************2687', 'PRT', 0),
('CUS_903', 'Jasmine Byrd', 'Byrd_Jasmine@xfinity.com', '179-015-5459', '************7311', 'PRT', 0),
('CUS_904', 'Michael Garcia', 'Michael.Garcia56@hotmail.com', '185-166-7052', '************1298', 'PRT', 0),
('CUS_905', 'Casey Ryan', 'CaseyRyan42@aol.com', '215-090-1984', '************7394', 'PRT', 0),
('CUS_906', 'Andrew Johnson', 'Andrew.Johnson@yandex.com', '306-345-0402', '************1830', 'PRT', 0),
('CUS_907', 'Sean Morrow', 'Sean_Morrow@hotmail.com', '788-618-9391', '************9844', 'PRT', 0),
('CUS_908', 'Summer Henderson', 'Summer.Henderson@att.com', '511-137-4867', '************1580', 'PRT', 0),
('CUS_909', 'Ryan Lee', 'RyanLee@hotmail.com', '145-860-9179', '************5495', 'PRT', 0),
('CUS_91', 'Matthew Lang', 'Lang_Matthew34@hotmail.com', '717-746-5383', '************9947', 'USA', 0),
('CUS_910', 'Paul Jackson', 'Paul.Jackson@verizon.com', '161-647-0713', '************1639', 'PRT', 0),
('CUS_911', 'Glenn Mendoza', 'Glenn.Mendoza@mail.com', '692-375-3965', '************9078', 'PRT', 0),
('CUS_912', 'Julie Mathis', 'Julie_Mathis12@att.com', '438-166-8481', '************7419', 'PRT', 0),
('CUS_913', 'Renee Johnson', 'Johnson_Renee27@att.com', '524-390-2099', '************5041', 'PRT', 0),
('CUS_914', 'Matthew Mathews', 'Matthew.M97@att.com', '242-666-5970', '************4995', 'PRT', 0),
('CUS_915', 'Kyle Oconnell', 'KyleOconnell@yandex.com', '712-704-9389', '************5211', 'PRT', 0),
('CUS_916', 'Veronica Campbell', 'VCampbell@yahoo.com', '895-348-9190', '************6282', 'PRT', 0),
('CUS_917', 'Tammy Bradshaw', 'TammyBradshaw@protonmail.com', '820-619-0761', '************4920', 'PRT', 0),
('CUS_918', 'Kevin Saunders', 'KevinSaunders@yahoo.com', '819-447-9449', '************1387', 'PRT', 0),
('CUS_919', 'Robert Hartman', 'Robert.H@xfinity.com', '325-248-4785', '************8662', 'PRT', 0),
('CUS_92', 'David Mcgee', 'David_M@aol.com', '476-034-9610', '************6891', 'BEL', 0),
('CUS_920', 'Steven Johnson', 'Johnson.Steven50@gmail.com', '624-833-8659', '************3313', 'PRT', 0),
('CUS_921', 'Tyler Green', 'Tyler.Green@zoho.com', '943-115-3649', '************5410', 'PRT', 0),
('CUS_922', 'Jonathan Allen', 'Jonathan.A@zoho.com', '781-354-7509', '************4928', 'PRT', 0),
('CUS_923', 'Jennifer Logan', 'Jennifer_Logan@zoho.com', '976-298-7433', '************3436', 'PRT', 0),
('CUS_924', 'Caitlin Cordova', 'Cordova_Caitlin@yahoo.com', '992-253-7062', '************6122', 'PRT', 0),
('CUS_925', 'Carlos Williams', 'CarlosWilliams@verizon.com', '653-162-6413', '************3790', 'PRT', 0),
('CUS_926', 'Darin Orr', 'Orr_Darin85@outlook.com', '575-645-0319', '************5007', 'PRT', 0),
('CUS_927', 'Gloria Miller', 'Gloria_M42@zoho.com', '745-262-6297', '************1098', 'PRT', 0),
('CUS_928', 'Calvin Chung MD', 'CMD40@gmail.com', '758-138-1497', '************8841', 'PRT', 0),
('CUS_929', 'Jeffrey Richmond', 'Jeffrey.R@aol.com', '812-683-4786', '************4542', 'PRT', 0),
('CUS_93', 'Jill Key', 'JillKey89@att.com', '660-175-9098', '************5468', 'PRT', 0),
('CUS_930', 'Mark Allison', 'MarkAllison37@gmail.com', '369-648-9706', '************7639', 'PRT', 0),
('CUS_931', 'Joseph Chavez', 'Joseph_Chavez@protonmail.com', '173-678-1354', '************5980', 'PRT', 0),
('CUS_932', 'William Holt', 'WilliamHolt80@zoho.com', '358-693-5874', '************1113', 'PRT', 0),
('CUS_933', 'Mr. Dennis Watson DVM', 'Mr.DVM16@yandex.com', '767-107-2374', '************6518', 'PRT', 0),
('CUS_934', 'Kim Foster', 'Kim.F@comcast.net', '242-284-7025', '************1859', 'PRT', 0),
('CUS_935', 'Kirsten Warner', 'KirstenWarner@protonmail.com', '189-460-8385', '************2874', 'PRT', 0),
('CUS_936', 'Cynthia Robinson', 'Robinson.Cynthia@comcast.net', '866-780-1762', '************3044', 'PRT', 0),
('CUS_937', 'Alexandra Allen', 'AlexandraAllen@aol.com', '323-379-0422', '************4191', 'PRT', 0),
('CUS_938', 'Stacey Mercer', 'SMercer16@att.com', '228-807-2079', '************8754', 'PRT', 0),
('CUS_939', 'Zachary Smith', 'ZSmith@hotmail.com', '637-636-6222', '************6369', 'PRT', 0),
('CUS_94', 'Nicole Campbell', 'NicoleCampbell26@zoho.com', '438-796-8267', '************2551', 'PRT', 0),
('CUS_940', 'Tara Cox', 'Tara_C@zoho.com', '253-852-0400', '************1680', 'PRT', 0),
('CUS_941', 'Thomas Green', 'Green.Thomas@att.com', '296-717-2151', '************2670', 'FRA', 0),
('CUS_942', 'Andrea Bailey', 'Andrea_Bailey@yahoo.com', '513-030-0206', '************4257', 'PRT', 0),
('CUS_943', 'Jenny Taylor', 'JennyTaylor@gmail.com', '345-341-5473', '************7013', 'PRT', 0),
('CUS_944', 'Kelli Thomas', 'KelliThomas@yahoo.com', '874-580-9964', '************2095', 'PRT', 0),
('CUS_945', 'Mary Hamilton', 'Mary_Hamilton@yandex.com', '515-497-1388', '************9168', 'PRT', 0),
('CUS_946', 'Joshua Wise', 'JWise39@aol.com', '244-321-0694', '************9606', 'PRT', 0),
('CUS_947', 'Jasmin Reed', 'Jasmin_R@protonmail.com', '467-799-9058', '************5544', 'PRT', 0),
('CUS_948', 'Christopher Park', 'Christopher_P99@yahoo.com', '799-317-6225', '************2390', 'PRT', 0),
('CUS_949', 'Anne Webb', 'Anne_Webb96@aol.com', '899-213-9549', '************6155', 'PRT', 0),
('CUS_95', 'James Hill', 'Hill.James@mail.com', '448-162-3076', '************1311', 'PRT', 0),
('CUS_950', 'Anita Ware', 'Anita_W@gmail.com', '996-552-2833', '************7743', 'PRT', 0),
('CUS_951', 'Timothy Nunez', 'Timothy_Nunez39@mail.com', '158-087-2506', '************4818', 'PRT', 0),
('CUS_952', 'Rhonda Herrera', 'Herrera.Rhonda@outlook.com', '349-537-5267', '************6475', 'PRT', 0),
('CUS_953', 'Theresa Rodriguez MD', 'MD.Theresa@att.com', '174-310-2571', '************6687', 'PRT', 0),
('CUS_954', 'Lauren Hart', 'LaurenHart@zoho.com', '587-389-6834', '************3016', 'PRT', 0),
('CUS_955', 'Alex Johnson', 'Johnson_Alex@att.com', '205-650-6648', '************8974', 'PRT', 0),
('CUS_956', 'Charles Barnett', 'Charles_Barnett@xfinity.com', '131-082-9323', '************8996', 'POL', 0),
('CUS_957', 'Matthew Morgan', 'MMorgan@outlook.com', '752-876-7455', '************4662', 'PRT', 1),
('CUS_958', 'Michael Gomez', 'MGomez26@hotmail.com', '492-679-4539', '************9386', 'ITA', 0),
('CUS_959', 'Valerie Singh', 'Valerie_S@hotmail.com', '195-259-4945', '************1511', 'BEL', 0),
('CUS_96', 'Daniel Richard', 'Daniel_R@xfinity.com', '540-499-1735', '************9315', 'ESP', 0),
('CUS_960', 'Traci Tran', 'Traci.T@zoho.com', '804-932-4021', '************2603', 'FRA', 0),
('CUS_961', 'Thomas Nelson', 'Thomas_Nelson@mail.com', '308-307-5477', '************3082', 'FRA', 0),
('CUS_962', 'Gabriel Martin', 'Gabriel_Martin73@xfinity.com', '560-111-2257', '************7094', 'PRT', 0),
('CUS_963', 'Jacqueline Price', 'Jacqueline.P15@hotmail.com', '921-893-8447', '************5687', 'FRA', 0),
('CUS_964', 'Lisa Ortega', 'LisaOrtega87@gmail.com', '168-778-3096', '************4396', 'FRA', 0),
('CUS_965', 'Melissa Cox', 'Melissa.C82@att.com', '139-543-6065', '************3910', 'FRA', 0),
('CUS_966', 'Christie Ortiz', 'Christie_O@mail.com', '998-966-3092', '************5644', 'RUS', 0),
('CUS_967', 'Robin Robinson', 'RobinRobinson@aol.com', '689-894-9399', '************5971', 'FRA', 0),
('CUS_968', 'Robert Casey', 'Casey.Robert@comcast.net', '983-151-2979', '************9516', 'NLD', 0),
('CUS_969', 'Michelle Ray', 'MichelleRay@comcast.net', '135-924-7756', '************5038', 'DEU', 0),
('CUS_97', 'Jacob Porter', 'Porter_Jacob@verizon.com', '432-456-4500', '************4203', 'PRT', 0),
('CUS_970', 'Albert Reyes', 'AReyes34@att.com', '821-778-0972', '************3644', 'PRT', 0),
('CUS_971', 'Manuel Cooley', 'Manuel_C@verizon.com', '313-066-8617', '************6936', 'DEU', 0),
('CUS_972', 'David Davis', 'DDavis@aol.com', '626-721-5841', '************5183', 'PRT', 0),
('CUS_973', 'Kaitlyn Johnson', 'Johnson_Kaitlyn91@verizon.com', '257-106-0085', '************2099', 'FRA', 0),
('CUS_974', 'Daniel Warner', 'Warner_Daniel13@aol.com', '810-029-3134', '************4977', 'BEL', 0),
('CUS_975', 'Tammy Contreras', 'TContreras87@gmail.com', '901-416-4738', '************8686', 'BEL', 0),
('CUS_976', 'Cheryl Hudson', 'Hudson.Cheryl@protonmail.com', '992-611-0742', '************7269', 'BEL', 0),
('CUS_977', 'Scott Edwards', 'Scott_E@att.com', '727-926-0795', '************5883', 'BEL', 0),
('CUS_978', 'Maria Johnson', 'Maria.J63@hotmail.com', '122-512-8580', '************3947', 'BEL', 0),
('CUS_979', 'Catherine Brown', 'Catherine.Brown@xfinity.com', '576-896-1704', '************2554', 'ITA', 0),
('CUS_98', 'Susan Wilson', 'Wilson_Susan@comcast.net', '253-535-6431', '************9666', 'DEU', 0),
('CUS_980', 'Jennifer Lindsey', 'Jennifer_Lindsey@gmail.com', '765-294-6915', '************5500', 'BEL', 0),
('CUS_981', 'John Johnson', 'John_J@zoho.com', '548-571-0701', '************8025', 'PRT', 0),
('CUS_982', 'Dakota Rich', 'DakotaRich@zoho.com', '255-652-7837', '************6847', 'ITA', 0),
('CUS_983', 'Karen Durham', 'KDurham@comcast.net', '225-115-9594', '************1616', 'PRT', 0),
('CUS_984', 'Holly Sheppard', 'Holly.S98@yahoo.com', '521-545-9727', '************6980', 'ESP', 0),
('CUS_985', 'Dawn Nixon', 'Dawn.Nixon@verizon.com', '882-953-2920', '************8291', 'AUT', 0),
('CUS_986', 'Linda Browning', 'Linda_Browning25@yandex.com', '238-062-2796', '************2565', 'PRT', 0),
('CUS_987', 'Kathryn Day', 'Kathryn.Day@verizon.com', '822-800-8823', '************1419', 'TUR', 0),
('CUS_988', 'Christopher Hamilton', 'CHamilton@verizon.com', '905-076-9971', '************3491', 'TUR', 0),
('CUS_989', 'Tracy Garcia', 'TracyGarcia@outlook.com', '932-500-6279', '************9311', 'PRT', 0),
('CUS_99', 'Barbara Alvarez', 'Barbara.A87@outlook.com', '358-294-6282', '************1072', 'ESP', 0),
('CUS_990', 'Curtis Munoz', 'Curtis.M@protonmail.com', '871-840-3359', '************4711', 'PRT', 0),
('CUS_991', 'Frank Smith', 'Frank.S@yandex.com', '994-050-6835', '************3270', 'PRT', 0),
('CUS_992', 'Michelle Russell', 'Michelle.Russell@yandex.com', '909-811-4239', '************2504', 'USA', 0),
('CUS_993', 'Marissa Webb', 'MarissaWebb@att.com', '507-222-8513', '************7150', 'USA', 0),
('CUS_994', 'Kelly Callahan', 'Kelly.C@mail.com', '353-231-2808', '************8479', 'PRT', 0),
('CUS_995', 'Rebecca Jacobson', 'Rebecca.J38@mail.com', '208-346-6633', '************1206', 'PRT', 0),
('CUS_996', 'Maria Carr', 'Maria.C@verizon.com', '270-927-6008', '************1640', 'PRT', 1),
('CUS_997', 'Amber Gardner', 'Gardner_Amber@yandex.com', '458-660-3123', '************5699', 'PRT', 0),
('CUS_998', 'Marcus Martin', 'MarcusMartin94@mail.com', '778-602-5126', '************4320', 'PRT', 0),
('CUS_999', 'Melissa Sanchez', 'Melissa_S@xfinity.com', '564-429-9513', '************3982', 'PRT', 0);

-- --------------------------------------------------------

--
-- Table structure for table `deposit`
--

CREATE TABLE `deposit` (
  `deposit_type_id` varchar(10) NOT NULL,
  `deposit_type` varchar(50) DEFAULT NULL
) ENGINE=InnoDB DEFAULT CHARSET=utf8 COLLATE=utf8_general_ci;

--
-- Dumping data for table `deposit`
--

INSERT INTO `deposit` (`deposit_type_id`, `deposit_type`) VALUES
('DT01', 'No Deposit'),
('DT02', 'Refundable'),
('DT03', 'Non Refund');

-- --------------------------------------------------------

--
-- Table structure for table `distribution_channel`
--

CREATE TABLE `distribution_channel` (
  `distribution_channel_id` varchar(10) NOT NULL,
  `distribution_channel` varchar(50) DEFAULT NULL
) ENGINE=InnoDB DEFAULT CHARSET=utf8 COLLATE=utf8_general_ci;

--
-- Dumping data for table `distribution_channel`
--

INSERT INTO `distribution_channel` (`distribution_channel_id`, `distribution_channel`) VALUES
('DC01', 'Direct'),
('DC02', 'Corporate'),
('DC03', 'TA/TO');

-- --------------------------------------------------------

--
-- Table structure for table `hotel`
--

CREATE TABLE `hotel` (
  `hotel_id` varchar(10) NOT NULL,
  `hotel_name` varchar(50) DEFAULT NULL
) ENGINE=InnoDB DEFAULT CHARSET=utf8 COLLATE=utf8_general_ci;

--
-- Dumping data for table `hotel`
--

INSERT INTO `hotel` (`hotel_id`, `hotel_name`) VALUES
('HO_1', 'Resort Hotel'),
('HO_2', 'City Hotel');

-- --------------------------------------------------------

--
-- Table structure for table `market_segment`
--

CREATE TABLE `market_segment` (
  `market_segment_id` varchar(10) NOT NULL,
  `market_segment` varchar(50) DEFAULT NULL
) ENGINE=InnoDB DEFAULT CHARSET=utf8 COLLATE=utf8_general_ci;

--
-- Dumping data for table `market_segment`
--

INSERT INTO `market_segment` (`market_segment_id`, `market_segment`) VALUES
('MS01', 'Direct'),
('MS02', 'Corporate'),
('MS03', 'Online TA'),
('MS04', 'Offline TA/TO'),
('MS05', 'Groups'),
('MS06', 'Complementary');

-- --------------------------------------------------------

--
-- Table structure for table `meal`
--

CREATE TABLE `meal` (
  `meal_id` varchar(10) NOT NULL,
  `meal_name` varchar(50) DEFAULT NULL
) ENGINE=InnoDB DEFAULT CHARSET=utf8 COLLATE=utf8_general_ci;

--
-- Dumping data for table `meal`
--

INSERT INTO `meal` (`meal_id`, `meal_name`) VALUES
('BB', 'Bed Breakfast'),
('FB', 'Full Board'),
('HB', 'Half Board'),
('SC', 'Self Catering');

-- --------------------------------------------------------

--
-- Table structure for table `reservation`
--

CREATE TABLE `reservation` (
  `reservation_id` varchar(10) NOT NULL,
  `hotel_id` varchar(10) DEFAULT NULL,
  `customer_id` varchar(10) DEFAULT NULL,
  `agent_id` varchar(10) DEFAULT NULL,
  `company_id` varchar(10) DEFAULT NULL,
  `market_segment_id` varchar(10) DEFAULT NULL,
  `distribution_channel_id` varchar(10) DEFAULT NULL,
  `meal_id` varchar(10) DEFAULT NULL,
  `room_type_id` varchar(10) DEFAULT NULL,
  `deposit_type_id` varchar(10) DEFAULT NULL,
  `is_canceled` tinyint(4) DEFAULT NULL,
  `lead_time` int(11) DEFAULT NULL,
  `arrival_date_year` int(11) DEFAULT NULL,
  `arrival_date_month` varchar(15) DEFAULT NULL,
  `arrival_date_week_number` int(11) DEFAULT NULL,
  `arrival_date_day_of_month` int(11) DEFAULT NULL,
  `stays_in_weekend_nights` int(11) DEFAULT NULL,
  `stays_in_week_nights` int(11) DEFAULT NULL,
  `adults` int(11) DEFAULT NULL,
  `children` int(11) DEFAULT NULL,
  `babies` int(11) DEFAULT NULL,
  `booking_changes` int(11) DEFAULT NULL,
  `days_in_waiting_list` int(11) DEFAULT NULL,
  `customer_type` varchar(30) DEFAULT NULL,
  `required_car_parking_spaces` int(11) DEFAULT NULL,
  `total_of_special_requests` int(11) DEFAULT NULL,
  `reservation_status` varchar(30) DEFAULT NULL,
  `reservation_status_date` varchar(30) DEFAULT NULL,
  `adr` decimal(10,2) DEFAULT NULL
) ENGINE=InnoDB DEFAULT CHARSET=utf8 COLLATE=utf8_general_ci;

--
-- Dumping data for table `reservation`
--

INSERT INTO `reservation` (`reservation_id`, `hotel_id`, `customer_id`, `agent_id`, `company_id`, `market_segment_id`, `distribution_channel_id`, `meal_id`, `room_type_id`, `deposit_type_id`, `is_canceled`, `lead_time`, `arrival_date_year`, `arrival_date_month`, `arrival_date_week_number`, `arrival_date_day_of_month`, `stays_in_weekend_nights`, `stays_in_week_nights`, `adults`, `children`, `babies`, `booking_changes`, `days_in_waiting_list`, `customer_type`, `required_car_parking_spaces`, `total_of_special_requests`, `reservation_status`, `reservation_status_date`, `adr`) VALUES
('RES_1', 'HO_1', 'CUS_1', '0', '110', 'MS01', 'DC01', 'BB', 'A', 'DT01', 0, 7, 2015, 'July', 27, 1, 0, 1, 1, 0, 0, 0, 0, 'Transient', 0, 0, 'Check-Out', '42187', 75.00),
('RES_10', 'HO_1', 'CUS_10', '240', '0', 'MS03', 'DC03', 'HB', 'D', 'DT01', 0, 35, 2015, 'July', 27, 1, 0, 4, 2, 0, 0, 0, 0, 'Transient', 0, 0, 'Check-Out', '42190', 145.00),
('RES_100', 'HO_1', 'CUS_100', '8', '0', 'MS04', 'DC03', 'BB', 'D', 'DT01', 0, 98, 2015, 'July', 27, 4, 2, 1, 2, 0, 0, 0, 0, 'Transient', 1, 0, 'Check-Out', '42192', 72.00),
('RES_1000', 'HO_2', 'CUS_1000', '11', '0', 'MS03', 'DC03', 'SC', 'A', 'DT01', 0, 9, 2015, 'November', 45, 7, 0, 1, 2, 0, 0, 2, 0, 'Transient', 0, 1, 'Check-Out', '11/8/2015', 76.00),
('RES_1001', 'HO_2', 'CUS_1001', '14', '0', 'MS01', 'DC01', 'BB', 'A', 'DT01', 0, 8, 2015, 'November', 45, 5, 0, 2, 1, 0, 0, 0, 0, 'Transient', 0, 0, 'Check-Out', '11/7/2015', 90.00),
('RES_1002', 'HO_2', 'CUS_1002', '8', '0', 'MS03', 'DC03', 'BB', 'A', 'DT01', 1, 42, 2015, 'December', 51, 19, 8, 20, 1, 0, 0, 1, 0, 'Transient', 0, 0, 'Canceled', '11/7/2015', 80.00),
('RES_1003', 'HO_2', 'CUS_1003', '9', '0', 'MS03', 'DC03', 'BB', 'A', 'DT01', 1, 194, 2016, 'May', 19, 4, 0, 4, 2, 0, 0, 0, 0, 'Contract', 0, 0, 'Canceled', '11/7/2015', 106.00),
('RES_1004', 'HO_2', 'CUS_1004', '9', '0', 'MS03', 'DC03', 'BB', 'A', 'DT01', 0, 4, 2015, 'November', 45, 4, 0, 4, 1, 0, 0, 0, 0, 'Transient', 0, 1, 'Check-Out', '11/8/2015', 101.00),
('RES_1005', 'HO_2', 'CUS_1005', '9', '0', 'MS03', 'DC03', 'BB', 'A', 'DT01', 0, 14, 2015, 'November', 45, 5, 0, 3, 1, 0, 0, 0, 0, 'Contract', 0, 1, 'Check-Out', '11/8/2015', 101.00),
('RES_1006', 'HO_2', 'CUS_1006', '9', '0', 'MS03', 'DC03', 'BB', 'F', 'DT01', 0, 29, 2015, 'November', 45, 4, 0, 4, 2, 2, 0, 0, 0, 'Contract', 0, 3, 'Check-Out', '11/8/2015', 150.00),
('RES_1007', 'HO_2', 'CUS_1007', '85', '0', 'MS04', 'DC03', 'BB', 'A', 'DT01', 0, 12, 2015, 'November', 45, 2, 1, 5, 2, 0, 0, 0, 0, 'Transient', 0, 0, 'Check-Out', '11/8/2015', 68.00),
('RES_1008', 'HO_2', 'CUS_1008', '85', '0', 'MS04', 'DC03', 'BB', 'A', 'DT01', 0, 22, 2015, 'November', 45, 6, 0, 2, 2, 0, 0, 0, 0, 'Transient', 0, 0, 'Check-Out', '11/8/2015', 75.00),
('RES_1009', 'HO_2', 'CUS_1009', '11', '0', 'MS03', 'DC03', 'SC', 'A', 'DT01', 0, 9, 2015, 'November', 45, 7, 0, 1, 2, 0, 0, 0, 0, 'Transient', 0, 1, 'Check-Out', '11/8/2015', 76.00),
('RES_101', 'HO_1', 'CUS_101', '241', '0', 'MS04', 'DC03', 'BB', 'F', 'DT01', 0, 92, 2015, 'July', 27, 4, 2, 4, 1, 2, 0, 0, 0, 'Transient', 0, 2, 'Check-Out', '42195', 96.00),
('RES_1010', 'HO_2', 'CUS_1010', '27', '0', 'MS04', 'DC03', 'BB', 'D', 'DT01', 0, 19, 2015, 'November', 45, 4, 0, 4, 2, 0, 0, 0, 0, 'Transient', 0, 2, 'Check-Out', '11/8/2015', 53.00),
('RES_1011', 'HO_2', 'CUS_1011', '9', '0', 'MS03', 'DC03', 'BB', 'A', 'DT01', 0, 16, 2015, 'November', 45, 6, 0, 2, 1, 0, 0, 0, 0, 'Contract', 0, 1, 'Check-Out', '11/8/2015', 81.00),
('RES_1012', 'HO_2', 'CUS_1012', '28', '0', 'MS04', 'DC03', 'BB', 'A', 'DT01', 0, 2, 2015, 'November', 45, 4, 0, 4, 1, 0, 0, 0, 0, 'Transient', 0, 0, 'Check-Out', '11/8/2015', 64.00),
('RES_1013', 'HO_2', 'CUS_1013', '16', '0', 'MS04', 'DC03', 'BB', 'A', 'DT01', 0, 21, 2015, 'November', 45, 5, 0, 3, 2, 0, 0, 1, 0, 'Transient', 0, 1, 'Check-Out', '11/8/2015', 37.00),
('RES_1014', 'HO_2', 'CUS_1014', '9', '0', 'MS03', 'DC03', 'BB', 'A', 'DT01', 0, 3, 2015, 'November', 45, 6, 0, 2, 1, 0, 0, 0, 0, 'Contract', 0, 2, 'Check-Out', '11/8/2015', 101.00),
('RES_1015', 'HO_2', 'CUS_1015', '9', '0', 'MS03', 'DC03', 'BB', 'A', 'DT01', 0, 3, 2015, 'November', 45, 6, 0, 2, 1, 0, 0, 0, 0, 'Contract', 0, 2, 'Check-Out', '11/8/2015', 101.00),
('RES_1016', 'HO_2', 'CUS_1016', '9', '0', 'MS03', 'DC03', 'BB', 'A', 'DT01', 0, 17, 2015, 'November', 45, 3, 0, 5, 2, 0, 0, 0, 0, 'Transient', 0, 1, 'Check-Out', '11/8/2015', 91.00),
('RES_1017', 'HO_2', 'CUS_1017', '9', '0', 'MS03', 'DC03', 'BB', 'A', 'DT01', 0, 6, 2015, 'November', 45, 6, 0, 2, 2, 0, 0, 0, 0, 'Transient', 1, 0, 'Check-Out', '11/8/2015', 116.00),
('RES_1018', 'HO_2', 'CUS_1018', '14', '0', 'MS01', 'DC01', 'BB', 'A', 'DT01', 0, 1, 2015, 'November', 45, 5, 0, 3, 2, 0, 0, 0, 0, 'Transient', 0, 0, 'Check-Out', '11/8/2015', 95.00),
('RES_1019', 'HO_2', 'CUS_1019', '28', '0', 'MS04', 'DC03', 'BB', 'D', 'DT01', 0, 36, 2015, 'November', 45, 3, 0, 5, 2, 0, 0, 1, 0, 'Group', 0, 0, 'Check-Out', '11/8/2015', 60.00),
('RES_102', 'HO_1', 'CUS_102', '240', '0', 'MS03', 'DC03', 'BB', 'A', 'DT01', 0, 95, 2015, 'July', 27, 4, 2, 4, 2, 0, 0, 0, 0, 'Transient', 1, 2, 'Check-Out', '42195', 86.00),
('RES_1020', 'HO_2', 'CUS_1020', '9', '0', 'MS03', 'DC03', 'BB', 'B', 'DT01', 0, 3, 2015, 'November', 45, 5, 0, 3, 2, 0, 0, 0, 0, 'Contract', 0, 1, 'Check-Out', '11/8/2015', 97.00),
('RES_1021', 'HO_2', 'CUS_1021', '9', '0', 'MS03', 'DC03', 'BB', 'B', 'DT01', 0, 3, 2015, 'November', 45, 5, 0, 3, 2, 0, 0, 0, 0, 'Contract', 1, 1, 'Check-Out', '11/8/2015', 106.00),
('RES_1022', 'HO_2', 'CUS_1022', '9', '0', 'MS03', 'DC03', 'BB', 'A', 'DT01', 0, 23, 2015, 'November', 45, 4, 0, 4, 2, 0, 0, 0, 0, 'Contract', 0, 1, 'Check-Out', '11/8/2015', 91.00),
('RES_1023', 'HO_2', 'CUS_1023', '7', '0', 'MS03', 'DC03', 'BB', 'D', 'DT01', 0, 28, 2015, 'November', 45, 4, 0, 4, 2, 0, 0, 0, 0, 'Transient', 0, 1, 'Check-Out', '11/8/2015', 86.00),
('RES_1024', 'HO_2', 'CUS_1024', '9', '0', 'MS03', 'DC03', 'BB', 'A', 'DT01', 0, 15, 2015, 'November', 45, 6, 0, 2, 1, 0, 0, 0, 0, 'Contract', 0, 1, 'Check-Out', '11/8/2015', 81.00),
('RES_1025', 'HO_2', 'CUS_1025', '28', '0', 'MS04', 'DC03', 'BB', 'D', 'DT01', 0, 42, 2015, 'November', 45, 5, 0, 3, 2, 0, 0, 0, 0, 'Transient', 0, 0, 'Check-Out', '11/8/2015', 60.00),
('RES_1026', 'HO_2', 'CUS_1026', '9', '0', 'MS03', 'DC03', 'SC', 'A', 'DT01', 0, 10, 2015, 'November', 45, 6, 0, 2, 2, 0, 0, 1, 0, 'Transient', 0, 1, 'Check-Out', '11/8/2015', 83.00),
('RES_1027', 'HO_2', 'CUS_1027', '27', '0', 'MS04', 'DC03', 'BB', 'A', 'DT01', 0, 28, 2015, 'November', 45, 2, 2, 5, 2, 0, 0, 0, 0, 'Transient', 0, 0, 'Check-Out', '11/9/2015', 41.00),
('RES_1028', 'HO_2', 'CUS_1028', '28', '0', 'MS04', 'DC03', 'BB', 'D', 'DT01', 0, 45, 2015, 'November', 45, 6, 1, 2, 2, 0, 0, 0, 0, 'Transient', 0, 0, 'Check-Out', '11/9/2015', 60.00),
('RES_1029', 'HO_2', 'CUS_1029', '28', '0', 'MS04', 'DC03', 'BB', 'D', 'DT01', 0, 46, 2015, 'November', 45, 6, 1, 2, 2, 0, 0, 0, 0, 'Transient', 0, 0, 'Check-Out', '11/9/2015', 60.00),
('RES_103', 'HO_1', 'CUS_103', '240', '0', 'MS03', 'DC03', 'BB', 'E', 'DT01', 0, 102, 2015, 'July', 27, 4, 2, 5, 2, 0, 0, 0, 0, 'Transient', 0, 1, 'Check-Out', '42196', 96.00),
('RES_1030', 'HO_2', 'CUS_1030', '85', '0', 'MS04', 'DC03', 'BB', 'D', 'DT01', 0, 4, 2015, 'November', 45, 6, 1, 2, 2, 0, 0, 0, 0, 'Transient', 0, 0, 'Check-Out', '11/9/2015', 78.00),
('RES_1031', 'HO_2', 'CUS_1031', '7', '0', 'MS03', 'DC03', 'SC', 'A', 'DT01', 0, 0, 2015, 'November', 45, 7, 1, 1, 1, 0, 0, 0, 0, 'Group', 0, 0, 'Check-Out', '11/9/2015', 73.00),
('RES_1032', 'HO_2', 'CUS_1032', '9', '0', 'MS03', 'DC03', 'BB', 'A', 'DT01', 0, 26, 2015, 'November', 45, 3, 1, 5, 2, 0, 0, 0, 0, 'Transient', 0, 0, 'Check-Out', '11/9/2015', 99.00),
('RES_1033', 'HO_2', 'CUS_1033', '9', '0', 'MS03', 'DC03', 'BB', 'A', 'DT01', 0, 52, 2015, 'November', 45, 6, 1, 2, 2, 0, 0, 0, 0, 'Contract', 0, 1, 'Check-Out', '11/9/2015', 73.00),
('RES_1034', 'HO_2', 'CUS_1034', '28', '0', 'MS04', 'DC03', 'BB', 'D', 'DT01', 0, 38, 2015, 'November', 45, 5, 1, 3, 2, 0, 0, 1, 0, 'Group', 0, 0, 'Check-Out', '11/9/2015', 60.00),
('RES_1035', 'HO_2', 'CUS_1035', '28', '0', 'MS04', 'DC03', 'BB', 'D', 'DT01', 0, 38, 2015, 'November', 45, 5, 1, 3, 2, 0, 0, 0, 0, 'Group', 0, 0, 'Check-Out', '11/9/2015', 60.00),
('RES_1036', 'HO_2', 'CUS_1036', '28', '0', 'MS04', 'DC03', 'BB', 'D', 'DT01', 0, 46, 2015, 'November', 45, 6, 1, 2, 2, 0, 0, 0, 0, 'Transient', 0, 1, 'Check-Out', '11/9/2015', 60.00),
('RES_1037', 'HO_2', 'CUS_1037', '28', '0', 'MS04', 'DC03', 'BB', 'D', 'DT01', 0, 46, 2015, 'November', 45, 6, 1, 2, 2, 0, 0, 0, 0, 'Transient', 0, 1, 'Check-Out', '11/9/2015', 60.00),
('RES_1038', 'HO_2', 'CUS_1038', '85', '0', 'MS04', 'DC03', 'BB', 'D', 'DT01', 0, 6, 2015, 'November', 45, 4, 1, 4, 2, 0, 0, 0, 0, 'Transient', 0, 0, 'Check-Out', '11/9/2015', 78.00),
('RES_1039', 'HO_2', 'CUS_1039', '9', '0', 'MS03', 'DC03', 'SC', 'A', 'DT01', 0, 4, 2015, 'November', 45, 6, 1, 2, 2, 0, 0, 1, 0, 'Contract', 1, 1, 'Check-Out', '11/9/2015', 104.00),
('RES_104', 'HO_1', 'CUS_104', '240', '0', 'MS03', 'DC03', 'BB', 'H', 'DT01', 1, 26, 2015, 'July', 27, 4, 2, 5, 2, 2, 0, 0, 0, 'Transient', 0, 0, 'Canceled', '42164', 163.00),
('RES_1040', 'HO_2', 'CUS_1040', '9', '0', 'MS03', 'DC03', 'BB', 'D', 'DT01', 0, 51, 2015, 'November', 45, 4, 1, 4, 2, 0, 0, 0, 0, 'Contract', 0, 1, 'Check-Out', '11/9/2015', 103.00),
('RES_1041', 'HO_2', 'CUS_1041', '22', '0', 'MS04', 'DC03', 'BB', 'A', 'DT02', 0, 29, 2015, 'November', 45, 6, 1, 2, 2, 0, 0, 0, 0, 'Transient-Party', 0, 0, 'Check-Out', '11/9/2015', 63.00),
('RES_1042', 'HO_2', 'CUS_1042', '22', '0', 'MS04', 'DC03', 'BB', 'A', 'DT01', 0, 29, 2015, 'November', 45, 6, 1, 2, 2, 0, 0, 0, 0, 'Transient', 0, 0, 'Check-Out', '11/9/2015', 63.00),
('RES_1043', 'HO_2', 'CUS_1043', '14', '0', 'MS01', 'DC01', 'BB', 'A', 'DT01', 0, 0, 2015, 'November', 45, 4, 1, 4, 2, 0, 0, 0, 0, 'Transient', 0, 1, 'Check-Out', '11/9/2015', 95.00),
('RES_1044', 'HO_2', 'CUS_1044', '7', '0', 'MS03', 'DC03', 'BB', 'A', 'DT01', 0, 8, 2015, 'November', 45, 7, 1, 1, 2, 0, 0, 0, 0, 'Transient', 0, 1, 'Check-Out', '11/9/2015', 82.00),
('RES_1045', 'HO_2', 'CUS_1045', '28', '0', 'MS04', 'DC03', 'BB', 'D', 'DT01', 0, 49, 2015, 'November', 45, 6, 1, 2, 2, 0, 0, 0, 0, 'Transient', 0, 0, 'Check-Out', '11/9/2015', 60.00),
('RES_1046', 'HO_2', 'CUS_1046', '14', '0', 'MS01', 'DC01', 'BB', 'A', 'DT01', 0, 9, 2015, 'November', 45, 4, 1, 4, 2, 0, 0, 0, 0, 'Transient', 0, 0, 'Check-Out', '11/9/2015', 95.00),
('RES_1047', 'HO_2', 'CUS_1047', '9', '0', 'MS03', 'DC03', 'BB', 'A', 'DT01', 0, 29, 2015, 'November', 45, 6, 1, 2, 2, 0, 0, 0, 0, 'Transient', 0, 2, 'Check-Out', '11/9/2015', 96.00),
('RES_1048', 'HO_2', 'CUS_1048', '9', '0', 'MS03', 'DC03', 'BB', 'A', 'DT01', 0, 29, 2015, 'November', 45, 6, 1, 2, 2, 0, 0, 0, 0, 'Transient', 0, 2, 'Check-Out', '11/9/2015', 96.00),
('RES_1049', 'HO_2', 'CUS_1049', '9', '0', 'MS03', 'DC03', 'BB', 'A', 'DT01', 0, 52, 2015, 'November', 45, 6, 1, 2, 2, 0, 0, 0, 0, 'Contract', 0, 2, 'Check-Out', '11/9/2015', 79.00),
('RES_105', 'HO_1', 'CUS_105', '250', '0', 'MS01', 'DC01', 'HB', 'D', 'DT01', 1, 73, 2015, 'July', 27, 4, 2, 5, 3, 0, 0, 0, 0, 'Transient', 0, 1, 'Canceled', '42144', 172.00),
('RES_1050', 'HO_2', 'CUS_1050', '28', '0', 'MS04', 'DC03', 'BB', 'D', 'DT01', 0, 46, 2015, 'November', 45, 6, 1, 2, 2, 0, 0, 0, 0, 'Transient', 0, 0, 'Check-Out', '11/9/2015', 60.00),
('RES_1051', 'HO_2', 'CUS_1051', '28', '0', 'MS04', 'DC03', 'BB', 'A', 'DT01', 0, 3, 2015, 'November', 45, 6, 1, 2, 2, 0, 0, 0, 0, 'Transient', 0, 0, 'Check-Out', '11/9/2015', 80.00),
('RES_1052', 'HO_2', 'CUS_1052', '9', '0', 'MS03', 'DC03', 'BB', 'A', 'DT01', 1, 361, 2016, 'November', 45, 4, 0, 1, 1, 0, 0, 0, 0, 'Group', 0, 0, 'Canceled', '11/9/2015', 91.00),
('RES_1053', 'HO_2', 'CUS_1053', '9', '0', 'MS03', 'DC03', 'BB', 'A', 'DT01', 1, 361, 2016, 'November', 45, 4, 0, 1, 1, 0, 0, 0, 0, 'Group', 0, 0, 'Canceled', '11/9/2015', 91.00),
('RES_1054', 'HO_2', 'CUS_1054', '9', '0', 'MS03', 'DC03', 'BB', 'A', 'DT01', 1, 361, 2016, 'November', 45, 4, 0, 1, 1, 0, 0, 0, 0, 'Group', 0, 0, 'Canceled', '11/9/2015', 91.00),
('RES_1055', 'HO_2', 'CUS_1055', '9', '0', 'MS03', 'DC03', 'BB', 'A', 'DT01', 1, 361, 2016, 'November', 45, 4, 0, 1, 1, 0, 0, 0, 0, 'Group', 0, 0, 'Canceled', '11/9/2015', 91.00),
('RES_1056', 'HO_2', 'CUS_1056', '9', '0', 'MS03', 'DC03', 'BB', 'A', 'DT01', 1, 361, 2016, 'November', 45, 4, 0, 1, 1, 0, 0, 0, 0, 'Group', 0, 0, 'Canceled', '11/9/2015', 91.00),
('RES_1057', 'HO_2', 'CUS_1057', '9', '0', 'MS03', 'DC03', 'BB', 'A', 'DT01', 1, 159, 2016, 'March', 13, 20, 2, 0, 2, 0, 0, 0, 0, 'Contract', 0, 2, 'Canceled', '11/9/2015', 90.00),
('RES_1058', 'HO_2', 'CUS_1058', '9', '0', 'MS03', 'DC03', 'BB', 'A', 'DT01', 1, 159, 2016, 'March', 13, 20, 2, 0, 2, 0, 0, 0, 0, 'Contract', 0, 2, 'Canceled', '11/9/2015', 90.00),
('RES_1059', 'HO_2', 'CUS_1059', '9', '0', 'MS03', 'DC03', 'BB', 'A', 'DT01', 1, 61, 2015, 'December', 53, 30, 1, 4, 2, 0, 0, 0, 0, 'Transient', 0, 1, 'Canceled', '11/9/2015', 87.00),
('RES_106', 'HO_1', 'CUS_106', '240', '0', 'MS03', 'DC03', 'BB', 'A', 'DT01', 1, 102, 2015, 'July', 27, 4, 2, 5, 2, 0, 0, 0, 0, 'Transient', 0, 1, 'Canceled', '42116', 111.00),
('RES_1060', 'HO_2', 'CUS_1060', '9', '0', 'MS03', 'DC03', 'BB', 'A', 'DT01', 1, 23, 2015, 'November', 46, 13, 1, 2, 1, 0, 0, 0, 0, 'Contract', 0, 2, 'Canceled', '11/9/2015', 101.00),
('RES_1061', 'HO_2', 'CUS_1061', '9', '0', 'MS03', 'DC03', 'BB', 'A', 'DT01', 1, 23, 2015, 'November', 46, 13, 1, 2, 1, 0, 0, 0, 0, 'Contract', 0, 2, 'Canceled', '11/9/2015', 101.00),
('RES_1062', 'HO_2', 'CUS_1062', '9', '0', 'MS03', 'DC03', 'BB', 'D', 'DT01', 1, 23, 2015, 'November', 46, 13, 1, 2, 1, 0, 0, 0, 0, 'Contract', 0, 2, 'Canceled', '11/9/2015', 117.00),
('RES_1063', 'HO_2', 'CUS_1063', '9', '0', 'MS03', 'DC03', 'BB', 'D', 'DT01', 1, 23, 2015, 'November', 46, 13, 1, 2, 1, 0, 0, 0, 0, 'Contract', 0, 2, 'Canceled', '11/9/2015', 126.00),
('RES_1064', 'HO_2', 'CUS_1064', '16', '0', 'MS04', 'DC03', 'BB', 'A', 'DT01', 0, 14, 2015, 'November', 45, 5, 1, 3, 2, 0, 0, 0, 0, 'Transient', 0, 0, 'Check-Out', '11/9/2015', 44.00),
('RES_1065', 'HO_2', 'CUS_1065', '9', '0', 'MS03', 'DC03', 'BB', 'B', 'DT01', 1, 25, 2015, 'November', 48, 27, 2, 5, 2, 0, 0, 0, 0, 'Contract', 0, 0, 'Canceled', '11/9/2015', 87.00),
('RES_1066', 'HO_2', 'CUS_1066', '9', '0', 'MS03', 'DC03', 'BB', 'B', 'DT01', 1, 25, 2015, 'November', 48, 27, 2, 5, 2, 0, 0, 0, 0, 'Contract', 0, 0, 'Canceled', '11/9/2015', 87.00),
('RES_1067', 'HO_2', 'CUS_1067', '14', '0', 'MS01', 'DC01', 'BB', 'A', 'DT01', 1, 2, 2015, 'November', 46, 9, 3, 8, 2, 0, 0, 0, 0, 'Transient', 0, 0, 'Canceled', '11/9/2015', 96.00),
('RES_1068', 'HO_2', 'CUS_1068', '14', '0', 'MS01', 'DC01', 'BB', 'A', 'DT01', 1, 3, 2015, 'November', 49, 30, 3, 8, 2, 0, 0, 0, 0, 'Transient', 0, 2, 'Canceled', '11/30/2015', 89.00),
('RES_1069', 'HO_2', 'CUS_1069', '28', '0', 'MS04', 'DC03', 'BB', 'D', 'DT01', 0, 40, 2015, 'November', 45, 7, 2, 1, 2, 0, 0, 1, 0, 'Group', 0, 0, 'Check-Out', '11/10/2015', 60.00),
('RES_107', 'HO_1', 'CUS_107', '134', '0', 'MS04', 'DC03', 'BB', 'A', 'DT01', 0, 115, 2015, 'July', 27, 4, 2, 5, 2, 0, 0, 0, 0, 'Transient', 0, 1, 'Check-Out', '42196', 59.00),
('RES_1070', 'HO_2', 'CUS_1070', '9', '0', 'MS03', 'DC03', 'BB', 'A', 'DT01', 0, 11, 2015, 'November', 45, 6, 2, 2, 2, 0, 0, 0, 0, 'Transient', 0, 1, 'Check-Out', '11/10/2015', 91.00),
('RES_1071', 'HO_2', 'CUS_1071', '9', '0', 'MS03', 'DC03', 'BB', 'A', 'DT01', 0, 24, 2015, 'November', 46, 8, 2, 0, 1, 0, 0, 0, 0, 'Contract', 0, 1, 'Check-Out', '11/10/2015', 101.00),
('RES_1072', 'HO_2', 'CUS_1072', '9', '0', 'MS03', 'DC03', 'BB', 'A', 'DT01', 0, 12, 2015, 'November', 45, 7, 2, 1, 2, 0, 0, 0, 0, 'Transient', 1, 0, 'Check-Out', '11/10/2015', 114.00),
('RES_1073', 'HO_2', 'CUS_1073', '9', '0', 'MS03', 'DC03', 'BB', 'A', 'DT01', 0, 25, 2015, 'November', 45, 6, 2, 2, 2, 0, 0, 0, 0, 'Contract', 0, 1, 'Check-Out', '11/10/2015', 91.00),
('RES_1074', 'HO_2', 'CUS_1074', '9', '0', 'MS03', 'DC03', 'BB', 'A', 'DT01', 0, 0, 2015, 'November', 46, 9, 1, 0, 1, 0, 0, 0, 0, 'Contract', 0, 1, 'Check-Out', '11/10/2015', 91.00),
('RES_1075', 'HO_2', 'CUS_1075', '28', '0', 'MS04', 'DC03', 'BB', 'A', 'DT01', 0, 4, 2015, 'November', 45, 6, 2, 2, 2, 0, 0, 0, 0, 'Transient', 0, 0, 'Check-Out', '11/10/2015', 68.00),
('RES_1076', 'HO_2', 'CUS_1076', '27', '0', 'MS04', 'DC03', 'BB', 'A', 'DT01', 0, 22, 2015, 'November', 45, 6, 2, 2, 2, 0, 0, 0, 0, 'Transient', 0, 0, 'Check-Out', '11/10/2015', 44.00),
('RES_1077', 'HO_2', 'CUS_1077', '9', '0', 'MS03', 'DC03', 'BB', 'D', 'DT01', 1, 5, 2015, 'November', 46, 14, 0, 1, 2, 0, 0, 0, 0, 'Transient', 0, 0, 'Canceled', '11/10/2015', 107.00),
('RES_1078', 'HO_2', 'CUS_1078', '28', '0', 'MS04', 'DC03', 'BB', 'D', 'DT01', 0, 40, 2015, 'November', 45, 7, 2, 1, 2, 0, 0, 0, 0, 'Group', 0, 0, 'Check-Out', '11/10/2015', 60.00),
('RES_1079', 'HO_2', 'CUS_1079', '28', '0', 'MS04', 'DC03', 'BB', 'D', 'DT01', 0, 56, 2015, 'November', 45, 6, 2, 2, 2, 0, 0, 0, 0, 'Transient', 0, 0, 'Check-Out', '11/10/2015', 60.00),
('RES_108', 'HO_1', 'CUS_108', '240', '0', 'MS03', 'DC03', 'BB', 'A', 'DT01', 0, 102, 2015, 'July', 27, 4, 2, 5, 2, 0, 1, 0, 0, 'Transient', 0, 2, 'Check-Out', '42196', 74.00),
('RES_1080', 'HO_2', 'CUS_1080', '9', '0', 'MS03', 'DC03', 'BB', 'A', 'DT01', 0, 8, 2015, 'November', 45, 6, 2, 2, 2, 0, 0, 0, 0, 'Transient', 0, 1, 'Check-Out', '11/10/2015', 105.00),
('RES_1081', 'HO_2', 'CUS_1081', '9', '0', 'MS03', 'DC03', 'SC', 'A', 'DT01', 0, 0, 2015, 'November', 46, 9, 1, 0, 2, 0, 0, 0, 0, 'Contract', 1, 0, 'Check-Out', '11/10/2015', 85.00),
('RES_1082', 'HO_2', 'CUS_1082', '28', '0', 'MS04', 'DC03', 'BB', 'D', 'DT01', 0, 44, 2015, 'November', 45, 5, 2, 3, 2, 0, 0, 0, 0, 'Transient', 0, 0, 'Check-Out', '11/10/2015', 60.00),
('RES_1083', 'HO_2', 'CUS_1083', '14', '0', 'MS01', 'DC01', 'BB', 'D', 'DT01', 0, 22, 2015, 'November', 45, 5, 2, 3, 2, 1, 0, 0, 0, 'Transient', 0, 3, 'Check-Out', '11/10/2015', 117.00),
('RES_1084', 'HO_2', 'CUS_1084', '14', '0', 'MS01', 'DC01', 'BB', 'D', 'DT01', 0, 22, 2015, 'November', 45, 5, 2, 3, 2, 1, 0, 0, 0, 'Transient', 0, 3, 'Check-Out', '11/10/2015', 117.00),
('RES_1085', 'HO_2', 'CUS_1085', '6', '0', 'MS04', 'DC03', 'BB', 'A', 'DT01', 0, 39, 2015, 'November', 45, 7, 2, 1, 2, 0, 0, 0, 0, 'Transient', 0, 0, 'Check-Out', '11/10/2015', 63.00),
('RES_1086', 'HO_2', 'CUS_1086', '9', '0', 'MS03', 'DC03', 'SC', 'A', 'DT01', 0, 0, 2016, 'January', 2, 7, 0, 1, 1, 0, 0, 1, 0, 'Transient', 1, 0, 'Check-Out', '1/8/2016', 78.00),
('RES_1087', 'HO_2', 'CUS_1087', '9', '0', 'MS03', 'DC03', 'SC', 'A', 'DT01', 0, 1, 2016, 'January', 2, 8, 0, 2, 2, 0, 0, 0, 0, 'Transient-Party', 0, 0, 'Check-Out', '1/10/2016', 68.00),
('RES_1088', 'HO_2', 'CUS_1088', '9', '0', 'MS03', 'DC03', 'SC', 'A', 'DT01', 0, 1, 2016, 'January', 2, 8, 0, 2, 2, 0, 0, 0, 0, 'Transient-Party', 1, 0, 'Check-Out', '1/10/2016', 77.00),
('RES_1089', 'HO_2', 'CUS_1089', '9', '0', 'MS03', 'DC03', 'BB', 'D', 'DT01', 0, 1, 2016, 'January', 2, 9, 1, 1, 2, 0, 0, 0, 0, 'Transient', 0, 1, 'Check-Out', '1/11/2016', 89.00),
('RES_109', 'HO_1', 'CUS_109', '240', '0', 'MS03', 'DC03', 'BB', 'D', 'DT01', 0, 86, 2015, 'July', 27, 4, 2, 5, 2, 0, 0, 0, 0, 'Transient', 0, 2, 'Check-Out', '42196', 97.00),
('RES_1090', 'HO_2', 'CUS_1090', '9', '0', 'MS03', 'DC03', 'BB', 'A', 'DT01', 0, 2, 2016, 'January', 3, 12, 0, 2, 1, 0, 0, 0, 0, 'Transient', 0, 1, 'Check-Out', '1/14/2016', 83.00),
('RES_1091', 'HO_2', 'CUS_1091', '9', '0', 'MS03', 'DC03', 'BB', 'A', 'DT01', 0, 4, 2016, 'January', 3, 12, 0, 3, 2, 0, 0, 0, 0, 'Transient', 0, 1, 'Check-Out', '1/15/2016', 80.00),
('RES_1092', 'HO_2', 'CUS_1092', '9', '0', 'MS03', 'DC03', 'BB', 'A', 'DT01', 0, 2, 2016, 'January', 3, 13, 0, 2, 1, 0, 0, 0, 0, 'Transient', 0, 0, 'Check-Out', '1/15/2016', 78.00),
('RES_1093', 'HO_2', 'CUS_1093', '9', '0', 'MS03', 'DC03', 'BB', 'A', 'DT01', 0, 3, 2016, 'January', 3, 14, 0, 1, 2, 0, 0, 0, 0, 'Transient', 0, 1, 'Check-Out', '1/15/2016', 84.00),
('RES_1094', 'HO_2', 'CUS_1094', '7', '0', 'MS03', 'DC03', 'BB', 'A', 'DT01', 0, 1, 2016, 'January', 3, 14, 0, 1, 1, 0, 0, 0, 0, 'Transient', 0, 0, 'Check-Out', '1/15/2016', 67.00),
('RES_1095', 'HO_2', 'CUS_1095', '9', '0', 'MS03', 'DC03', 'BB', 'A', 'DT01', 0, 0, 2016, 'January', 3, 14, 0, 1, 2, 0, 0, 0, 0, 'Transient', 0, 0, 'Check-Out', '1/15/2016', 82.00),
('RES_1096', 'HO_2', 'CUS_1096', '9', '0', 'MS03', 'DC03', 'BB', 'A', 'DT01', 0, 5, 2016, 'January', 3, 14, 0, 2, 1, 0, 0, 0, 0, 'Transient', 0, 1, 'Check-Out', '1/16/2016', 74.00),
('RES_1097', 'HO_2', 'CUS_1097', '9', '0', 'MS03', 'DC03', 'SC', 'A', 'DT01', 0, 4, 2016, 'January', 3, 15, 0, 1, 2, 0, 0, 0, 0, 'Transient', 0, 1, 'Check-Out', '1/16/2016', 77.00),
('RES_1098', 'HO_2', 'CUS_1098', '9', '0', 'MS03', 'DC03', 'BB', 'A', 'DT01', 0, 8, 2016, 'January', 3, 15, 0, 1, 2, 0, 0, 0, 0, 'Transient', 0, 1, 'Check-Out', '1/16/2016', 80.00),
('RES_1099', 'HO_2', 'CUS_1099', '9', '0', 'MS03', 'DC03', 'SC', 'A', 'DT01', 0, 1, 2016, 'January', 3, 15, 0, 1, 2, 0, 0, 0, 0, 'Transient', 0, 0, 'Check-Out', '1/16/2016', 75.00),
('RES_11', 'HO_1', 'CUS_11', '240', '0', 'MS03', 'DC03', 'BB', 'D', 'DT01', 0, 68, 2015, 'July', 27, 1, 0, 4, 2, 0, 0, 0, 0, 'Transient', 0, 3, 'Check-Out', '42190', 97.00),
('RES_110', 'HO_1', 'CUS_110', '240', '0', 'MS03', 'DC03', 'HB', 'E', 'DT01', 0, 78, 2015, 'July', 27, 4, 2, 5, 2, 0, 1, 0, 0, 'Transient', 0, 2, 'Check-Out', '42196', 139.00),
('RES_1100', 'HO_2', 'CUS_1100', '9', '0', 'MS03', 'DC03', 'BB', 'A', 'DT01', 0, 4, 2016, 'January', 3, 15, 0, 1, 1, 0, 0, 0, 0, 'Transient', 0, 1, 'Check-Out', '1/16/2016', 74.00),
('RES_1101', 'HO_2', 'CUS_1101', '9', '0', 'MS03', 'DC03', 'BB', 'D', 'DT01', 0, 5, 2016, 'January', 3, 15, 0, 1, 2, 0, 0, 0, 0, 'Transient', 0, 1, 'Check-Out', '1/16/2016', 89.00),
('RES_1102', 'HO_2', 'CUS_1102', '9', '0', 'MS03', 'DC03', 'BB', 'A', 'DT01', 0, 3, 2016, 'January', 3, 16, 2, 2, 2, 0, 0, 0, 0, 'Transient', 0, 1, 'Check-Out', '1/20/2016', 80.00),
('RES_1103', 'HO_2', 'CUS_1103', '9', '0', 'MS03', 'DC03', 'SC', 'A', 'DT01', 0, 2, 2016, 'January', 3, 16, 0, 1, 2, 0, 0, 0, 0, 'Transient', 1, 1, 'Check-Out', '1/17/2016', 86.00),
('RES_1104', 'HO_2', 'CUS_1104', '9', '0', 'MS03', 'DC03', 'BB', 'A', 'DT01', 0, 0, 2016, 'January', 4, 17, 1, 0, 2, 0, 0, 0, 0, 'Transient', 0, 0, 'Check-Out', '1/18/2016', 93.00),
('RES_1105', 'HO_2', 'CUS_1105', '9', '0', 'MS03', 'DC03', 'BB', 'A', 'DT01', 0, 5, 2016, 'January', 4, 22, 1, 2, 2, 0, 0, 0, 0, 'Transient', 0, 1, 'Check-Out', '1/25/2016', 89.00),
('RES_1106', 'HO_2', 'CUS_1106', '9', '0', 'MS03', 'DC03', 'BB', 'D', 'DT01', 0, 1, 2016, 'January', 5, 29, 2, 2, 2, 0, 0, 0, 0, 'Transient', 0, 1, 'Check-Out', '2/2/2016', 106.00),
('RES_1107', 'HO_2', 'CUS_1107', '9', '0', 'MS03', 'DC03', 'BB', 'D', 'DT01', 0, 12, 2016, 'February', 6, 5, 1, 2, 2, 0, 0, 0, 0, 'Transient', 0, 1, 'Check-Out', '2/8/2016', 108.00),
('RES_1108', 'HO_2', 'CUS_1108', '9', '0', 'MS03', 'DC03', 'BB', 'D', 'DT01', 0, 8, 2016, 'February', 7, 10, 0, 3, 3, 0, 0, 1, 0, 'Transient', 0, 2, 'Check-Out', '2/13/2016', 93.00),
('RES_1109', 'HO_2', 'CUS_1109', '9', '0', 'MS03', 'DC03', 'SC', 'A', 'DT01', 0, 1, 2016, 'February', 7, 12, 0, 2, 2, 0, 0, 0, 0, 'Transient', 0, 1, 'Check-Out', '2/14/2016', 79.00),
('RES_111', 'HO_1', 'CUS_111', '147', '0', 'MS03', 'DC03', 'BB', 'A', 'DT01', 0, 52, 2015, 'July', 27, 4, 2, 5, 2, 0, 0, 0, 0, 'Transient', 0, 0, 'Check-Out', '42196', 67.00),
('RES_1110', 'HO_2', 'CUS_1110', '9', '0', 'MS03', 'DC03', 'SC', 'A', 'DT01', 0, 10, 2016, 'February', 7, 13, 0, 1, 2, 0, 0, 0, 0, 'Transient', 0, 1, 'Check-Out', '2/14/2016', 79.00),
('RES_1111', 'HO_2', 'CUS_1111', '9', '0', 'MS03', 'DC03', 'BB', 'A', 'DT01', 0, 5, 2015, 'November', 46, 9, 1, 1, 2, 0, 0, 0, 0, 'Contract', 0, 1, 'Check-Out', '11/11/2015', 94.00),
('RES_1112', 'HO_2', 'CUS_1112', '28', '0', 'MS04', 'DC03', 'BB', 'D', 'DT01', 0, 46, 2015, 'November', 45, 7, 2, 2, 2, 0, 0, 0, 0, 'Transient', 0, 0, 'Check-Out', '11/11/2015', 60.00),
('RES_1113', 'HO_2', 'CUS_1113', '10', '0', 'MS03', 'DC03', 'SC', 'A', 'DT01', 1, 8, 2015, 'November', 46, 11, 0, 2, 2, 0, 0, 1, 0, 'Transient', 0, 0, 'Canceled', '11/11/2015', 77.00),
('RES_1114', 'HO_2', 'CUS_1114', '28', '0', 'MS04', 'DC03', 'BB', 'D', 'DT01', 0, 47, 2015, 'November', 45, 7, 2, 2, 2, 0, 0, 0, 0, 'Transient', 0, 1, 'Check-Out', '11/11/2015', 60.00),
('RES_112', 'HO_1', 'CUS_112', '241', '0', 'MS03', 'DC03', 'BB', 'E', 'DT01', 0, 29, 2015, 'July', 27, 4, 2, 6, 3, 0, 0, 0, 0, 'Transient', 0, 1, 'Check-Out', '42197', 117.00),
('RES_113', 'HO_1', 'CUS_113', '240', '0', 'MS03', 'DC03', 'BB', 'E', 'DT01', 1, 101, 2015, 'July', 27, 4, 2, 6, 2, 0, 0, 0, 0, 'Transient', 0, 1, 'Canceled', '42136', 96.00),
('RES_114', 'HO_1', 'CUS_114', '240', '0', 'MS03', 'DC03', 'BB', 'A', 'DT01', 0, 109, 2015, 'July', 27, 4, 2, 6, 2, 0, 0, 0, 0, 'Transient', 0, 1, 'Check-Out', '42197', 123.00),
('RES_115', 'HO_1', 'CUS_115', '40', '0', 'MS04', 'DC03', 'BB', 'D', 'DT01', 0, 92, 2015, 'July', 27, 4, 4, 6, 2, 0, 0, 0, 0, 'Contract', 0, 1, 'Check-Out', '42199', 72.00),
('RES_116', 'HO_1', 'CUS_116', '40', '0', 'MS04', 'DC03', 'BB', 'D', 'DT01', 0, 92, 2015, 'July', 27, 4, 4, 6, 2, 0, 0, 0, 0, 'Contract', 0, 1, 'Check-Out', '42199', 72.00),
('RES_117', 'HO_1', 'CUS_117', '250', '0', 'MS01', 'DC01', 'HB', 'D', 'DT01', 0, 79, 2015, 'July', 27, 4, 4, 6, 2, 1, 0, 1, 0, 'Transient', 0, 1, 'Check-Out', '42199', 149.00),
('RES_118', 'HO_1', 'CUS_118', '240', '0', 'MS03', 'DC03', 'BB', 'H', 'DT01', 0, 2, 2015, 'July', 27, 4, 0, 1, 2, 2, 0, 1, 0, 'Transient', 1, 0, 'Check-Out', '42190', 163.00),
('RES_119', 'HO_1', 'CUS_119', '8', '0', 'MS04', 'DC03', 'BB', 'D', 'DT01', 0, 30, 2015, 'July', 27, 4, 0, 1, 2, 0, 0, 0, 0, 'Contract', 0, 0, 'Check-Out', '42190', 80.00),
('RES_12', 'HO_1', 'CUS_12', '241', '0', 'MS03', 'DC03', 'HB', 'G', 'DT01', 0, 18, 2015, 'July', 27, 1, 0, 4, 2, 1, 0, 1, 0, 'Transient', 0, 1, 'Check-Out', '42190', 155.00),
('RES_120', 'HO_1', 'CUS_120', '240', '0', 'MS03', 'DC03', 'HB', 'A', 'DT01', 1, 51, 2015, 'July', 27, 4, 0, 1, 1, 0, 0, 0, 0, 'Transient', 0, 0, 'Canceled', '42153', 105.00),
('RES_121', 'HO_1', 'CUS_121', '250', '0', 'MS01', 'DC01', 'BB', 'E', 'DT01', 1, 36, 2015, 'July', 27, 4, 0, 1, 1, 0, 0, 1, 0, 'Transient', 0, 0, 'No-Show', '42189', 123.00),
('RES_122', 'HO_1', 'CUS_122', '240', '0', 'MS03', 'DC03', 'BB', 'A', 'DT01', 1, 73, 2015, 'July', 27, 4, 0, 1, 2, 0, 0, 0, 0, 'Transient', 0, 2, 'Canceled', '42137', 74.00),
('RES_123', 'HO_1', 'CUS_123', '240', '0', 'MS03', 'DC03', 'BB', 'D', 'DT01', 1, 33, 2015, 'July', 27, 4, 0, 1, 2, 0, 0, 0, 0, 'Transient', 0, 0, 'Canceled', '42171', 113.00),
('RES_124', 'HO_1', 'CUS_124', '240', '0', 'MS03', 'DC03', 'BB', 'E', 'DT01', 0, 8, 2015, 'July', 27, 4, 0, 1, 2, 0, 0, 0, 0, 'Transient', 0, 0, 'Check-Out', '42190', 123.00),
('RES_125', 'HO_1', 'CUS_125', '240', '0', 'MS03', 'DC03', 'BB', 'A', 'DT01', 0, 100, 2015, 'July', 27, 4, 1, 1, 2, 0, 0, 0, 0, 'Transient-Party', 1, 1, 'Check-Out', '42191', 74.00),
('RES_126', 'HO_1', 'CUS_126', '240', '0', 'MS03', 'DC03', 'BB', 'A', 'DT01', 0, 1, 2015, 'July', 27, 4, 1, 1, 2, 0, 0, 0, 0, 'Transient', 0, 0, 'Check-Out', '42191', 115.00),
('RES_127', 'HO_1', 'CUS_127', '240', '0', 'MS03', 'DC03', 'BB', 'A', 'DT01', 0, 100, 2015, 'July', 27, 4, 1, 1, 2, 0, 0, 0, 0, 'Transient-Party', 0, 2, 'Check-Out', '42191', 74.00),
('RES_128', 'HO_1', 'CUS_128', '240', '0', 'MS03', 'DC03', 'BB', 'A', 'DT01', 0, 100, 2015, 'July', 27, 4, 1, 1, 2, 0, 0, 0, 0, 'Transient-Party', 0, 1, 'Check-Out', '42191', 74.00),
('RES_129', 'HO_1', 'CUS_129', '240', '0', 'MS03', 'DC03', 'BB', 'A', 'DT01', 0, 9, 2015, 'July', 28, 5, 1, 0, 2, 0, 0, 0, 0, 'Transient', 0, 1, 'Check-Out', '42191', 88.00),
('RES_13', 'HO_1', 'CUS_13', '241', '0', 'MS03', 'DC03', 'BB', 'E', 'DT01', 0, 37, 2015, 'July', 27, 1, 0, 4, 2, 0, 0, 0, 0, 'Transient', 0, 0, 'Check-Out', '42190', 95.00),
('RES_130', 'HO_1', 'CUS_130', '240', '0', 'MS03', 'DC03', 'BB', 'D', 'DT01', 1, 5, 2015, 'July', 28, 5, 1, 0, 2, 0, 0, 0, 0, 'Transient', 0, 0, 'Canceled', '42186', 97.00),
('RES_131', 'HO_1', 'CUS_131', '306', '0', 'MS03', 'DC03', 'BB', 'A', 'DT01', 0, 0, 2015, 'July', 28, 5, 1, 0, 2, 0, 0, 1, 0, 'Transient', 0, 0, 'Check-Out', '42191', 85.00),
('RES_132', 'HO_1', 'CUS_132', '184', '0', 'MS03', 'DC03', 'BB', 'A', 'DT01', 0, 9, 2015, 'July', 28, 5, 1, 0, 1, 0, 0, 0, 0, 'Transient', 0, 0, 'Check-Out', '42191', 89.00),
('RES_133', 'HO_1', 'CUS_133', '240', '0', 'MS03', 'DC03', 'BB', 'A', 'DT01', 0, 2, 2015, 'July', 28, 5, 1, 0, 1, 0, 0, 0, 0, 'Transient', 0, 0, 'Check-Out', '42191', 80.00),
('RES_134', 'HO_1', 'CUS_134', '240', '0', 'MS03', 'DC03', 'BB', 'A', 'DT01', 0, 2, 2015, 'July', 28, 5, 1, 0, 2, 0, 0, 0, 0, 'Transient', 0, 0, 'Check-Out', '42191', 98.00),
('RES_135', 'HO_1', 'CUS_135', '184', '0', 'MS03', 'DC03', 'BB', 'A', 'DT01', 0, 9, 2015, 'July', 28, 5, 1, 0, 1, 0, 0, 0, 0, 'Transient', 1, 0, 'Check-Out', '42191', 101.00),
('RES_136', 'HO_1', 'CUS_136', '240', '0', 'MS03', 'DC03', 'BB', 'D', 'DT01', 1, 5, 2015, 'July', 28, 5, 1, 0, 2, 0, 0, 0, 0, 'Transient', 0, 0, 'Canceled', '42186', 97.00),
('RES_137', 'HO_1', 'CUS_137', '0', '0', 'MS01', 'DC01', 'BB', 'G', 'DT01', 0, 2, 2015, 'July', 28, 5, 1, 0, 2, 0, 0, 0, 0, 'Transient', 0, 1, 'Check-Out', '42191', 167.00),
('RES_138', 'HO_1', 'CUS_138', '240', '0', 'MS03', 'DC03', 'HB', 'G', 'DT01', 0, 44, 2015, 'July', 28, 5, 2, 0, 3, 0, 0, 3, 0, 'Transient', 2, 0, 'Check-Out', '42192', 225.00),
('RES_139', 'HO_1', 'CUS_139', '240', '0', 'MS03', 'DC03', 'BB', 'D', 'DT01', 0, 80, 2015, 'July', 28, 5, 2, 0, 2, 0, 0, 0, 0, 'Transient', 1, 0, 'Check-Out', '42192', 97.00),
('RES_14', 'HO_1', 'CUS_14', '240', '0', 'MS03', 'DC03', 'BB', 'D', 'DT01', 0, 68, 2015, 'July', 27, 1, 0, 4, 2, 0, 0, 0, 0, 'Transient', 0, 3, 'Check-Out', '42190', 97.00),
('RES_140', 'HO_1', 'CUS_140', '240', '0', 'MS03', 'DC03', 'BB', 'D', 'DT01', 0, 97, 2015, 'July', 28, 5, 2, 2, 2, 0, 0, 0, 0, 'Transient', 0, 2, 'Check-Out', '42194', 87.00),
('RES_141', 'HO_1', 'CUS_141', '241', '0', 'MS04', 'DC03', 'BB', 'A', 'DT01', 0, 109, 2015, 'July', 28, 5, 2, 3, 2, 1, 0, 0, 0, 'Transient', 1, 2, 'Check-Out', '42195', 86.00),
('RES_142', 'HO_1', 'CUS_142', '240', '0', 'MS03', 'DC03', 'BB', 'E', 'DT01', 0, 30, 2015, 'July', 28, 5, 2, 3, 2, 0, 0, 0, 0, 'Transient', 0, 0, 'Check-Out', '42195', 123.00),
('RES_143', 'HO_1', 'CUS_143', '240', '0', 'MS03', 'DC03', 'BB', 'E', 'DT01', 0, 64, 2015, 'July', 28, 5, 2, 3, 2, 0, 0, 0, 0, 'Transient', 0, 0, 'Check-Out', '42195', 107.00),
('RES_144', 'HO_1', 'CUS_144', '240', '0', 'MS03', 'DC03', 'BB', 'H', 'DT01', 0, 39, 2015, 'July', 28, 5, 2, 4, 2, 0, 0, 0, 0, 'Transient', 0, 0, 'Check-Out', '42196', 163.00),
('RES_145', 'HO_1', 'CUS_145', '240', '0', 'MS03', 'DC03', 'BB', 'A', 'DT01', 0, 90, 2015, 'July', 28, 5, 2, 4, 2, 0, 0, 0, 0, 'Transient', 0, 0, 'Check-Out', '42196', 82.00),
('RES_146', 'HO_1', 'CUS_146', '240', '0', 'MS03', 'DC03', 'BB', 'H', 'DT01', 1, 34, 2015, 'July', 28, 5, 2, 4, 2, 2, 0, 0, 0, 'Transient', 0, 0, 'Canceled', '42172', 163.00),
('RES_147', 'HO_1', 'CUS_147', '15', '0', 'MS04', 'DC03', 'HB', 'D', 'DT01', 1, 93, 2015, 'July', 28, 5, 2, 5, 2, 0, 0, 0, 0, 'Transient', 0, 0, 'Canceled', '42125', 106.00),
('RES_148', 'HO_1', 'CUS_148', '250', '0', 'MS01', 'DC01', 'HB', 'C', 'DT01', 0, 97, 2015, 'July', 28, 5, 2, 5, 2, 2, 0, 1, 0, 'Transient', 1, 1, 'Check-Out', '42197', 164.00),
('RES_149', 'HO_1', 'CUS_149', '241', '0', 'MS03', 'DC03', 'BB', 'F', 'DT01', 0, 29, 2015, 'July', 28, 5, 2, 5, 2, 0, 0, 0, 0, 'Transient', 0, 1, 'Check-Out', '42197', 97.00),
('RES_15', 'HO_1', 'CUS_15', '8', '0', 'MS04', 'DC03', 'BB', 'E', 'DT01', 0, 37, 2015, 'July', 27, 1, 0, 4, 2, 0, 0, 0, 0, 'Contract', 0, 0, 'Check-Out', '42190', 98.00),
('RES_150', 'HO_1', 'CUS_150', '240', '0', 'MS03', 'DC03', 'HB', 'A', 'DT01', 1, 101, 2015, 'July', 28, 5, 2, 5, 2, 0, 0, 0, 0, 'Transient', 0, 1, 'Canceled', '42093', 114.00),
('RES_151', 'HO_1', 'CUS_151', '175', '0', 'MS04', 'DC03', 'BB', 'E', 'DT01', 0, 27, 2015, 'July', 28, 5, 2, 5, 2, 0, 0, 0, 0, 'Transient', 0, 0, 'Check-Out', '42197', 98.00),
('RES_152', 'HO_1', 'CUS_152', '240', '0', 'MS03', 'DC03', 'BB', 'H', 'DT01', 0, 8, 2015, 'July', 28, 5, 4, 5, 2, 2, 0, 1, 0, 'Transient', 1, 1, 'Check-Out', '42199', 175.00),
('RES_153', 'HO_1', 'CUS_153', '5', '0', 'MS04', 'DC03', 'BB', 'D', 'DT01', 0, 82, 2015, 'July', 28, 5, 4, 6, 2, 0, 0, 0, 0, 'Transient', 1, 2, 'Check-Out', '42200', 64.00),
('RES_154', 'HO_1', 'CUS_154', '0', '0', 'MS01', 'DC01', 'BB', 'D', 'DT01', 0, 94, 2015, 'July', 28, 5, 4, 6, 3, 0, 0, 3, 0, 'Transient', 1, 1, 'Check-Out', '42200', 124.00),
('RES_155', 'HO_1', 'CUS_155', '40', '0', 'MS04', 'DC03', 'BB', 'D', 'DT01', 0, 110, 2015, 'July', 28, 5, 4, 7, 2, 0, 0, 0, 0, 'Contract', 0, 0, 'Check-Out', '42201', 111.00),
('RES_156', 'HO_1', 'CUS_156', '40', '0', 'MS04', 'DC03', 'HB', 'A', 'DT01', 0, 96, 2015, 'July', 28, 5, 4, 10, 1, 0, 0, 0, 0, 'Contract', 0, 0, 'Check-Out', '42204', 74.00),
('RES_157', 'HO_1', 'CUS_157', '243', '0', 'MS04', 'DC03', 'HB', 'D', 'DT01', 0, 79, 2015, 'July', 28, 5, 4, 10, 2, 0, 0, 0, 0, 'Contract', 0, 0, 'Check-Out', '42204', 134.00),
('RES_158', 'HO_1', 'CUS_158', '240', '0', 'MS03', 'DC03', 'BB', 'G', 'DT01', 0, 115, 2015, 'July', 28, 6, 1, 4, 2, 2, 0, 1, 0, 'Transient', 0, 0, 'Check-Out', '42196', 167.00),
('RES_159', 'HO_1', 'CUS_159', '240', '0', 'MS03', 'DC03', 'BB', 'A', 'DT01', 0, 111, 2015, 'July', 28, 6, 1, 3, 2, 0, 0, 0, 0, 'Transient', 0, 2, 'Check-Out', '42195', 123.00),
('RES_16', 'HO_1', 'CUS_16', '240', '0', 'MS03', 'DC03', 'BB', 'A', 'DT01', 0, 12, 2015, 'July', 27, 1, 0, 1, 2, 0, 0, 0, 0, 'Transient', 0, 0, 'Check-Out', '42187', 88.00),
('RES_160', 'HO_1', 'CUS_160', '241', '0', 'MS03', 'DC03', 'BB', 'G', 'DT01', 0, 51, 2015, 'July', 28, 6, 1, 3, 2, 0, 0, 0, 0, 'Transient', 1, 2, 'Check-Out', '42195', 118.00),
('RES_161', 'HO_1', 'CUS_161', '96', '0', 'MS04', 'DC03', 'BB', 'D', 'DT01', 0, 94, 2015, 'July', 28, 6, 1, 3, 3, 0, 0, 0, 0, 'Transient', 0, 1, 'Check-Out', '42195', 171.00),
('RES_162', 'HO_1', 'CUS_162', '250', '0', 'MS01', 'DC01', 'HB', 'G', 'DT01', 0, 81, 2015, 'July', 28, 6, 1, 3, 2, 2, 0, 0, 0, 'Transient', 1, 0, 'Check-Out', '42195', 210.00),
('RES_163', 'HO_1', 'CUS_163', '240', '0', 'MS03', 'DC03', 'BB', 'D', 'DT01', 0, 84, 2015, 'July', 28, 6, 1, 3, 2, 0, 1, 1, 0, 'Transient', 0, 2, 'Check-Out', '42195', 97.00),
('RES_164', 'HO_1', 'CUS_164', '241', '0', 'MS03', 'DC03', 'BB', 'G', 'DT01', 0, 51, 2015, 'July', 28, 6, 1, 3, 3, 0, 0, 0, 0, 'Transient', 0, 2, 'Check-Out', '42195', 118.00),
('RES_165', 'HO_1', 'CUS_165', '0', '0', 'MS01', 'DC01', 'BB', 'A', 'DT01', 0, 2, 2015, 'July', 28, 6, 1, 0, 2, 1, 0, 0, 0, 'Transient', 0, 0, 'Check-Out', '42192', 131.00),
('RES_166', 'HO_1', 'CUS_166', '240', '0', 'MS03', 'DC03', 'BB', 'A', 'DT01', 0, 7, 2015, 'July', 28, 6, 1, 1, 2, 0, 0, 0, 0, 'Transient', 0, 2, 'Check-Out', '42193', 98.00),
('RES_167', 'HO_1', 'CUS_167', '240', '0', 'MS03', 'DC03', 'BB', 'D', 'DT01', 0, 98, 2015, 'July', 28, 6, 1, 1, 2, 0, 0, 0, 0, 'Transient', 1, 1, 'Check-Out', '42193', 87.00),
('RES_168', 'HO_1', 'CUS_168', '240', '0', 'MS03', 'DC03', 'BB', 'D', 'DT01', 0, 95, 2015, 'July', 28, 6, 1, 2, 2, 0, 0, 0, 0, 'Transient', 0, 1, 'Check-Out', '42194', 97.00),
('RES_169', 'HO_1', 'CUS_169', '240', '0', 'MS03', 'DC03', 'HB', 'E', 'DT01', 1, 48, 2015, 'July', 28, 6, 1, 3, 2, 0, 0, 0, 0, 'Transient', 0, 0, 'Canceled', '42158', 167.00),
('RES_17', 'HO_1', 'CUS_17', '0', '110', 'MS02', 'DC02', 'BB', 'A', 'DT01', 0, 0, 2015, 'July', 27, 1, 0, 1, 2, 0, 0, 0, 0, 'Transient', 0, 0, 'Check-Out', '42187', 107.00),
('RES_170', 'HO_1', 'CUS_170', '175', '0', 'MS04', 'DC03', 'HB', 'A', 'DT01', 0, 66, 2015, 'July', 28, 6, 1, 3, 2, 0, 0, 0, 0, 'Transient', 0, 0, 'Check-Out', '42195', 92.00),
('RES_171', 'HO_1', 'CUS_171', '240', '0', 'MS03', 'DC03', 'BB', 'A', 'DT01', 0, 104, 2015, 'July', 28, 6, 1, 3, 2, 0, 0, 1, 0, 'Transient', 0, 1, 'Check-Out', '42195', 74.00),
('RES_172', 'HO_1', 'CUS_172', '240', '0', 'MS03', 'DC03', 'BB', 'E', 'DT01', 0, 28, 2015, 'July', 28, 6, 1, 4, 2, 0, 0, 0, 0, 'Transient', 0, 0, 'Check-Out', '42196', 123.00),
('RES_173', 'HO_1', 'CUS_173', '250', '0', 'MS01', 'DC01', 'HB', 'F', 'DT01', 0, 34, 2015, 'July', 28, 6, 1, 4, 2, 0, 0, 0, 0, 'Transient', 1, 0, 'Check-Out', '42196', 175.00),
('RES_174', 'HO_1', 'CUS_174', '240', '0', 'MS03', 'DC03', 'HB', 'A', 'DT01', 0, 98, 2015, 'July', 28, 6, 1, 5, 2, 0, 0, 0, 0, 'Transient', 1, 1, 'Check-Out', '42197', 118.00),
('RES_175', 'HO_1', 'CUS_175', '240', '0', 'MS03', 'DC03', 'BB', 'E', 'DT01', 0, 104, 2015, 'July', 28, 6, 1, 5, 2, 0, 0, 1, 0, 'Transient', 0, 0, 'Check-Out', '42197', 118.00),
('RES_176', 'HO_1', 'CUS_176', '240', '0', 'MS03', 'DC03', 'HB', 'G', 'DT01', 0, 68, 2015, 'July', 28, 6, 2, 5, 2, 2, 0, 0, 0, 'Transient', 0, 0, 'Check-Out', '42198', 185.00),
('RES_177', 'HO_1', 'CUS_177', '175', '0', 'MS04', 'DC03', 'HB', 'A', 'DT01', 1, 86, 2015, 'July', 28, 6, 2, 5, 1, 0, 0, 0, 0, 'Transient', 0, 1, 'Canceled', '42181', 71.00),
('RES_178', 'HO_1', 'CUS_178', '2', '0', 'MS04', 'DC03', 'BB', 'A', 'DT01', 0, 258, 2015, 'July', 28, 6, 2, 5, 2, 0, 0, 0, 0, 'Contract', 0, 0, 'Check-Out', '42198', 47.00),
('RES_179', 'HO_1', 'CUS_179', '240', '0', 'MS03', 'DC03', 'HB', 'A', 'DT01', 0, 111, 2015, 'July', 28, 6, 3, 5, 2, 0, 0, 0, 0, 'Transient', 0, 1, 'Check-Out', '42199', 151.00),
('RES_18', 'HO_1', 'CUS_18', '250', '0', 'MS01', 'DC01', 'BB', 'G', 'DT01', 0, 7, 2015, 'July', 27, 1, 0, 4, 2, 0, 0, 0, 0, 'Transient', 0, 1, 'Check-Out', '42190', 153.00),
('RES_180', 'HO_1', 'CUS_180', '240', '0', 'MS03', 'DC03', 'BB', 'D', 'DT01', 1, 94, 2015, 'July', 28, 6, 3, 7, 2, 0, 0, 0, 0, 'Transient', 0, 0, 'Canceled', '42138', 87.00),
('RES_181', 'HO_1', 'CUS_181', '242', '0', 'MS04', 'DC03', 'BB', 'A', 'DT01', 0, 112, 2015, 'July', 28, 6, 3, 7, 2, 0, 0, 0, 0, 'Transient', 0, 1, 'Check-Out', '42201', 121.00),
('RES_182', 'HO_1', 'CUS_182', '241', '0', 'MS04', 'DC03', 'BB', 'D', 'DT01', 0, 100, 2015, 'July', 28, 6, 3, 7, 2, 0, 0, 1, 0, 'Transient', 0, 1, 'Check-Out', '42201', 64.00),
('RES_183', 'HO_1', 'CUS_183', '250', '0', 'MS01', 'DC01', 'HB', 'F', 'DT01', 0, 33, 2015, 'July', 28, 6, 3, 7, 2, 0, 0, 5, 0, 'Transient', 0, 1, 'Check-Out', '42201', 157.00),
('RES_184', 'HO_1', 'CUS_184', '156', '0', 'MS04', 'DC03', 'HB', 'D', 'DT01', 0, 97, 2015, 'July', 28, 6, 3, 7, 2, 0, 0, 0, 0, 'Contract', 0, 2, 'Check-Out', '42201', 91.00),
('RES_185', 'HO_1', 'CUS_185', '0', '0', 'MS01', 'DC01', 'BB', 'A', 'DT01', 0, 80, 2015, 'July', 28, 6, 3, 8, 1, 0, 0, 1, 0, 'Transient', 0, 0, 'Check-Out', '42202', 73.00),
('RES_186', 'HO_1', 'CUS_186', '8', '0', 'MS04', 'DC03', 'BB', 'D', 'DT01', 0, 90, 2015, 'July', 28, 6, 4, 10, 2, 0, 0, 0, 0, 'Contract', 0, 0, 'Check-Out', '42205', 111.00),
('RES_187', 'HO_1', 'CUS_187', '40', '0', 'MS04', 'DC03', 'BB', 'A', 'DT01', 0, 111, 2015, 'July', 28, 6, 4, 10, 2, 0, 0, 0, 0, 'Contract', 0, 0, 'Check-Out', '42205', 94.00),
('RES_188', 'HO_1', 'CUS_188', '127', '0', 'MS04', 'DC03', 'BB', 'D', 'DT01', 0, 65, 2015, 'July', 28, 6, 2, 5, 2, 0, 0, 0, 0, 'Transient', 0, 0, 'Check-Out', '42198', 84.00),
('RES_189', 'HO_1', 'CUS_189', '240', '0', 'MS03', 'DC03', 'BB', 'A', 'DT01', 1, 67, 2015, 'July', 28, 7, 0, 2, 2, 0, 0, 0, 0, 'Transient', 0, 1, 'Canceled', '42131', 74.00),
('RES_19', 'HO_1', 'CUS_19', '241', '0', 'MS03', 'DC03', 'BB', 'F', 'DT01', 0, 37, 2015, 'July', 27, 1, 1, 4, 1, 0, 0, 0, 0, 'Transient', 0, 1, 'Check-Out', '42191', 97.00),
('RES_190', 'HO_1', 'CUS_190', '240', '0', 'MS03', 'DC03', 'BB', 'A', 'DT01', 0, 55, 2015, 'July', 28, 7, 0, 3, 2, 0, 0, 0, 0, 'Transient', 1, 2, 'Check-Out', '42195', 82.00),
('RES_191', 'HO_1', 'CUS_191', '250', '0', 'MS01', 'DC01', 'HB', 'F', 'DT01', 0, 21, 2015, 'July', 28, 7, 0, 3, 2, 1, 0, 0, 0, 'Transient', 0, 1, 'Check-Out', '42195', 186.00),
('RES_192', 'HO_1', 'CUS_192', '240', '0', 'MS03', 'DC03', 'BB', 'A', 'DT01', 0, 0, 2015, 'July', 28, 7, 0, 1, 1, 0, 0, 0, 0, 'Transient', 0, 3, 'Check-Out', '42193', 110.00),
('RES_193', 'HO_1', 'CUS_193', '0', '0', 'MS01', 'DC01', 'HB', 'C', 'DT01', 0, 0, 2015, 'July', 28, 7, 0, 1, 3, 0, 0, 0, 0, 'Transient', 1, 0, 'Check-Out', '42193', 195.00),
('RES_194', 'HO_1', 'CUS_194', '240', '0', 'MS03', 'DC03', 'BB', 'A', 'DT01', 0, 0, 2015, 'July', 28, 7, 0, 1, 1, 0, 0, 0, 0, 'Transient', 0, 3, 'Check-Out', '42193', 110.00),
('RES_195', 'HO_1', 'CUS_195', '240', '0', 'MS03', 'DC03', 'BB', 'H', 'DT01', 0, 8, 2015, 'July', 28, 7, 0, 4, 3, 2, 0, 2, 0, 'Transient', 0, 1, 'Check-Out', '42196', 193.00),
('RES_196', 'HO_1', 'CUS_196', '240', '0', 'MS03', 'DC03', 'BB', 'D', 'DT01', 0, 66, 2015, 'July', 28, 7, 0, 4, 2, 0, 0, 0, 0, 'Transient', 0, 2, 'Check-Out', '42196', 97.00),
('RES_197', 'HO_1', 'CUS_197', '95', '0', 'MS04', 'DC03', 'HB', 'D', 'DT01', 0, 88, 2015, 'July', 28, 7, 0, 4, 3, 0, 0, 0, 0, 'Transient', 0, 1, 'Check-Out', '42196', 150.00),
('RES_198', 'HO_1', 'CUS_198', '0', '0', 'MS01', 'DC01', 'BB', 'A', 'DT01', 0, 0, 2015, 'July', 28, 7, 0, 4, 2, 0, 0, 2, 0, 'Transient', 0, 0, 'Check-Out', '42196', 98.00),
('RES_199', 'HO_1', 'CUS_199', '134', '0', 'MS04', 'DC03', 'HB', 'A', 'DT01', 1, 43, 2015, 'July', 28, 7, 0, 5, 2, 0, 0, 0, 0, 'Transient', 0, 0, 'Canceled', '42152', 92.00),
('RES_2', 'HO_1', 'CUS_2', '304', '0', 'MS02', 'DC02', 'BB', 'A', 'DT01', 0, 13, 2015, 'July', 27, 1, 0, 1, 1, 0, 0, 0, 0, 'Transient', 0, 0, 'Check-Out', '42187', 75.00),
('RES_20', 'HO_1', 'CUS_20', '250', '0', 'MS01', 'DC01', 'BB', 'A', 'DT01', 0, 72, 2015, 'July', 27, 1, 2, 4, 2, 0, 0, 1, 0, 'Transient', 0, 1, 'Check-Out', '42192', 85.00),
('RES_200', 'HO_1', 'CUS_200', '240', '0', 'MS03', 'DC03', 'HB', 'E', 'DT01', 1, 88, 2015, 'July', 28, 7, 2, 5, 2, 0, 0, 0, 0, 'Transient', 0, 2, 'Canceled', '42107', 139.00),
('RES_201', 'HO_1', 'CUS_201', '8', '0', 'MS04', 'DC03', 'BB', 'D', 'DT01', 0, 54, 2015, 'July', 28, 7, 2, 5, 2, 0, 0, 0, 0, 'Transient', 0, 0, 'Check-Out', '42199', 80.00),
('RES_202', 'HO_1', 'CUS_202', '2', '0', 'MS04', 'DC03', 'BB', 'A', 'DT01', 1, 292, 2015, 'July', 28, 7, 2, 5, 2, 0, 0, 0, 0, 'Contract', 0, 0, 'Canceled', '42088', 47.00),
('RES_203', 'HO_1', 'CUS_203', '156', '0', 'MS04', 'DC03', 'HB', 'D', 'DT01', 0, 112, 2015, 'July', 28, 7, 4, 10, 2, 0, 0, 0, 0, 'Contract', 0, 1, 'Check-Out', '42206', 127.00),
('RES_204', 'HO_1', 'CUS_204', '240', '0', 'MS03', 'DC03', 'BB', 'E', 'DT01', 0, 68, 2015, 'July', 28, 8, 0, 3, 2, 0, 0, 0, 0, 'Transient', 0, 1, 'Check-Out', '42196', 107.00),
('RES_205', 'HO_1', 'CUS_205', '240', '0', 'MS03', 'DC03', 'BB', 'A', 'DT01', 0, 7, 2015, 'July', 28, 8, 0, 4, 2, 0, 0, 0, 0, 'Transient', 1, 2, 'Check-Out', '42197', 131.00),
('RES_206', 'HO_1', 'CUS_206', '240', '0', 'MS03', 'DC03', 'BB', 'A', 'DT01', 0, 1, 2015, 'July', 28, 8, 0, 4, 2, 0, 0, 0, 0, 'Transient', 1, 1, 'Check-Out', '42197', 131.00),
('RES_207', 'HO_1', 'CUS_207', '240', '0', 'MS03', 'DC03', 'BB', 'A', 'DT01', 1, 113, 2015, 'July', 28, 8, 0, 4, 2, 0, 0, 0, 0, 'Transient', 0, 1, 'Canceled', '42152', 123.00),
('RES_208', 'HO_1', 'CUS_208', '240', '0', 'MS03', 'DC03', 'BB', 'D', 'DT01', 0, 5, 2015, 'July', 28, 8, 0, 4, 2, 0, 0, 0, 0, 'Transient', 0, 1, 'Check-Out', '42197', 146.00),
('RES_209', 'HO_1', 'CUS_209', '105', '0', 'MS04', 'DC03', 'BB', 'A', 'DT01', 0, 83, 2015, 'July', 28, 8, 0, 4, 2, 0, 0, 0, 0, 'Transient', 0, 1, 'Check-Out', '42197', 111.00),
('RES_21', 'HO_1', 'CUS_21', '250', '0', 'MS01', 'DC01', 'BB', 'A', 'DT01', 0, 72, 2015, 'July', 27, 1, 2, 4, 2, 0, 0, 1, 0, 'Transient', 0, 1, 'Check-Out', '42192', 85.00),
('RES_210', 'HO_1', 'CUS_210', '240', '0', 'MS03', 'DC03', 'BB', 'A', 'DT01', 1, 105, 2015, 'July', 28, 8, 0, 4, 2, 0, 0, 0, 0, 'Transient', 0, 1, 'Canceled', '42184', 74.00),
('RES_211', 'HO_1', 'CUS_211', '146', '0', 'MS04', 'DC03', 'BB', 'A', 'DT01', 0, 0, 2015, 'July', 28, 8, 0, 1, 1, 0, 0, 0, 0, 'Transient', 0, 0, 'Check-Out', '42194', 61.00),
('RES_212', 'HO_1', 'CUS_212', '0', '110', 'MS02', 'DC02', 'BB', 'A', 'DT01', 1, 1, 2015, 'July', 28, 8, 0, 1, 2, 0, 0, 0, 0, 'Transient', 0, 1, 'Canceled', '42193', 105.00),
('RES_213', 'HO_1', 'CUS_213', '0', '110', 'MS02', 'DC02', 'BB', 'A', 'DT01', 1, 1, 2015, 'July', 28, 8, 0, 1, 2, 0, 0, 0, 0, 'Transient', 0, 1, 'Canceled', '42193', 105.00),
('RES_214', 'HO_1', 'CUS_214', '0', '110', 'MS02', 'DC02', 'BB', 'A', 'DT01', 0, 1, 2015, 'July', 28, 8, 0, 2, 2, 0, 0, 0, 0, 'Transient', 1, 1, 'Check-Out', '42195', 105.00),
('RES_215', 'HO_1', 'CUS_215', '9', '0', 'MS01', 'DC01', 'BB', 'A', 'DT01', 1, 102, 2015, 'July', 28, 8, 1, 4, 2, 0, 0, 0, 0, 'Transient', 0, 1, 'Canceled', '42152', 66.00),
('RES_216', 'HO_1', 'CUS_216', '250', '0', 'MS01', 'DC01', 'BB', 'E', 'DT01', 0, 113, 2015, 'July', 28, 8, 2, 4, 2, 0, 0, 1, 0, 'Transient', 1, 1, 'Check-Out', '42199', 78.00),
('RES_217', 'HO_1', 'CUS_217', '40', '0', 'MS04', 'DC03', 'HB', 'D', 'DT01', 1, 280, 2015, 'July', 28, 8, 2, 5, 2, 1, 0, 0, 0, 'Contract', 0, 1, 'Canceled', '42109', 112.00),
('RES_218', 'HO_1', 'CUS_218', '240', '0', 'MS03', 'DC03', 'BB', 'E', 'DT01', 0, 96, 2015, 'July', 28, 8, 2, 5, 2, 0, 0, 0, 0, 'Transient', 0, 1, 'Check-Out', '42200', 107.00),
('RES_219', 'HO_1', 'CUS_219', '40', '0', 'MS04', 'DC03', 'HB', 'D', 'DT01', 0, 394, 2015, 'July', 28, 8, 2, 5, 2, 0, 0, 0, 0, 'Contract', 0, 0, 'Check-Out', '42200', 90.00),
('RES_22', 'HO_1', 'CUS_22', '250', '0', 'MS01', 'DC01', 'BB', 'D', 'DT01', 0, 72, 2015, 'July', 27, 1, 2, 4, 2, 0, 0, 1, 0, 'Transient', 0, 1, 'Check-Out', '42192', 100.00),
('RES_220', 'HO_1', 'CUS_220', '240', '0', 'MS03', 'DC03', 'HB', 'E', 'DT01', 0, 33, 2015, 'July', 28, 8, 2, 5, 2, 0, 0, 0, 0, 'Transient', 0, 0, 'Check-Out', '42200', 155.00),
('RES_221', 'HO_1', 'CUS_221', '250', '0', 'MS01', 'DC01', 'BB', 'A', 'DT01', 0, 82, 2015, 'July', 28, 8, 2, 6, 3, 0, 0, 0, 0, 'Transient', 0, 1, 'Check-Out', '42201', 112.00),
('RES_222', 'HO_1', 'CUS_222', '240', '0', 'MS03', 'DC03', 'BB', 'E', 'DT01', 0, 100, 2015, 'July', 28, 8, 2, 7, 3, 0, 0, 1, 0, 'Transient-Party', 0, 3, 'Check-Out', '42202', 130.00),
('RES_223', 'HO_1', 'CUS_223', '240', '0', 'MS03', 'DC03', 'BB', 'E', 'DT01', 0, 100, 2015, 'July', 28, 8, 2, 7, 2, 0, 0, 0, 0, 'Transient-Party', 0, 2, 'Check-Out', '42202', 100.00),
('RES_224', 'HO_1', 'CUS_224', '242', '0', 'MS03', 'DC03', 'BB', 'C', 'DT01', 0, 17, 2015, 'July', 28, 9, 0, 1, 2, 2, 0, 0, 0, 'Transient', 0, 3, 'Check-Out', '42195', 123.00),
('RES_225', 'HO_1', 'CUS_225', '250', '0', 'MS01', 'DC01', 'BB', 'A', 'DT01', 0, 68, 2015, 'July', 28, 9, 0, 2, 3, 0, 0, 0, 0, 'Transient', 1, 1, 'Check-Out', '42196', 124.00),
('RES_226', 'HO_1', 'CUS_226', '0', '0', 'MS01', 'DC01', 'BB', 'H', 'DT01', 0, 12, 2015, 'July', 28, 9, 0, 2, 2, 2, 0, 2, 0, 'Transient', 1, 0, 'Check-Out', '42196', 146.00),
('RES_227', 'HO_1', 'CUS_227', '250', '0', 'MS01', 'DC01', 'BB', 'D', 'DT01', 1, 77, 2015, 'July', 28, 9, 0, 3, 2, 0, 0, 0, 0, 'Transient', 0, 0, 'Canceled', '42157', 97.00),
('RES_228', 'HO_1', 'CUS_228', '242', '0', 'MS03', 'DC03', 'BB', 'C', 'DT01', 1, 24, 2015, 'July', 28, 9, 0, 3, 2, 2, 0, 0, 0, 'Transient', 0, 1, 'Canceled', '42171', 123.00),
('RES_229', 'HO_1', 'CUS_229', '240', '0', 'MS03', 'DC03', 'BB', 'G', 'DT01', 1, 44, 2015, 'July', 28, 9, 0, 3, 2, 2, 0, 0, 0, 'Transient', 0, 0, 'Canceled', '42171', 153.00),
('RES_23', 'HO_1', 'CUS_23', '115', '0', 'MS04', 'DC03', 'HB', 'D', 'DT01', 0, 127, 2015, 'July', 27, 1, 2, 5, 2, 0, 0, 0, 0, 'Contract', 0, 1, 'Check-Out', '42186', 95.00),
('RES_230', 'HO_1', 'CUS_230', '240', '0', 'MS03', 'DC03', 'BB', 'A', 'DT01', 0, 78, 2015, 'July', 28, 9, 0, 3, 2, 0, 1, 0, 0, 'Transient', 0, 2, 'Check-Out', '42197', 82.00),
('RES_231', 'HO_1', 'CUS_231', '240', '0', 'MS03', 'DC03', 'BB', 'A', 'DT01', 1, 17, 2015, 'July', 28, 9, 1, 3, 2, 0, 0, 0, 0, 'Transient', 0, 0, 'Canceled', '42178', 105.00),
('RES_232', 'HO_1', 'CUS_232', '240', '0', 'MS03', 'DC03', 'BB', 'A', 'DT01', 1, 103, 2015, 'July', 28, 9, 1, 3, 2, 0, 0, 0, 0, 'Transient', 0, 0, 'Canceled', '42182', 65.00),
('RES_233', 'HO_1', 'CUS_233', '250', '0', 'MS01', 'DC01', 'BB', 'A', 'DT01', 0, 16, 2015, 'July', 28, 9, 1, 3, 1, 0, 0, 0, 0, 'Transient', 0, 1, 'Check-Out', '42198', 98.00),
('RES_234', 'HO_1', 'CUS_234', '241', '0', 'MS03', 'DC03', 'BB', 'A', 'DT01', 0, 14, 2015, 'July', 28, 9, 2, 3, 2, 0, 0, 0, 0, 'Transient', 1, 1, 'Check-Out', '42199', 75.00),
('RES_235', 'HO_1', 'CUS_235', '177', '0', 'MS04', 'DC03', 'BB', 'A', 'DT01', 0, 77, 2015, 'July', 28, 9, 2, 3, 2, 0, 0, 0, 0, 'Transient', 0, 0, 'Check-Out', '42199', 66.00),
('RES_236', 'HO_1', 'CUS_236', '6', '0', 'MS04', 'DC03', 'BB', 'A', 'DT01', 0, 90, 2015, 'July', 28, 9, 2, 5, 2, 0, 0, 0, 0, 'Transient', 0, 0, 'Check-Out', '42201', 91.00),
('RES_237', 'HO_1', 'CUS_237', '40', '0', 'MS04', 'DC03', 'BB', 'A', 'DT01', 0, 90, 2015, 'July', 28, 9, 2, 5, 2, 0, 0, 0, 0, 'Contract', 0, 0, 'Check-Out', '42201', 94.00),
('RES_238', 'HO_1', 'CUS_238', '143', '0', 'MS04', 'DC03', 'BB', 'E', 'DT01', 0, 90, 2015, 'July', 28, 9, 2, 5, 2, 0, 0, 0, 0, 'Contract', 0, 0, 'Check-Out', '42201', 119.00),
('RES_239', 'HO_1', 'CUS_239', '40', '0', 'MS04', 'DC03', 'HB', 'E', 'DT01', 0, 366, 2015, 'July', 28, 9, 2, 5, 2, 0, 0, 0, 0, 'Contract', 0, 0, 'Check-Out', '42201', 135.00),
('RES_24', 'HO_1', 'CUS_24', '5', '0', 'MS04', 'DC03', 'BB', 'D', 'DT01', 0, 78, 2015, 'July', 27, 1, 2, 5, 2, 0, 0, 0, 0, 'Transient', 1, 0, 'Check-Out', '42193', 64.00),
('RES_240', 'HO_1', 'CUS_240', '240', '0', 'MS03', 'DC03', 'HB', 'A', 'DT01', 0, 249, 2015, 'July', 28, 9, 2, 5, 2, 0, 0, 0, 0, 'Transient', 0, 1, 'Check-Out', '42201', 112.00),
('RES_241', 'HO_1', 'CUS_241', '240', '0', 'MS03', 'DC03', 'HB', 'A', 'DT01', 1, 69, 2015, 'July', 28, 9, 2, 6, 2, 0, 0, 0, 0, 'Transient', 0, 2, 'Canceled', '42137', 118.00),
('RES_242', 'HO_1', 'CUS_242', '250', '0', 'MS01', 'DC01', 'BB', 'A', 'DT01', 0, 10, 2015, 'July', 28, 10, 0, 1, 2, 0, 0, 0, 0, 'Transient', 0, 0, 'Check-Out', '42196', 131.00),
('RES_243', 'HO_1', 'CUS_243', '240', '0', 'MS03', 'DC03', 'BB', 'A', 'DT01', 0, 22, 2015, 'July', 28, 10, 0, 2, 2, 0, 0, 0, 0, 'Transient', 0, 0, 'Check-Out', '42197', 88.00),
('RES_244', 'HO_1', 'CUS_244', '240', '0', 'MS03', 'DC03', 'BB', 'A', 'DT01', 0, 91, 2015, 'July', 28, 10, 0, 2, 2, 0, 0, 0, 0, 'Transient', 0, 1, 'Check-Out', '42197', 74.00),
('RES_245', 'HO_1', 'CUS_245', '240', '0', 'MS03', 'DC03', 'BB', 'A', 'DT01', 0, 23, 2015, 'July', 28, 10, 0, 2, 2, 0, 0, 0, 0, 'Transient', 0, 0, 'Check-Out', '42197', 98.00),
('RES_246', 'HO_1', 'CUS_246', '240', '0', 'MS03', 'DC03', 'BB', 'A', 'DT01', 0, 11, 2015, 'July', 28, 10, 0, 2, 2, 0, 0, 0, 0, 'Transient', 0, 1, 'Check-Out', '42197', 111.00);
INSERT INTO `reservation` (`reservation_id`, `hotel_id`, `customer_id`, `agent_id`, `company_id`, `market_segment_id`, `distribution_channel_id`, `meal_id`, `room_type_id`, `deposit_type_id`, `is_canceled`, `lead_time`, `arrival_date_year`, `arrival_date_month`, `arrival_date_week_number`, `arrival_date_day_of_month`, `stays_in_weekend_nights`, `stays_in_week_nights`, `adults`, `children`, `babies`, `booking_changes`, `days_in_waiting_list`, `customer_type`, `required_car_parking_spaces`, `total_of_special_requests`, `reservation_status`, `reservation_status_date`, `adr`) VALUES
('RES_247', 'HO_1', 'CUS_247', '240', '0', 'MS03', 'DC03', 'BB', 'A', 'DT01', 0, 3, 2015, 'July', 28, 10, 0, 2, 2, 0, 0, 0, 0, 'Transient', 0, 1, 'Check-Out', '42197', 131.00),
('RES_248', 'HO_1', 'CUS_248', '240', '0', 'MS03', 'DC03', 'HB', 'G', 'DT01', 0, 13, 2015, 'July', 28, 10, 0, 2, 2, 1, 0, 2, 0, 'Transient', 1, 1, 'Check-Out', '42197', 185.00),
('RES_249', 'HO_1', 'CUS_249', '240', '0', 'MS03', 'DC03', 'BB', 'D', 'DT01', 0, 108, 2015, 'July', 28, 10, 0, 2, 2, 0, 0, 1, 0, 'Transient', 0, 2, 'Check-Out', '42197', 87.00),
('RES_25', 'HO_1', 'CUS_25', '8', '0', 'MS04', 'DC03', 'BB', 'D', 'DT01', 0, 48, 2015, 'July', 27, 1, 2, 5, 2, 0, 0, 0, 0, 'Contract', 0, 0, 'Check-Out', '42193', 80.00),
('RES_250', 'HO_1', 'CUS_250', '240', '0', 'MS03', 'DC03', 'BB', 'A', 'DT01', 0, 91, 2015, 'July', 28, 10, 0, 2, 2, 0, 0, 0, 0, 'Transient', 0, 1, 'Check-Out', '42197', 74.00),
('RES_251', 'HO_1', 'CUS_251', '105', '0', 'MS03', 'DC03', 'BB', 'C', 'DT01', 0, 37, 2015, 'July', 28, 10, 1, 2, 2, 0, 0, 0, 0, 'Transient', 0, 1, 'Check-Out', '42198', 120.00),
('RES_252', 'HO_1', 'CUS_252', '250', '0', 'MS01', 'DC01', 'BB', 'A', 'DT01', 0, 21, 2015, 'July', 28, 10, 1, 2, 2, 0, 0, 0, 0, 'Transient', 0, 1, 'Check-Out', '42198', 98.00),
('RES_253', 'HO_1', 'CUS_253', '240', '0', 'MS03', 'DC03', 'BB', 'E', 'DT01', 0, 106, 2015, 'July', 28, 10, 1, 2, 2, 0, 0, 0, 0, 'Transient', 0, 2, 'Check-Out', '42198', 96.00),
('RES_254', 'HO_1', 'CUS_254', '0', '0', 'MS01', 'DC01', 'FB', 'F', 'DT01', 0, 30, 2015, 'July', 28, 10, 2, 2, 2, 0, 0, 0, 0, 'Transient-Party', 0, 1, 'Check-Out', '42199', 197.00),
('RES_255', 'HO_1', 'CUS_255', '0', '0', 'MS01', 'DC01', 'FB', 'F', 'DT01', 0, 30, 2015, 'July', 28, 10, 2, 2, 2, 0, 0, 0, 0, 'Transient-Party', 0, 1, 'Check-Out', '42199', 197.00),
('RES_256', 'HO_1', 'CUS_256', '240', '0', 'MS03', 'DC03', 'BB', 'E', 'DT01', 1, 51, 2015, 'July', 28, 10, 2, 3, 2, 0, 0, 0, 0, 'Transient', 0, 0, 'Canceled', '42184', 123.00),
('RES_257', 'HO_1', 'CUS_257', '240', '0', 'MS03', 'DC03', 'BB', 'A', 'DT01', 0, 79, 2015, 'July', 28, 10, 2, 3, 2, 0, 0, 0, 0, 'Transient', 0, 2, 'Check-Out', '42200', 82.00),
('RES_258', 'HO_1', 'CUS_258', '250', '0', 'MS01', 'DC01', 'HB', 'C', 'DT01', 0, 21, 2015, 'July', 28, 10, 2, 3, 2, 0, 2, 1, 0, 'Transient', 1, 3, 'Check-Out', '42200', 165.00),
('RES_259', 'HO_1', 'CUS_259', '240', '0', 'MS03', 'DC03', 'BB', 'G', 'DT01', 0, 35, 2015, 'July', 28, 10, 2, 3, 2, 2, 0, 0, 0, 'Transient', 0, 0, 'Check-Out', '42200', 149.00),
('RES_26', 'HO_1', 'CUS_26', '240', '0', 'MS03', 'DC03', 'BB', 'E', 'DT01', 1, 60, 2015, 'July', 27, 1, 2, 5, 2, 0, 0, 0, 0, 'Transient', 0, 2, 'Canceled', '42135', 107.00),
('RES_260', 'HO_1', 'CUS_260', '240', '0', 'MS03', 'DC03', 'HB', 'A', 'DT01', 0, 78, 2015, 'July', 28, 10, 2, 5, 2, 0, 0, 1, 0, 'Transient', 1, 2, 'Check-Out', '42202', 107.00),
('RES_261', 'HO_1', 'CUS_261', '250', '0', 'MS01', 'DC01', 'HB', 'D', 'DT01', 0, 31, 2015, 'July', 28, 10, 2, 5, 2, 0, 0, 1, 0, 'Transient', 1, 1, 'Check-Out', '42202', 161.00),
('RES_262', 'HO_1', 'CUS_262', '240', '0', 'MS03', 'DC03', 'HB', 'D', 'DT01', 0, 78, 2015, 'July', 28, 10, 2, 5, 2, 0, 0, 1, 0, 'Transient', 0, 2, 'Check-Out', '42202', 134.00),
('RES_263', 'HO_1', 'CUS_263', '240', '0', 'MS03', 'DC03', 'HB', 'E', 'DT01', 0, 78, 2015, 'July', 28, 10, 2, 5, 2, 0, 0, 1, 0, 'Transient', 1, 2, 'Check-Out', '42202', 144.00),
('RES_264', 'HO_1', 'CUS_264', '244', '0', 'MS04', 'DC03', 'HB', 'E', 'DT01', 0, 44, 2015, 'July', 28, 10, 2, 5, 1, 0, 0, 2, 0, 'Transient', 0, 0, 'Check-Out', '42202', 152.00),
('RES_265', 'HO_1', 'CUS_265', '241', '0', 'MS03', 'DC03', 'HB', 'F', 'DT01', 0, 34, 2015, 'July', 28, 10, 2, 5, 2, 1, 0, 0, 0, 'Transient', 0, 3, 'Check-Out', '42202', 126.00),
('RES_266', 'HO_1', 'CUS_266', '5', '0', 'MS04', 'DC03', 'FB', 'C', 'DT01', 0, 87, 2015, 'July', 28, 10, 2, 5, 2, 1, 1, 0, 0, 'Transient', 0, 2, 'Check-Out', '42202', 134.00),
('RES_267', 'HO_1', 'CUS_267', '250', '0', 'MS01', 'DC01', 'BB', 'C', 'DT01', 0, 11, 2015, 'July', 28, 10, 2, 6, 3, 1, 0, 0, 0, 'Transient', 1, 0, 'Check-Out', '42203', 160.00),
('RES_268', 'HO_1', 'CUS_268', '240', '0', 'MS03', 'DC03', 'BB', 'A', 'DT01', 0, 115, 2015, 'July', 28, 10, 2, 7, 2, 0, 0, 0, 0, 'Transient', 0, 2, 'Check-Out', '42204', 121.00),
('RES_269', 'HO_1', 'CUS_269', '240', '0', 'MS03', 'DC03', 'BB', 'D', 'DT01', 0, 86, 2015, 'July', 28, 10, 3, 7, 2, 0, 0, 0, 0, 'Transient', 0, 0, 'Check-Out', '42205', 112.00),
('RES_27', 'HO_1', 'CUS_27', '240', '0', 'MS03', 'DC03', 'BB', 'A', 'DT01', 0, 77, 2015, 'July', 27, 1, 2, 5, 2, 0, 0, 0, 0, 'Transient', 0, 0, 'Check-Out', '42193', 94.00),
('RES_270', 'HO_1', 'CUS_270', '241', '0', 'MS03', 'DC03', 'BB', 'F', 'DT01', 0, 41, 2015, 'July', 28, 10, 4, 7, 2, 0, 1, 0, 0, 'Transient', 0, 0, 'Check-Out', '42206', 111.00),
('RES_271', 'HO_1', 'CUS_271', '241', '0', 'MS03', 'DC03', 'BB', 'C', 'DT01', 0, 32, 2015, 'July', 28, 10, 4, 9, 2, 0, 0, 0, 0, 'Transient', 0, 0, 'Check-Out', '42208', 106.00),
('RES_272', 'HO_1', 'CUS_272', '241', '0', 'MS03', 'DC03', 'HB', 'D', 'DT01', 0, 34, 2015, 'July', 28, 10, 2, 5, 2, 1, 0, 0, 0, 'Transient', 0, 3, 'Check-Out', '42202', 95.00),
('RES_273', 'HO_1', 'CUS_273', '241', '0', 'MS03', 'DC03', 'HB', 'F', 'DT01', 0, 34, 2015, 'July', 28, 10, 2, 5, 2, 0, 0, 0, 0, 'Transient', 0, 1, 'Check-Out', '42202', 109.00),
('RES_274', 'HO_1', 'CUS_274', '149', '0', 'MS04', 'DC03', 'HB', 'A', 'DT01', 1, 100, 2015, 'July', 28, 11, 2, 3, 2, 1, 0, 0, 0, 'Transient', 0, 0, 'Canceled', '42153', 154.00),
('RES_275', 'HO_1', 'CUS_275', '240', '0', 'MS03', 'DC03', 'BB', 'A', 'DT01', 0, 44, 2015, 'July', 28, 11, 2, 3, 2, 0, 0, 0, 0, 'Transient', 0, 0, 'Check-Out', '42201', 121.00),
('RES_276', 'HO_1', 'CUS_276', '240', '0', 'MS01', 'DC03', 'BB', 'A', 'DT01', 0, 304, 2015, 'July', 28, 11, 2, 4, 2, 0, 1, 1, 0, 'Transient', 0, 1, 'Check-Out', '42202', 91.00),
('RES_277', 'HO_1', 'CUS_277', '240', '0', 'MS03', 'DC03', 'BB', 'E', 'DT01', 1, 36, 2015, 'July', 28, 11, 2, 4, 2, 0, 0, 0, 0, 'Transient', 0, 0, 'Canceled', '42163', 127.00),
('RES_278', 'HO_1', 'CUS_278', '15', '0', 'MS04', 'DC03', 'HB', 'D', 'DT01', 0, 117, 2015, 'July', 28, 11, 2, 4, 3, 0, 0, 0, 0, 'Transient', 0, 1, 'Check-Out', '42202', 144.00),
('RES_279', 'HO_1', 'CUS_279', '240', '0', 'MS03', 'DC03', 'BB', 'A', 'DT01', 0, 70, 2015, 'July', 28, 11, 2, 4, 2, 0, 0, 0, 0, 'Transient', 1, 2, 'Check-Out', '42202', 100.00),
('RES_28', 'HO_1', 'CUS_28', '240', '0', 'MS03', 'DC03', 'BB', 'D', 'DT01', 0, 99, 2015, 'July', 27, 1, 2, 5, 2, 0, 0, 0, 0, 'Transient', 1, 1, 'Check-Out', '42193', 87.00),
('RES_280', 'HO_1', 'CUS_280', '250', '0', 'MS01', 'DC01', 'BB', 'E', 'DT01', 0, 110, 2015, 'July', 28, 11, 2, 5, 2, 0, 0, 0, 0, 'Transient', 0, 1, 'Check-Out', '42203', 139.00),
('RES_281', 'HO_1', 'CUS_281', '240', '0', 'MS03', 'DC03', 'BB', 'A', 'DT01', 1, 109, 2015, 'July', 28, 11, 2, 5, 2, 0, 0, 0, 0, 'Transient', 0, 1, 'Canceled', '42116', 74.00),
('RES_282', 'HO_1', 'CUS_282', '241', '0', 'MS03', 'DC03', 'BB', 'E', 'DT01', 0, 33, 2015, 'July', 28, 11, 2, 2, 2, 0, 0, 0, 0, 'Transient', 0, 1, 'Check-Out', '42200', 90.00),
('RES_283', 'HO_1', 'CUS_283', '240', '0', 'MS03', 'DC03', 'BB', 'E', 'DT01', 0, 33, 2015, 'July', 28, 11, 2, 2, 2, 0, 0, 0, 0, 'Transient', 0, 0, 'Check-Out', '42200', 123.00),
('RES_284', 'HO_1', 'CUS_284', '240', '0', 'MS03', 'DC03', 'BB', 'E', 'DT01', 0, 33, 2015, 'July', 28, 11, 2, 2, 2, 0, 0, 1, 0, 'Transient', 0, 0, 'Check-Out', '42200', 123.00),
('RES_285', 'HO_1', 'CUS_285', '0', '0', 'MS01', 'DC01', 'BB', 'A', 'DT01', 0, 0, 2015, 'July', 28, 11, 0, 1, 1, 0, 0, 0, 0, 'Transient', 0, 0, 'Check-Out', '42197', 123.00),
('RES_286', 'HO_1', 'CUS_286', '240', '0', 'MS03', 'DC03', 'HB', 'A', 'DT01', 0, 0, 2015, 'July', 28, 11, 0, 1, 2, 0, 0, 1, 0, 'Transient', 0, 1, 'Check-Out', '42197', 145.00),
('RES_287', 'HO_1', 'CUS_287', '0', '0', 'MS01', 'DC01', 'BB', 'G', 'DT01', 0, 0, 2015, 'July', 28, 11, 0, 1, 2, 0, 0, 0, 0, 'Transient', 0, 0, 'Check-Out', '42197', 153.00),
('RES_288', 'HO_1', 'CUS_288', '240', '0', 'MS03', 'DC03', 'BB', 'A', 'DT01', 0, 0, 2015, 'July', 28, 11, 0, 1, 2, 0, 0, 0, 0, 'Transient', 0, 1, 'Check-Out', '42197', 131.00),
('RES_289', 'HO_1', 'CUS_289', '0', '113', 'MS02', 'DC02', 'HB', 'A', 'DT01', 0, 84, 2015, 'July', 28, 11, 1, 1, 2, 0, 0, 0, 0, 'Transient', 1, 0, 'Check-Out', '42198', 100.00),
('RES_29', 'HO_1', 'CUS_29', '0', '0', 'MS01', 'DC01', 'BB', 'A', 'DT01', 0, 118, 2015, 'July', 27, 1, 4, 10, 1, 0, 0, 2, 0, 'Transient', 0, 2, 'Check-Out', '42200', 62.00),
('RES_290', 'HO_1', 'CUS_290', '175', '0', 'MS04', 'DC03', 'BB', 'A', 'DT01', 0, 71, 2015, 'July', 28, 11, 1, 1, 2, 0, 0, 0, 0, 'Transient', 0, 0, 'Check-Out', '42198', 66.00),
('RES_291', 'HO_1', 'CUS_291', '242', '0', 'MS03', 'DC03', 'BB', 'C', 'DT01', 0, 16, 2015, 'July', 28, 11, 1, 1, 2, 0, 0, 0, 0, 'Transient', 0, 1, 'Check-Out', '42198', 123.00),
('RES_292', 'HO_1', 'CUS_292', '240', '0', 'MS03', 'DC03', 'BB', 'E', 'DT01', 0, 54, 2015, 'July', 28, 11, 2, 1, 2, 0, 0, 0, 0, 'Transient', 0, 0, 'Check-Out', '42199', 123.00),
('RES_293', 'HO_1', 'CUS_293', '240', '0', 'MS03', 'DC03', 'BB', 'A', 'DT01', 0, 8, 2015, 'July', 28, 11, 2, 1, 2, 0, 0, 0, 0, 'Transient', 0, 0, 'Check-Out', '42199', 131.00),
('RES_294', 'HO_1', 'CUS_294', '5', '0', 'MS04', 'DC03', 'BB', 'D', 'DT01', 0, 36, 2015, 'July', 28, 11, 2, 5, 2, 0, 0, 0, 0, 'Transient', 1, 0, 'Check-Out', '42203', 105.00),
('RES_295', 'HO_1', 'CUS_295', '242', '0', 'MS03', 'DC03', 'HB', 'A', 'DT01', 0, 40, 2015, 'July', 28, 11, 2, 5, 2, 0, 0, 0, 0, 'Transient', 0, 0, 'Check-Out', '42203', 166.00),
('RES_296', 'HO_1', 'CUS_296', '240', '0', 'MS03', 'DC03', 'BB', 'D', 'DT01', 1, 59, 2015, 'July', 28, 11, 2, 6, 2, 0, 0, 0, 0, 'Transient', 0, 2, 'Canceled', '42143', 111.00),
('RES_297', 'HO_1', 'CUS_297', '250', '0', 'MS01', 'DC01', 'HB', 'G', 'DT01', 0, 79, 2015, 'July', 28, 11, 2, 6, 2, 2, 0, 1, 0, 'Transient', 0, 0, 'Check-Out', '42204', 214.00),
('RES_298', 'HO_1', 'CUS_298', '240', '0', 'MS03', 'DC03', 'HB', 'E', 'DT01', 0, 32, 2015, 'July', 28, 11, 4, 6, 2, 0, 0, 1, 0, 'Transient', 1, 0, 'Check-Out', '42206', 178.00),
('RES_299', 'HO_1', 'CUS_299', '250', '0', 'MS01', 'DC01', 'BB', 'A', 'DT01', 0, 110, 2015, 'July', 28, 11, 2, 5, 2, 0, 0, 0, 0, 'Transient', 0, 1, 'Check-Out', '42203', 114.00),
('RES_3', 'HO_1', 'CUS_3', '240', '0', 'MS03', 'DC03', 'BB', 'A', 'DT01', 0, 14, 2015, 'July', 27, 1, 0, 2, 2, 0, 0, 0, 0, 'Transient', 0, 1, 'Check-Out', '42188', 98.00),
('RES_30', 'HO_1', 'CUS_30', '241', '0', 'MS04', 'DC03', 'BB', 'D', 'DT01', 0, 95, 2015, 'July', 27, 1, 4, 11, 2, 0, 0, 0, 0, 'Transient', 0, 0, 'Check-Out', '42201', 64.00),
('RES_300', 'HO_1', 'CUS_300', '240', '0', 'MS03', 'DC03', 'BB', 'E', 'DT01', 0, 33, 2015, 'July', 28, 11, 2, 5, 2, 0, 0, 0, 0, 'Transient', 1, 0, 'Check-Out', '42203', 129.00),
('RES_301', 'HO_1', 'CUS_301', '240', '0', 'MS03', 'DC03', 'BB', 'G', 'DT01', 0, 53, 2015, 'July', 29, 12, 1, 0, 2, 2, 0, 0, 0, 'Transient', 1, 0, 'Check-Out', '42198', 153.00),
('RES_302', 'HO_1', 'CUS_302', '240', '0', 'MS03', 'DC03', 'BB', 'A', 'DT01', 0, 2, 2015, 'July', 29, 12, 1, 0, 2, 0, 0, 0, 0, 'Transient', 1, 2, 'Check-Out', '42198', 98.00),
('RES_303', 'HO_1', 'CUS_303', '240', '0', 'MS03', 'DC03', 'BB', 'A', 'DT01', 0, 8, 2015, 'July', 29, 12, 2, 4, 2, 1, 0, 0, 0, 'Transient', 1, 2, 'Check-Out', '42203', 169.00),
('RES_304', 'HO_1', 'CUS_304', '240', '0', 'MS03', 'DC03', 'BB', 'A', 'DT01', 1, 72, 2015, 'July', 29, 12, 2, 4, 2, 0, 0, 0, 0, 'Transient', 0, 2, 'Canceled', '42136', 93.00),
('RES_305', 'HO_1', 'CUS_305', '240', '0', 'MS03', 'DC03', 'BB', 'A', 'DT01', 0, 12, 2015, 'July', 29, 12, 2, 5, 2, 0, 0, 0, 0, 'Transient', 0, 0, 'Check-Out', '42204', 132.00),
('RES_306', 'HO_1', 'CUS_306', '243', '0', 'MS04', 'DC03', 'BB', 'D', 'DT01', 0, 48, 2015, 'July', 29, 12, 2, 5, 2, 0, 0, 0, 0, 'Transient', 0, 1, 'Check-Out', '42204', 123.00),
('RES_307', 'HO_1', 'CUS_307', '5', '0', 'MS04', 'DC03', 'FB', 'A', 'DT01', 0, 90, 2015, 'July', 29, 12, 2, 5, 2, 0, 0, 0, 0, 'Transient-Party', 0, 1, 'Check-Out', '42197', 117.00),
('RES_308', 'HO_1', 'CUS_308', '156', '0', 'MS04', 'DC03', 'HB', 'D', 'DT01', 0, 34, 2015, 'July', 29, 12, 2, 5, 2, 0, 1, 1, 0, 'Transient', 0, 1, 'Check-Out', '42204', 149.00),
('RES_309', 'HO_1', 'CUS_309', '250', '0', 'MS01', 'DC01', 'BB', 'C', 'DT01', 1, 58, 2015, 'July', 29, 12, 2, 5, 3, 1, 0, 0, 0, 'Transient', 0, 1, 'Canceled', '42184', 165.00),
('RES_31', 'HO_1', 'CUS_31', '0', '0', 'MS01', 'DC01', 'BB', 'E', 'DT01', 1, 96, 2015, 'July', 27, 1, 2, 8, 2, 0, 0, 0, 0, 'Transient', 0, 2, 'Canceled', '42153', 108.00),
('RES_310', 'HO_1', 'CUS_310', '115', '0', 'MS04', 'DC03', 'BB', 'A', 'DT01', 0, 59, 2015, 'July', 29, 12, 2, 5, 2, 0, 0, 0, 0, 'Contract', 0, 0, 'Check-Out', '42204', 107.00),
('RES_311', 'HO_1', 'CUS_311', '5', '0', 'MS04', 'DC03', 'FB', 'A', 'DT01', 0, 90, 2015, 'July', 29, 12, 2, 5, 2, 0, 1, 0, 0, 'Transient-Party', 1, 2, 'Check-Out', '42204', 117.00),
('RES_312', 'HO_1', 'CUS_312', '40', '0', 'MS04', 'DC03', 'BB', 'E', 'DT01', 0, 116, 2015, 'July', 29, 12, 2, 5, 2, 0, 0, 0, 0, 'Contract', 0, 0, 'Check-Out', '42204', 119.00),
('RES_313', 'HO_1', 'CUS_313', '243', '0', 'MS04', 'DC03', 'BB', 'D', 'DT01', 0, 31, 2015, 'July', 29, 12, 2, 5, 2, 0, 0, 0, 0, 'Transient', 0, 0, 'Check-Out', '42204', 123.00),
('RES_314', 'HO_1', 'CUS_314', '241', '0', 'MS03', 'DC03', 'HB', 'A', 'DT01', 1, 51, 2015, 'July', 29, 12, 2, 5, 2, 0, 0, 0, 0, 'Transient', 0, 0, 'Canceled', '42188', 106.00),
('RES_315', 'HO_1', 'CUS_315', '243', '0', 'MS04', 'DC03', 'BB', 'D', 'DT01', 0, 48, 2015, 'July', 29, 12, 2, 5, 2, 0, 0, 0, 0, 'Transient', 0, 1, 'Check-Out', '42204', 123.00),
('RES_316', 'HO_1', 'CUS_316', '240', '0', 'MS03', 'DC03', 'BB', 'E', 'DT01', 0, 59, 2015, 'July', 29, 12, 2, 5, 2, 0, 0, 0, 0, 'Transient', 1, 2, 'Check-Out', '42204', 144.00),
('RES_317', 'HO_1', 'CUS_317', '240', '0', 'MS03', 'DC03', 'BB', 'E', 'DT01', 1, 97, 2015, 'July', 29, 12, 3, 5, 2, 0, 0, 0, 0, 'Transient', 0, 1, 'Canceled', '42174', 126.00),
('RES_318', 'HO_1', 'CUS_318', '240', '0', 'MS03', 'DC03', 'HB', 'A', 'DT01', 0, 12, 2015, 'July', 29, 12, 4, 5, 2, 0, 0, 0, 0, 'Transient', 1, 2, 'Check-Out', '42206', 148.00),
('RES_319', 'HO_1', 'CUS_319', '240', '0', 'MS03', 'DC03', 'BB', 'A', 'DT01', 0, 64, 2015, 'July', 29, 12, 4, 5, 2, 0, 0, 0, 0, 'Transient', 0, 1, 'Check-Out', '42206', 125.00),
('RES_32', 'HO_1', 'CUS_32', '175', '0', 'MS04', 'DC03', 'BB', 'A', 'DT01', 0, 69, 2015, 'July', 27, 2, 2, 4, 2, 0, 0, 0, 0, 'Transient', 0, 0, 'Check-Out', '42193', 66.00),
('RES_320', 'HO_1', 'CUS_320', '243', '0', 'MS04', 'DC03', 'BB', 'D', 'DT01', 0, 31, 2015, 'July', 29, 12, 4, 7, 2, 0, 0, 0, 0, 'Transient', 0, 0, 'Check-Out', '42208', 123.00),
('RES_321', 'HO_1', 'CUS_321', '243', '0', 'MS04', 'DC03', 'HB', 'A', 'DT01', 0, 59, 2015, 'July', 29, 12, 4, 7, 2, 0, 0, 0, 0, 'Contract', 1, 1, 'Check-Out', '42208', 130.00),
('RES_322', 'HO_1', 'CUS_322', '8', '0', 'MS04', 'DC03', 'BB', 'D', 'DT01', 1, 55, 2015, 'July', 29, 12, 4, 10, 2, 10, 0, 2, 0, 'Contract', 0, 1, 'No-Show', '42197', 133.00),
('RES_323', 'HO_1', 'CUS_323', '147', '0', 'MS04', 'DC03', 'BB', 'A', 'DT01', 0, 81, 2015, 'July', 29, 12, 2, 5, 2, 0, 0, 0, 0, 'Transient', 0, 0, 'Check-Out', '42204', 79.00),
('RES_324', 'HO_1', 'CUS_324', '240', '0', 'MS03', 'DC03', 'BB', 'A', 'DT01', 0, 1, 2015, 'July', 29, 12, 1, 0, 2, 0, 0, 0, 0, 'Transient', 0, 0, 'Check-Out', '42198', 80.00),
('RES_325', 'HO_1', 'CUS_325', '240', '0', 'MS03', 'DC03', 'BB', 'G', 'DT01', 0, 34, 2015, 'July', 29, 12, 2, 0, 2, 2, 0, 0, 0, 'Transient', 0, 1, 'Check-Out', '42199', 193.00),
('RES_326', 'HO_1', 'CUS_326', '240', '0', 'MS03', 'DC03', 'BB', 'A', 'DT01', 0, 13, 2015, 'July', 29, 12, 2, 0, 2, 0, 0, 0, 0, 'Transient', 0, 0, 'Check-Out', '42199', 88.00),
('RES_327', 'HO_1', 'CUS_327', '241', '0', 'MS03', 'DC03', 'BB', 'F', 'DT01', 0, 40, 2015, 'July', 29, 12, 2, 0, 2, 0, 0, 0, 0, 'Transient', 0, 0, 'Check-Out', '42199', 91.00),
('RES_328', 'HO_1', 'CUS_328', '240', '0', 'MS03', 'DC03', 'BB', 'A', 'DT01', 0, 1, 2015, 'July', 29, 12, 2, 0, 2, 0, 0, 0, 0, 'Transient', 0, 1, 'Check-Out', '42199', 115.00),
('RES_329', 'HO_1', 'CUS_329', '240', '0', 'MS03', 'DC03', 'BB', 'A', 'DT01', 0, 34, 2015, 'July', 29, 12, 2, 0, 2, 0, 0, 0, 0, 'Transient', 0, 1, 'Check-Out', '42199', 120.00),
('RES_33', 'HO_1', 'CUS_33', '241', '0', 'MS03', 'DC03', 'BB', 'D', 'DT01', 1, 45, 2015, 'July', 27, 2, 1, 3, 3, 0, 0, 0, 0, 'Transient', 0, 1, 'Canceled', '42143', 109.00),
('RES_330', 'HO_1', 'CUS_330', '8', '0', 'MS04', 'DC03', 'BB', 'D', 'DT01', 0, 88, 2015, 'July', 29, 12, 2, 1, 2, 0, 0, 1, 0, 'Contract', 0, 0, 'Check-Out', '42200', 80.00),
('RES_331', 'HO_1', 'CUS_331', '240', '0', 'MS03', 'DC03', 'BB', 'A', 'DT01', 0, 9, 2015, 'July', 29, 12, 2, 1, 2, 0, 0, 0, 0, 'Transient', 0, 3, 'Check-Out', '42200', 118.00),
('RES_332', 'HO_1', 'CUS_332', '240', '0', 'MS03', 'DC03', 'HB', 'A', 'DT01', 1, 24, 2015, 'July', 29, 12, 2, 1, 2, 0, 0, 0, 0, 'Transient', 0, 0, 'Canceled', '42177', 128.00),
('RES_333', 'HO_1', 'CUS_333', '6', '0', 'MS04', 'DC03', 'BB', 'A', 'DT01', 0, 97, 2015, 'July', 29, 12, 2, 2, 2, 0, 0, 0, 0, 'Transient', 0, 0, 'Check-Out', '42201', 91.00),
('RES_334', 'HO_1', 'CUS_334', '240', '0', 'MS03', 'DC03', 'BB', 'E', 'DT01', 0, 60, 2015, 'July', 29, 12, 2, 2, 2, 0, 1, 2, 0, 'Transient', 0, 2, 'Check-Out', '42201', 107.00),
('RES_335', 'HO_1', 'CUS_335', '250', '0', 'MS01', 'DC01', 'BB', 'G', 'DT01', 0, 100, 2015, 'July', 29, 12, 2, 2, 2, 2, 0, 0, 0, 'Transient', 1, 1, 'Check-Out', '42201', 130.00),
('RES_336', 'HO_1', 'CUS_336', '156', '0', 'MS04', 'DC03', 'BB', 'D', 'DT01', 0, 50, 2015, 'July', 29, 12, 2, 3, 2, 0, 0, 0, 0, 'Contract', 0, 0, 'Check-Out', '42202', 123.00),
('RES_337', 'HO_1', 'CUS_337', '241', '0', 'MS03', 'DC03', 'BB', 'F', 'DT01', 1, 47, 2015, 'July', 29, 12, 2, 3, 2, 0, 0, 0, 0, 'Transient', 0, 0, 'No-Show', '42197', 104.00),
('RES_338', 'HO_1', 'CUS_338', '240', '0', 'MS03', 'DC03', 'BB', 'H', 'DT01', 0, 8, 2015, 'July', 29, 12, 2, 3, 2, 2, 0, 0, 0, 'Transient', 0, 1, 'Check-Out', '42202', 196.00),
('RES_339', 'HO_1', 'CUS_339', '240', '0', 'MS03', 'DC03', 'HB', 'D', 'DT01', 0, 34, 2015, 'July', 29, 12, 2, 3, 2, 0, 0, 0, 0, 'Transient', 1, 0, 'Check-Out', '42202', 149.00),
('RES_34', 'HO_1', 'CUS_34', '241', '0', 'MS03', 'DC03', 'BB', 'D', 'DT01', 1, 40, 2015, 'July', 27, 2, 1, 3, 3, 0, 0, 0, 0, 'Transient', 0, 1, 'Canceled', '42174', 109.00),
('RES_340', 'HO_1', 'CUS_340', '240', '0', 'MS03', 'DC03', 'BB', 'G', 'DT01', 0, 47, 2015, 'July', 29, 13, 2, 5, 2, 0, 0, 0, 0, 'Transient', 0, 0, 'Check-Out', '42205', 176.00),
('RES_341', 'HO_1', 'CUS_341', '134', '0', 'MS04', 'DC03', 'HB', 'A', 'DT01', 0, 115, 2015, 'July', 29, 13, 2, 5, 2, 0, 1, 1, 0, 'Transient-Party', 0, 2, 'Check-Out', '42205', 120.00),
('RES_342', 'HO_1', 'CUS_342', '240', '0', 'MS03', 'DC03', 'BB', 'A', 'DT01', 1, 79, 2015, 'July', 29, 13, 2, 5, 2, 0, 0, 0, 0, 'Transient', 0, 1, 'Canceled', '42137', 101.00),
('RES_343', 'HO_1', 'CUS_343', '240', '0', 'MS03', 'DC03', 'BB', 'A', 'DT01', 0, 91, 2015, 'July', 29, 13, 2, 5, 2, 0, 0, 0, 0, 'Transient', 0, 0, 'Check-Out', '42205', 101.00),
('RES_344', 'HO_1', 'CUS_344', '240', '0', 'MS03', 'DC03', 'BB', 'A', 'DT01', 0, 98, 2015, 'July', 29, 13, 1, 1, 2, 0, 0, 0, 0, 'Transient-Party', 0, 3, 'Check-Out', '42200', 82.00),
('RES_345', 'HO_1', 'CUS_345', '240', '0', 'MS03', 'DC03', 'BB', 'A', 'DT01', 0, 109, 2015, 'July', 29, 13, 1, 1, 2, 0, 0, 0, 0, 'Transient', 0, 1, 'Check-Out', '42200', 74.00),
('RES_346', 'HO_1', 'CUS_346', '240', '0', 'MS03', 'DC03', 'BB', 'A', 'DT01', 0, 0, 2015, 'July', 29, 13, 1, 1, 2, 0, 0, 0, 0, 'Transient', 1, 0, 'Check-Out', '42200', 118.00),
('RES_347', 'HO_1', 'CUS_347', '240', '0', 'MS03', 'DC03', 'BB', 'A', 'DT01', 0, 98, 2015, 'July', 29, 13, 1, 1, 2, 0, 0, 0, 0, 'Transient-Party', 0, 3, 'Check-Out', '42200', 82.00),
('RES_348', 'HO_1', 'CUS_348', '240', '0', 'MS03', 'DC03', 'HB', 'A', 'DT01', 0, 9, 2015, 'July', 29, 13, 1, 1, 2, 0, 0, 0, 0, 'Transient', 1, 2, 'Check-Out', '42200', 161.00),
('RES_349', 'HO_1', 'CUS_349', '250', '0', 'MS01', 'DC01', 'HB', 'D', 'DT01', 0, 203, 2017, 'August', 34, 21, 2, 5, 2, 0, 0, 1, 0, 'Transient', 0, 3, 'Check-Out', '8/28/2017', 241.00),
('RES_35', 'HO_1', 'CUS_35', '240', '0', 'MS03', 'DC03', 'BB', 'A', 'DT01', 0, 15, 2015, 'July', 27, 2, 1, 3, 2, 0, 0, 0, 0, 'Transient', 0, 0, 'Check-Out', '42191', 98.00),
('RES_350', 'HO_1', 'CUS_350', '240', '0', 'MS03', 'DC03', 'HB', 'D', 'DT01', 0, 6, 2017, 'August', 34, 24, 1, 3, 2, 0, 0, 0, 0, 'Transient', 0, 2, 'Check-Out', '8/28/2017', 267.00),
('RES_351', 'HO_1', 'CUS_351', '5', '0', 'MS03', 'DC03', 'FB', 'A', 'DT01', 0, 36, 2017, 'August', 34, 25, 1, 2, 3, 0, 0, 3, 0, 'Transient', 0, 0, 'Check-Out', '8/28/2017', 259.00),
('RES_352', 'HO_1', 'CUS_352', '5', '0', 'MS03', 'DC03', 'FB', 'A', 'DT01', 0, 17, 2017, 'August', 35, 28, 1, 3, 3, 0, 0, 1, 0, 'Transient', 0, 0, 'Check-Out', '9/1/2017', 248.00),
('RES_353', 'HO_1', 'CUS_353', '196', '0', 'MS03', 'DC03', 'BB', 'E', 'DT01', 0, 102, 2017, 'August', 34, 21, 2, 5, 2, 0, 0, 0, 0, 'Transient', 1, 0, 'Check-Out', '8/28/2017', 281.00),
('RES_354', 'HO_1', 'CUS_354', '240', '0', 'MS03', 'DC03', 'BB', 'E', 'DT01', 0, 5, 2017, 'August', 34, 24, 1, 3, 2, 0, 0, 0, 0, 'Transient', 0, 3, 'Check-Out', '8/28/2017', 269.00),
('RES_355', 'HO_1', 'CUS_355', '250', '0', 'MS01', 'DC01', 'BB', 'F', 'DT01', 0, 43, 2017, 'August', 34, 24, 1, 3, 2, 1, 0, 0, 0, 'Transient', 0, 3, 'Check-Out', '8/28/2017', 293.00),
('RES_356', 'HO_1', 'CUS_356', '330', '0', 'MS04', 'DC03', 'BB', 'A', 'DT01', 0, 3, 2017, 'August', 35, 27, 1, 0, 1, 0, 0, 0, 0, 'Transient-Party', 0, 1, 'Check-Out', '8/28/2017', 75.00),
('RES_357', 'HO_1', 'CUS_357', '330', '0', 'MS04', 'DC03', 'BB', 'A', 'DT01', 0, 3, 2017, 'August', 35, 27, 1, 0, 1, 0, 0, 0, 0, 'Transient-Party', 0, 2, 'Check-Out', '8/28/2017', 75.00),
('RES_358', 'HO_1', 'CUS_358', '330', '0', 'MS04', 'DC03', 'BB', 'A', 'DT01', 0, 3, 2017, 'August', 35, 27, 1, 0, 2, 0, 0, 0, 0, 'Transient-Party', 0, 2, 'Check-Out', '8/28/2017', 80.00),
('RES_359', 'HO_1', 'CUS_359', '241', '0', 'MS03', 'DC03', 'HB', 'D', 'DT01', 0, 34, 2017, 'August', 34, 23, 2, 4, 2, 0, 0, 0, 0, 'Transient', 0, 1, 'Check-Out', '8/29/2017', 208.00),
('RES_36', 'HO_1', 'CUS_36', '241', '0', 'MS03', 'DC03', 'BB', 'D', 'DT01', 0, 36, 2015, 'July', 27, 2, 1, 3, 3, 0, 0, 0, 0, 'Transient', 0, 1, 'Check-Out', '42191', 109.00),
('RES_360', 'HO_1', 'CUS_360', '250', '0', 'MS01', 'DC01', 'BB', 'H', 'DT01', 0, 92, 2017, 'August', 34, 23, 2, 4, 3, 2, 0, 0, 0, 'Transient', 0, 2, 'Check-Out', '8/29/2017', 328.00),
('RES_361', 'HO_1', 'CUS_361', '240', '0', 'MS03', 'DC03', 'BB', 'A', 'DT01', 0, 39, 2017, 'August', 34, 26, 2, 1, 2, 0, 0, 0, 0, 'Transient', 0, 2, 'Check-Out', '8/29/2017', 217.00),
('RES_362', 'HO_1', 'CUS_362', '240', '0', 'MS03', 'DC03', 'BB', 'E', 'DT01', 0, 0, 2017, 'August', 35, 27, 2, 0, 2, 0, 0, 0, 0, 'Transient', 1, 0, 'Check-Out', '8/29/2017', 244.00),
('RES_363', 'HO_1', 'CUS_363', '250', '0', 'MS01', 'DC01', 'HB', 'G', 'DT01', 0, 250, 2017, 'August', 34, 23, 2, 4, 2, 1, 0, 1, 0, 'Transient', 1, 2, 'Check-Out', '8/29/2017', 266.00),
('RES_364', 'HO_1', 'CUS_364', '15', '0', 'MS03', 'DC03', 'HB', 'A', 'DT01', 0, 204, 2017, 'August', 34, 26, 2, 1, 2, 1, 0, 0, 0, 'Transient-Party', 0, 2, 'Check-Out', '8/29/2017', 169.00),
('RES_365', 'HO_1', 'CUS_365', '175', '0', 'MS03', 'DC03', 'BB', 'A', 'DT01', 0, 126, 2017, 'August', 34, 24, 2, 3, 3, 0, 0, 0, 0, 'Transient', 0, 2, 'Check-Out', '8/29/2017', 204.00),
('RES_366', 'HO_1', 'CUS_366', '15', '0', 'MS03', 'DC03', 'HB', 'A', 'DT01', 0, 204, 2017, 'August', 34, 26, 2, 1, 2, 1, 0, 0, 0, 'Transient-Party', 0, 2, 'Check-Out', '8/29/2017', 169.00),
('RES_367', 'HO_1', 'CUS_367', '241', '0', 'MS03', 'DC03', 'BB', 'A', 'DT01', 0, 23, 2017, 'August', 34, 26, 2, 1, 2, 0, 0, 0, 0, 'Transient', 0, 1, 'Check-Out', '8/29/2017', 168.00),
('RES_368', 'HO_1', 'CUS_368', '240', '0', 'MS03', 'DC03', 'BB', 'A', 'DT01', 0, 10, 2017, 'August', 34, 23, 2, 4, 2, 0, 0, 0, 0, 'Transient', 0, 2, 'Check-Out', '8/29/2017', 226.00),
('RES_369', 'HO_1', 'CUS_369', '314', '0', 'MS03', 'DC03', 'HB', 'C', 'DT01', 0, 204, 2017, 'August', 34, 26, 2, 1, 2, 2, 0, 1, 0, 'Transient', 0, 1, 'Check-Out', '8/29/2017', 182.00),
('RES_37', 'HO_1', 'CUS_37', '241', '0', 'MS03', 'DC03', 'BB', 'D', 'DT01', 1, 43, 2015, 'July', 27, 2, 1, 3, 3, 0, 0, 0, 0, 'Transient', 0, 0, 'Canceled', '42147', 109.00),
('RES_370', 'HO_1', 'CUS_370', '242', '0', 'MS03', 'DC03', 'HB', 'E', 'DT01', 0, 34, 2017, 'August', 34, 22, 2, 5, 2, 1, 0, 1, 0, 'Transient', 0, 2, 'Check-Out', '8/29/2017', 331.00),
('RES_371', 'HO_1', 'CUS_371', '240', '0', 'MS03', 'DC03', 'BB', 'A', 'DT01', 0, 9, 2017, 'August', 34, 22, 2, 5, 2, 0, 0, 0, 0, 'Transient', 0, 2, 'Check-Out', '8/29/2017', 210.00),
('RES_372', 'HO_1', 'CUS_372', '250', '0', 'MS01', 'DC01', 'HB', 'D', 'DT01', 0, 184, 2017, 'August', 34, 20, 4, 5, 2, 1, 0, 2, 0, 'Transient', 0, 2, 'Check-Out', '8/29/2017', 208.00),
('RES_373', 'HO_1', 'CUS_373', '250', '0', 'MS01', 'DC01', 'HB', 'D', 'DT01', 0, 184, 2017, 'August', 34, 20, 4, 5, 2, 1, 0, 2, 0, 'Transient', 0, 2, 'Check-Out', '8/29/2017', 258.00),
('RES_374', 'HO_1', 'CUS_374', '250', '0', 'MS01', 'DC01', 'HB', 'D', 'DT01', 0, 184, 2017, 'August', 34, 20, 4, 5, 2, 1, 0, 1, 0, 'Transient', 0, 3, 'Check-Out', '8/29/2017', 235.00),
('RES_375', 'HO_1', 'CUS_375', '240', '0', 'MS03', 'DC03', 'BB', 'A', 'DT01', 0, 21, 2017, 'August', 34, 25, 2, 2, 2, 0, 0, 0, 0, 'Transient', 0, 2, 'Check-Out', '8/29/2017', 224.00),
('RES_376', 'HO_1', 'CUS_376', '243', '0', 'MS04', 'DC03', 'SC', 'D', 'DT01', 0, 191, 2017, 'August', 34, 20, 4, 5, 2, 0, 0, 2, 0, 'Contract', 0, 2, 'Check-Out', '8/29/2017', 1.60),
('RES_377', 'HO_1', 'CUS_377', '526', '0', 'MS03', 'DC03', 'BB', 'C', 'DT01', 0, 191, 2017, 'August', 33, 16, 4, 10, 2, 2, 0, 0, 0, 'Transient', 0, 0, 'Check-Out', '8/30/2017', 144.00),
('RES_378', 'HO_1', 'CUS_378', '240', '0', 'MS03', 'DC03', 'HB', 'A', 'DT01', 0, 228, 2017, 'August', 34, 23, 2, 5, 2, 0, 1, 2, 0, 'Transient-Party', 0, 3, 'Check-Out', '8/30/2017', 185.00),
('RES_379', 'HO_1', 'CUS_379', '240', '0', 'MS03', 'DC03', 'HB', 'A', 'DT01', 0, 228, 2017, 'August', 34, 23, 2, 5, 2, 0, 0, 0, 0, 'Transient-Party', 0, 2, 'Check-Out', '8/30/2017', 185.00),
('RES_38', 'HO_1', 'CUS_38', '250', '0', 'MS01', 'DC01', 'HB', 'E', 'DT01', 0, 70, 2015, 'July', 27, 2, 2, 3, 2, 0, 0, 0, 0, 'Transient', 0, 1, 'Check-Out', '42192', 137.00),
('RES_380', 'HO_1', 'CUS_380', '240', '0', 'MS03', 'DC03', 'HB', 'D', 'DT01', 0, 41, 2017, 'August', 34, 26, 2, 2, 2, 0, 0, 0, 0, 'Transient', 1, 2, 'Check-Out', '8/30/2017', 266.00),
('RES_381', 'HO_1', 'CUS_381', '314', '0', 'MS03', 'DC03', 'HB', 'C', 'DT01', 0, 202, 2017, 'August', 34, 21, 3, 6, 2, 2, 0, 1, 0, 'Transient', 1, 0, 'Check-Out', '8/30/2017', 197.00),
('RES_382', 'HO_1', 'CUS_382', '241', '0', 'MS03', 'DC03', 'HB', 'F', 'DT01', 0, 76, 2017, 'August', 34, 23, 2, 5, 1, 0, 0, 0, 0, 'Transient', 0, 1, 'Check-Out', '8/30/2017', 232.00),
('RES_383', 'HO_1', 'CUS_383', '240', '0', 'MS03', 'DC03', 'BB', 'C', 'DT01', 0, 163, 2017, 'August', 35, 27, 2, 1, 2, 2, 0, 0, 0, 'Transient', 1, 1, 'Check-Out', '8/30/2017', 246.00),
('RES_384', 'HO_1', 'CUS_384', '250', '0', 'MS01', 'DC01', 'BB', 'D', 'DT01', 0, 26, 2017, 'August', 34, 24, 2, 4, 3, 0, 0, 1, 0, 'Transient', 0, 1, 'Check-Out', '8/30/2017', 351.00),
('RES_385', 'HO_1', 'CUS_385', '250', '0', 'MS01', 'DC01', 'HB', 'A', 'DT01', 0, 155, 2017, 'August', 34, 25, 2, 3, 2, 1, 0, 0, 0, 'Transient', 0, 3, 'Check-Out', '8/30/2017', 237.00),
('RES_386', 'HO_1', 'CUS_386', '240', '0', 'MS03', 'DC03', 'HB', 'A', 'DT01', 0, 85, 2017, 'August', 35, 27, 2, 1, 2, 0, 0, 0, 0, 'Transient', 1, 2, 'Check-Out', '8/30/2017', 236.00),
('RES_387', 'HO_1', 'CUS_387', '242', '0', 'MS03', 'DC03', 'BB', 'A', 'DT01', 0, 40, 2017, 'August', 35, 28, 1, 1, 2, 1, 0, 0, 0, 'Transient', 0, 3, 'Check-Out', '8/30/2017', 204.00),
('RES_388', 'HO_1', 'CUS_388', '241', '0', 'MS03', 'DC03', 'BB', 'C', 'DT01', 0, 125, 2017, 'August', 35, 28, 1, 1, 2, 0, 0, 0, 0, 'Transient', 0, 1, 'Check-Out', '8/30/2017', 204.00),
('RES_389', 'HO_1', 'CUS_389', '241', '0', 'MS03', 'DC03', 'BB', 'C', 'DT01', 0, 125, 2017, 'August', 35, 28, 1, 1, 2, 2, 0, 0, 0, 'Transient', 0, 1, 'Check-Out', '8/30/2017', 229.00),
('RES_39', 'HO_1', 'CUS_39', '241', '0', 'MS03', 'DC03', 'BB', 'G', 'DT01', 1, 45, 2015, 'July', 27, 2, 2, 3, 2, 0, 0, 0, 0, 'Transient', 0, 0, 'Canceled', '42142', 118.00),
('RES_390', 'HO_1', 'CUS_390', '40', '0', 'MS04', 'DC03', 'HB', 'D', 'DT01', 0, 106, 2017, 'August', 34, 23, 2, 5, 3, 0, 0, 0, 0, 'Contract', 0, 0, 'Check-Out', '8/30/2017', 224.00),
('RES_391', 'HO_1', 'CUS_391', '250', '0', 'MS01', 'DC01', 'HB', 'D', 'DT01', 0, 26, 2017, 'August', 34, 25, 2, 3, 2, 1, 1, 2, 0, 'Transient', 0, 2, 'Check-Out', '8/30/2017', 293.00),
('RES_392', 'HO_1', 'CUS_392', '240', '0', 'MS03', 'DC03', 'BB', 'A', 'DT01', 0, 28, 2017, 'August', 35, 27, 2, 1, 2, 0, 0, 0, 0, 'Transient', 1, 2, 'Check-Out', '8/30/2017', 204.00),
('RES_393', 'HO_1', 'CUS_393', '241', '0', 'MS03', 'DC03', 'BB', 'D', 'DT01', 0, 73, 2017, 'August', 34, 26, 2, 2, 2, 0, 0, 0, 0, 'Transient', 0, 1, 'Check-Out', '8/30/2017', 167.00),
('RES_394', 'HO_1', 'CUS_394', '241', '0', 'MS03', 'DC03', 'BB', 'D', 'DT01', 0, 165, 2017, 'August', 34, 20, 4, 6, 2, 0, 0, 0, 0, 'Transient', 0, 1, 'Check-Out', '8/30/2017', 172.00),
('RES_395', 'HO_1', 'CUS_395', '250', '0', 'MS01', 'DC01', 'HB', 'G', 'DT01', 0, 268, 2017, 'August', 34, 20, 4, 6, 2, 2, 0, 1, 0, 'Transient', 0, 2, 'Check-Out', '8/30/2017', 275.00),
('RES_396', 'HO_1', 'CUS_396', '240', '0', 'MS03', 'DC03', 'BB', 'A', 'DT01', 0, 69, 2017, 'August', 35, 27, 2, 1, 2, 0, 0, 0, 0, 'Transient', 0, 2, 'Check-Out', '8/30/2017', 190.00),
('RES_397', 'HO_1', 'CUS_397', '479', '0', 'MS04', 'DC03', 'HB', 'D', 'DT01', 0, 47, 2017, 'August', 34, 23, 2, 5, 3, 0, 0, 1, 0, 'Transient', 0, 0, 'Check-Out', '8/30/2017', 234.00),
('RES_398', 'HO_1', 'CUS_398', '240', '0', 'MS03', 'DC03', 'HB', 'G', 'DT01', 0, 6, 2017, 'August', 35, 27, 2, 1, 2, 2, 0, 0, 0, 'Transient', 0, 2, 'Check-Out', '8/30/2017', 345.00),
('RES_399', 'HO_1', 'CUS_399', '479', '0', 'MS04', 'DC03', 'HB', 'A', 'DT01', 0, 23, 2017, 'August', 34, 23, 2, 5, 2, 0, 0, 0, 0, 'Transient', 0, 1, 'Check-Out', '8/30/2017', 147.00),
('RES_4', 'HO_1', 'CUS_4', '240', '0', 'MS03', 'DC03', 'BB', 'A', 'DT01', 0, 14, 2015, 'July', 27, 1, 0, 2, 2, 0, 0, 0, 0, 'Transient', 0, 1, 'Check-Out', '42188', 98.00),
('RES_40', 'HO_1', 'CUS_40', '8', '0', 'MS04', 'DC03', 'BB', 'D', 'DT01', 0, 45, 2015, 'July', 27, 2, 2, 3, 2, 0, 0, 0, 0, 'Contract', 0, 0, 'Check-Out', '42192', 80.00),
('RES_400', 'HO_1', 'CUS_400', '241', '0', 'MS03', 'DC03', 'BB', 'F', 'DT01', 0, 31, 2017, 'August', 34, 23, 2, 5, 2, 1, 0, 0, 0, 'Transient', 0, 1, 'Check-Out', '8/30/2017', 229.00),
('RES_401', 'HO_1', 'CUS_401', '240', '0', 'MS03', 'DC03', 'BB', 'A', 'DT01', 0, 64, 2017, 'August', 35, 28, 1, 1, 2, 0, 0, 0, 0, 'Transient', 0, 1, 'Check-Out', '8/30/2017', 185.00),
('RES_402', 'HO_1', 'CUS_402', '243', '0', 'MS04', 'DC03', 'BB', 'D', 'DT01', 0, 148, 2017, 'August', 34, 24, 2, 5, 2, 0, 0, 0, 0, 'Transient', 0, 0, 'Check-Out', '8/31/2017', 124.00),
('RES_403', 'HO_1', 'CUS_403', '40', '0', 'MS04', 'DC03', 'BB', 'D', 'DT01', 0, 99, 2017, 'August', 34, 24, 2, 5, 2, 0, 0, 0, 0, 'Contract', 0, 1, 'Check-Out', '8/31/2017', 135.00),
('RES_404', 'HO_1', 'CUS_404', '243', '0', 'MS04', 'DC03', 'BB', 'A', 'DT01', 0, 176, 2017, 'August', 34, 24, 2, 5, 2, 0, 0, 0, 0, 'Contract', 0, 1, 'Check-Out', '8/31/2017', 105.00),
('RES_405', 'HO_1', 'CUS_405', '243', '0', 'MS04', 'DC03', 'BB', 'A', 'DT01', 0, 176, 2017, 'August', 34, 24, 2, 5, 2, 0, 0, 0, 0, 'Contract', 0, 1, 'Check-Out', '8/31/2017', 105.00),
('RES_406', 'HO_1', 'CUS_406', '40', '0', 'MS04', 'DC03', 'BB', 'D', 'DT01', 0, 269, 2017, 'August', 34, 24, 2, 5, 2, 0, 0, 0, 0, 'Contract', 0, 2, 'Check-Out', '8/31/2017', 124.00),
('RES_407', 'HO_1', 'CUS_407', '240', '0', 'MS03', 'DC03', 'HB', 'E', 'DT01', 0, 3, 2017, 'August', 35, 28, 1, 2, 2, 0, 0, 0, 0, 'Transient', 0, 2, 'Check-Out', '8/31/2017', 236.00),
('RES_408', 'HO_1', 'CUS_408', '40', '0', 'MS04', 'DC03', 'HB', 'A', 'DT01', 0, 112, 2017, 'August', 34, 24, 2, 5, 2, 0, 0, 0, 0, 'Contract', 0, 3, 'Check-Out', '8/31/2017', 147.00),
('RES_409', 'HO_1', 'CUS_409', '40', '0', 'MS04', 'DC03', 'HB', 'A', 'DT01', 0, 112, 2017, 'August', 34, 24, 2, 5, 1, 0, 0, 0, 0, 'Contract', 0, 2, 'Check-Out', '8/31/2017', 132.00),
('RES_41', 'HO_1', 'CUS_41', '0', '0', 'MS01', 'DC01', 'BB', 'F', 'DT01', 0, 16, 2015, 'July', 27, 2, 2, 3, 2, 0, 0, 0, 0, 'Transient', 0, 0, 'Check-Out', '42192', 123.00),
('RES_410', 'HO_1', 'CUS_410', '40', '0', 'MS04', 'DC03', 'BB', 'D', 'DT01', 0, 14, 2017, 'August', 34, 24, 2, 5, 2, 0, 0, 0, 0, 'Contract', 0, 2, 'Check-Out', '8/31/2017', 135.00),
('RES_411', 'HO_1', 'CUS_411', '40', '0', 'MS04', 'DC03', 'BB', 'D', 'DT01', 0, 14, 2017, 'August', 34, 24, 2, 5, 2, 0, 0, 0, 0, 'Group', 0, 0, 'Check-Out', '8/31/2017', 135.00),
('RES_412', 'HO_1', 'CUS_412', '250', '0', 'MS01', 'DC01', 'BB', 'D', 'DT01', 0, 172, 2017, 'August', 34, 24, 2, 5, 2, 0, 0, 0, 0, 'Transient', 0, 2, 'Check-Out', '8/31/2017', 205.00),
('RES_413', 'HO_1', 'CUS_413', '115', '0', 'MS04', 'DC03', 'HB', 'A', 'DT01', 0, 308, 2017, 'August', 34, 24, 2, 5, 1, 0, 0, 0, 0, 'Transient', 0, 1, 'Check-Out', '8/31/2017', 125.00),
('RES_414', 'HO_1', 'CUS_414', '115', '0', 'MS04', 'DC03', 'HB', 'A', 'DT01', 0, 308, 2017, 'August', 34, 24, 2, 5, 1, 0, 0, 0, 0, 'Group', 0, 1, 'Check-Out', '8/31/2017', 125.00),
('RES_415', 'HO_1', 'CUS_415', '243', '0', 'MS04', 'DC03', 'BB', 'D', 'DT01', 0, 407, 2017, 'August', 34, 24, 2, 5, 2, 0, 0, 0, 0, 'Contract', 0, 2, 'Check-Out', '8/31/2017', 122.00),
('RES_416', 'HO_1', 'CUS_416', '243', '0', 'MS04', 'DC03', 'BB', 'D', 'DT01', 0, 407, 2017, 'August', 34, 24, 2, 5, 2, 0, 0, 0, 0, 'Contract', 0, 2, 'Check-Out', '8/31/2017', 122.00),
('RES_417', 'HO_1', 'CUS_417', '15', '0', 'MS03', 'DC03', 'HB', 'A', 'DT01', 0, 155, 2017, 'August', 34, 24, 2, 5, 3, 0, 0, 0, 0, 'Transient', 1, 1, 'Check-Out', '8/31/2017', 208.00),
('RES_418', 'HO_1', 'CUS_418', '6', '0', 'MS04', 'DC03', 'HB', 'A', 'DT01', 0, 162, 2017, 'August', 34, 24, 2, 5, 2, 0, 0, 0, 0, 'Transient', 1, 2, 'Check-Out', '8/31/2017', 152.00),
('RES_419', 'HO_1', 'CUS_419', '250', '0', 'MS01', 'DC01', 'BB', 'A', 'DT01', 0, 211, 2017, 'August', 34, 22, 2, 7, 2, 0, 0, 0, 0, 'Transient', 0, 1, 'Check-Out', '8/31/2017', 125.00),
('RES_42', 'HO_1', 'CUS_42', '250', '0', 'MS01', 'DC01', 'HB', 'E', 'DT01', 0, 70, 2015, 'July', 27, 2, 2, 3, 2, 0, 0, 0, 0, 'Transient', 0, 1, 'Check-Out', '42192', 137.00),
('RES_420', 'HO_1', 'CUS_420', '196', '0', 'MS04', 'DC03', 'FB', 'A', 'DT01', 0, 191, 2017, 'August', 34, 24, 2, 5, 2, 1, 0, 1, 0, 'Transient', 1, 2, 'Check-Out', '8/31/2017', 170.00),
('RES_421', 'HO_1', 'CUS_421', '15', '0', 'MS03', 'DC03', 'FB', 'A', 'DT01', 0, 155, 2017, 'August', 34, 24, 2, 5, 2, 1, 0, 3, 0, 'Transient', 1, 3, 'Check-Out', '8/31/2017', 221.00),
('RES_422', 'HO_1', 'CUS_422', '6', '0', 'MS04', 'DC03', 'FB', 'A', 'DT01', 0, 162, 2017, 'August', 34, 24, 2, 5, 2, 1, 0, 0, 0, 'Transient', 0, 1, 'Check-Out', '8/31/2017', 173.00),
('RES_423', 'HO_1', 'CUS_423', '240', '0', 'MS03', 'DC03', 'HB', 'A', 'DT01', 0, 59, 2017, 'August', 34, 26, 2, 3, 2, 0, 0, 0, 0, 'Transient', 0, 4, 'Check-Out', '8/31/2017', 230.00),
('RES_424', 'HO_1', 'CUS_424', '241', '0', 'MS03', 'DC03', 'HB', 'A', 'DT01', 0, 7, 2017, 'August', 34, 25, 2, 4, 2, 0, 0, 0, 0, 'Transient', 0, 1, 'Check-Out', '8/31/2017', 190.00),
('RES_425', 'HO_1', 'CUS_425', '240', '0', 'MS03', 'DC03', 'HB', 'E', 'DT01', 0, 28, 2017, 'August', 35, 28, 1, 2, 2, 0, 0, 0, 0, 'Transient-Party', 1, 2, 'Check-Out', '8/31/2017', 276.00),
('RES_426', 'HO_1', 'CUS_426', '250', '0', 'MS01', 'DC01', 'BB', 'D', 'DT01', 0, 4, 2017, 'August', 35, 27, 2, 2, 2, 0, 0, 0, 0, 'Transient', 0, 2, 'Check-Out', '8/31/2017', 210.00),
('RES_427', 'HO_1', 'CUS_427', '410', '0', 'MS04', 'DC03', 'BB', 'A', 'DT01', 0, 123, 2017, 'August', 35, 27, 2, 2, 2, 0, 0, 0, 0, 'Transient', 0, 0, 'Check-Out', '8/31/2017', 119.00),
('RES_428', 'HO_1', 'CUS_428', '410', '0', 'MS04', 'DC03', 'BB', 'A', 'DT01', 0, 185, 2017, 'August', 35, 27, 2, 2, 2, 0, 0, 0, 0, 'Transient', 0, 2, 'Check-Out', '8/31/2017', 117.00),
('RES_429', 'HO_1', 'CUS_429', '410', '0', 'MS04', 'DC03', 'BB', 'A', 'DT01', 0, 229, 2017, 'August', 35, 27, 2, 2, 2, 0, 0, 0, 0, 'Transient', 0, 0, 'Check-Out', '8/31/2017', 105.00),
('RES_43', 'HO_1', 'CUS_43', '240', '0', 'MS03', 'DC03', 'BB', 'A', 'DT01', 0, 107, 2015, 'July', 27, 2, 2, 5, 2, 0, 0, 0, 0, 'Transient', 0, 2, 'Check-Out', '42194', 111.00),
('RES_430', 'HO_1', 'CUS_430', '240', '0', 'MS03', 'DC03', 'BB', 'A', 'DT01', 0, 26, 2017, 'August', 35, 27, 2, 2, 1, 0, 0, 0, 0, 'Transient', 0, 3, 'Check-Out', '8/31/2017', 197.00),
('RES_431', 'HO_1', 'CUS_431', '250', '0', 'MS01', 'DC01', 'HB', 'A', 'DT01', 0, 12, 2017, 'August', 34, 26, 2, 3, 3, 0, 0, 4, 0, 'Transient', 0, 1, 'Check-Out', '8/31/2017', 295.00),
('RES_432', 'HO_1', 'CUS_432', '468', '0', 'MS03', 'DC03', 'FB', 'A', 'DT01', 0, 66, 2017, 'August', 34, 24, 2, 5, 3, 0, 0, 0, 0, 'Transient', 0, 0, 'Check-Out', '8/31/2017', 276.00),
('RES_433', 'HO_1', 'CUS_433', '240', '0', 'MS03', 'DC03', 'HB', 'D', 'DT01', 0, 56, 2017, 'August', 35, 27, 2, 2, 2, 0, 0, 0, 0, 'Transient-Party', 0, 3, 'Check-Out', '8/31/2017', 242.00),
('RES_434', 'HO_1', 'CUS_434', '240', '0', 'MS03', 'DC03', 'HB', 'A', 'DT01', 0, 56, 2017, 'August', 35, 27, 2, 2, 2, 0, 0, 0, 0, 'Transient-Party', 0, 3, 'Check-Out', '8/31/2017', 222.00),
('RES_435', 'HO_1', 'CUS_435', '240', '0', 'MS03', 'DC03', 'HB', 'E', 'DT01', 0, 56, 2017, 'August', 35, 27, 2, 2, 2, 0, 0, 0, 0, 'Transient-Party', 0, 3, 'Check-Out', '8/31/2017', 262.00),
('RES_436', 'HO_1', 'CUS_436', '240', '0', 'MS03', 'DC03', 'HB', 'A', 'DT01', 0, 56, 2017, 'August', 35, 27, 2, 2, 2, 0, 0, 0, 0, 'Transient-Party', 0, 3, 'Check-Out', '8/31/2017', 222.00),
('RES_437', 'HO_1', 'CUS_437', '240', '0', 'MS03', 'DC03', 'HB', 'A', 'DT01', 0, 59, 2017, 'August', 34, 26, 2, 3, 2, 0, 0, 0, 0, 'Transient', 0, 4, 'Check-Out', '8/31/2017', 230.00),
('RES_438', 'HO_1', 'CUS_438', '240', '0', 'MS03', 'DC03', 'HB', 'E', 'DT01', 0, 28, 2017, 'August', 35, 28, 1, 2, 2, 0, 0, 0, 0, 'Transient-Party', 0, 2, 'Check-Out', '8/31/2017', 262.00),
('RES_439', 'HO_1', 'CUS_439', '175', '0', 'MS03', 'DC03', 'HB', 'A', 'DT01', 0, 56, 2017, 'August', 35, 28, 1, 2, 2, 0, 0, 0, 0, 'Transient', 1, 0, 'Check-Out', '8/31/2017', 192.00),
('RES_44', 'HO_1', 'CUS_44', '240', '0', 'MS03', 'DC03', 'BB', 'G', 'DT01', 1, 47, 2015, 'July', 27, 2, 2, 5, 2, 2, 0, 0, 0, 'Transient', 0, 0, 'Canceled', '42157', 153.00),
('RES_440', 'HO_1', 'CUS_440', '40', '0', 'MS04', 'DC03', 'BB', 'D', 'DT01', 0, 169, 2017, 'August', 34, 25, 2, 5, 2, 0, 0, 0, 0, 'Contract', 0, 0, 'Check-Out', '9/1/2017', 124.00),
('RES_441', 'HO_1', 'CUS_441', '314', '0', 'MS03', 'DC03', 'HB', 'A', 'DT01', 0, 238, 2017, 'August', 34, 25, 2, 5, 2, 0, 0, 1, 0, 'Transient', 0, 0, 'Check-Out', '9/1/2017', 134.00),
('RES_442', 'HO_1', 'CUS_442', '5', '0', 'MS03', 'DC03', 'FB', 'A', 'DT01', 0, 172, 2017, 'August', 34, 25, 2, 5, 2, 0, 0, 2, 0, 'Transient', 0, 0, 'Check-Out', '9/1/2017', 202.00),
('RES_443', 'HO_1', 'CUS_443', '241', '0', 'MS03', 'DC03', 'HB', 'D', 'DT01', 0, 4, 2017, 'August', 34, 25, 2, 5, 2, 1, 0, 0, 0, 'Transient', 0, 1, 'Check-Out', '9/1/2017', 219.00),
('RES_444', 'HO_1', 'CUS_444', '250', '0', 'MS01', 'DC01', 'BB', 'D', 'DT01', 0, 50, 2017, 'August', 34, 22, 2, 8, 2, 0, 0, 0, 0, 'Transient', 1, 1, 'Check-Out', '9/1/2017', 242.00),
('RES_445', 'HO_1', 'CUS_445', '26', '0', 'MS04', 'DC03', 'BB', 'E', 'DT01', 0, 108, 2017, 'August', 34, 22, 2, 8, 2, 0, 0, 0, 0, 'Transient', 0, 0, 'Check-Out', '9/1/2017', 208.00),
('RES_446', 'HO_1', 'CUS_446', '240', '0', 'MS03', 'DC03', 'BB', 'E', 'DT01', 0, 190, 2017, 'August', 34, 22, 2, 8, 2, 0, 0, 2, 0, 'Transient', 0, 1, 'Check-Out', '9/1/2017', 207.00),
('RES_447', 'HO_1', 'CUS_447', '240', '0', 'MS03', 'DC03', 'BB', 'A', 'DT01', 0, 31, 2017, 'August', 35, 28, 1, 3, 2, 0, 0, 0, 0, 'Transient', 1, 2, 'Check-Out', '9/1/2017', 197.00),
('RES_448', 'HO_1', 'CUS_448', '240', '0', 'MS03', 'DC03', 'BB', 'E', 'DT01', 0, 1, 2017, 'August', 35, 28, 1, 3, 2, 0, 0, 1, 0, 'Transient', 0, 3, 'Check-Out', '9/1/2017', 213.00),
('RES_449', 'HO_1', 'CUS_449', '250', '0', 'MS01', 'DC01', 'BB', 'D', 'DT01', 0, 3, 2017, 'August', 34, 26, 2, 4, 3, 0, 0, 1, 0, 'Transient', 1, 2, 'Check-Out', '9/1/2017', 253.00),
('RES_45', 'HO_1', 'CUS_45', '134', '0', 'MS04', 'DC03', 'BB', 'A', 'DT01', 0, 96, 2015, 'July', 27, 2, 2, 5, 2, 0, 0, 0, 0, 'Transient', 0, 1, 'Check-Out', '42194', 59.00),
('RES_450', 'HO_1', 'CUS_450', '314', '0', 'MS03', 'DC03', 'BB', 'E', 'DT01', 0, 42, 2017, 'August', 34, 23, 2, 7, 2, 0, 0, 0, 0, 'Transient', 0, 0, 'Check-Out', '9/1/2017', 205.00),
('RES_451', 'HO_1', 'CUS_451', '240', '0', 'MS03', 'DC03', 'BB', 'G', 'DT01', 0, 128, 2017, 'August', 34, 25, 2, 5, 2, 2, 0, 0, 0, 'Transient', 0, 2, 'Check-Out', '9/1/2017', 309.00),
('RES_452', 'HO_1', 'CUS_452', '250', '0', 'MS01', 'DC01', 'HB', 'E', 'DT01', 0, 37, 2017, 'August', 34, 26, 2, 4, 2, 0, 0, 1, 0, 'Transient', 1, 1, 'Check-Out', '9/1/2017', 278.00),
('RES_453', 'HO_1', 'CUS_453', '240', '0', 'MS03', 'DC03', 'BB', 'E', 'DT01', 0, 21, 2017, 'August', 34, 25, 2, 5, 2, 1, 0, 3, 0, 'Transient', 1, 3, 'Check-Out', '9/1/2017', 278.00),
('RES_454', 'HO_1', 'CUS_454', '240', '0', 'MS03', 'DC03', 'BB', 'D', 'DT01', 0, 74, 2017, 'August', 35, 28, 1, 4, 2, 0, 0, 0, 0, 'Transient', 1, 2, 'Check-Out', '9/2/2017', 199.00),
('RES_455', 'HO_1', 'CUS_455', '40', '0', 'MS04', 'DC03', 'BB', 'A', 'DT01', 0, 222, 2017, 'August', 34, 24, 2, 7, 2, 0, 0, 0, 0, 'Contract', 0, 1, 'Check-Out', '9/2/2017', 107.00),
('RES_456', 'HO_1', 'CUS_456', '240', '0', 'MS03', 'DC03', 'HB', 'G', 'DT01', 0, 5, 2017, 'August', 34, 26, 2, 5, 2, 2, 0, 0, 0, 'Transient', 1, 2, 'Check-Out', '9/2/2017', 337.00),
('RES_457', 'HO_1', 'CUS_457', '240', '0', 'MS03', 'DC03', 'BB', 'D', 'DT01', 0, 5, 2017, 'August', 35, 28, 1, 4, 2, 0, 0, 0, 0, 'Transient', 0, 2, 'Check-Out', '9/2/2017', 218.00),
('RES_458', 'HO_1', 'CUS_458', '240', '0', 'MS03', 'DC03', 'HB', 'C', 'DT01', 0, 142, 2017, 'August', 34, 26, 2, 5, 2, 2, 0, 0, 0, 'Transient', 0, 2, 'Check-Out', '9/2/2017', 290.00),
('RES_459', 'HO_1', 'CUS_459', '40', '0', 'MS04', 'DC03', 'BB', 'D', 'DT01', 0, 162, 2017, 'August', 33, 19, 4, 10, 2, 0, 0, 0, 0, 'Contract', 0, 0, 'Check-Out', '9/2/2017', 135.00),
('RES_46', 'HO_1', 'CUS_46', '156', '0', 'MS04', 'DC03', 'BB', 'E', 'DT01', 0, 113, 2015, 'July', 27, 2, 2, 5, 2, 0, 0, 0, 0, 'Transient-Party', 0, 2, 'Check-Out', '42194', 83.00),
('RES_460', 'HO_1', 'CUS_460', '96', '0', 'MS04', 'DC03', 'HB', 'D', 'DT01', 0, 142, 2017, 'August', 34, 26, 2, 5, 2, 0, 0, 0, 0, 'Transient', 0, 0, 'Check-Out', '9/2/2017', 169.00),
('RES_461', 'HO_1', 'CUS_461', '6', '0', 'MS04', 'DC03', 'FB', 'D', 'DT01', 0, 115, 2017, 'August', 35, 28, 1, 4, 2, 0, 0, 3, 0, 'Transient', 1, 1, 'Check-Out', '9/2/2017', 207.00),
('RES_462', 'HO_1', 'CUS_462', '6', '0', 'MS04', 'DC03', 'FB', 'D', 'DT01', 0, 115, 2017, 'August', 35, 28, 1, 4, 2, 0, 0, 1, 0, 'Transient', 0, 1, 'Check-Out', '9/2/2017', 191.00),
('RES_463', 'HO_1', 'CUS_463', '250', '0', 'MS01', 'DC01', 'BB', 'A', 'DT01', 0, 236, 2017, 'August', 34, 26, 2, 5, 2, 0, 1, 1, 0, 'Transient', 0, 2, 'Check-Out', '9/2/2017', 125.00),
('RES_464', 'HO_1', 'CUS_464', '240', '0', 'MS03', 'DC03', 'BB', 'A', 'DT01', 0, 0, 2017, 'August', 35, 28, 1, 4, 2, 0, 0, 1, 0, 'Transient', 0, 1, 'Check-Out', '9/2/2017', 193.00),
('RES_465', 'HO_1', 'CUS_465', '240', '0', 'MS03', 'DC03', 'HB', 'A', 'DT01', 0, 128, 2017, 'August', 35, 28, 1, 4, 2, 0, 0, 0, 0, 'Transient', 0, 2, 'Check-Out', '9/2/2017', 237.00),
('RES_466', 'HO_1', 'CUS_466', '96', '0', 'MS04', 'DC03', 'BB', 'A', 'DT01', 0, 184, 2017, 'August', 34, 26, 2, 5, 2, 0, 1, 0, 0, 'Transient', 1, 3, 'Check-Out', '9/2/2017', 123.00),
('RES_467', 'HO_1', 'CUS_467', '96', '0', 'MS04', 'DC03', 'BB', 'A', 'DT01', 0, 184, 2017, 'August', 34, 26, 2, 5, 2, 1, 0, 0, 0, 'Transient', 1, 3, 'Check-Out', '9/2/2017', 154.00),
('RES_468', 'HO_1', 'CUS_468', '240', '0', 'MS03', 'DC03', 'HB', 'C', 'DT01', 0, 37, 2017, 'August', 35, 28, 1, 4, 2, 2, 0, 1, 0, 'Transient', 1, 3, 'Check-Out', '9/2/2017', 298.00),
('RES_469', 'HO_1', 'CUS_469', '241', '0', 'MS03', 'DC03', 'BB', 'F', 'DT01', 0, 10, 2017, 'August', 34, 26, 2, 5, 2, 0, 0, 0, 0, 'Transient', 1, 1, 'Check-Out', '9/2/2017', 177.00),
('RES_47', 'HO_1', 'CUS_47', '243', '0', 'MS04', 'DC03', 'HB', 'A', 'DT01', 0, 90, 2015, 'July', 27, 2, 2, 5, 2, 0, 0, 1, 0, 'Contract', 0, 0, 'Check-Out', '42194', 82.00),
('RES_470', 'HO_1', 'CUS_470', '240', '0', 'MS03', 'DC03', 'BB', 'A', 'DT01', 0, 59, 2017, 'August', 35, 27, 2, 4, 2, 0, 0, 0, 0, 'Transient', 0, 0, 'Check-Out', '9/2/2017', 168.00),
('RES_471', 'HO_1', 'CUS_471', '241', '0', 'MS03', 'DC03', 'HB', 'A', 'DT01', 0, 50, 2017, 'August', 35, 28, 1, 4, 2, 0, 0, 0, 0, 'Transient', 0, 1, 'Check-Out', '9/2/2017', 174.00),
('RES_472', 'HO_1', 'CUS_472', '96', '0', 'MS04', 'DC03', 'HB', 'D', 'DT01', 0, 142, 2017, 'August', 34, 26, 2, 5, 2, 0, 0, 0, 0, 'Transient', 0, 0, 'Check-Out', '9/2/2017', 169.00),
('RES_473', 'HO_1', 'CUS_473', '479', '0', 'MS04', 'DC03', 'HB', 'D', 'DT01', 0, 26, 2017, 'August', 34, 26, 2, 5, 2, 0, 0, 0, 0, 'Transient', 0, 0, 'Check-Out', '9/2/2017', 167.00),
('RES_474', 'HO_1', 'CUS_474', '5', '0', 'MS03', 'DC03', 'BB', 'C', 'DT01', 0, 140, 2017, 'August', 35, 28, 1, 4, 2, 2, 0, 0, 0, 'Transient', 1, 0, 'Check-Out', '9/2/2017', 225.00),
('RES_475', 'HO_1', 'CUS_475', '243', '0', 'MS04', 'DC03', 'BB', 'D', 'DT01', 0, 81, 2017, 'August', 35, 27, 2, 5, 2, 0, 0, 0, 0, 'Group', 0, 0, 'Check-Out', '9/3/2017', 135.00),
('RES_476', 'HO_1', 'CUS_476', '40', '0', 'MS04', 'DC03', 'BB', 'A', 'DT01', 0, 63, 2017, 'August', 35, 28, 1, 5, 2, 0, 0, 0, 0, 'Contract', 0, 1, 'Check-Out', '9/3/2017', 119.00),
('RES_477', 'HO_1', 'CUS_477', '240', '0', 'MS03', 'DC03', 'BB', 'G', 'DT01', 0, 38, 2017, 'August', 35, 27, 2, 5, 1, 2, 0, 1, 0, 'Transient', 0, 1, 'Check-Out', '9/3/2017', 284.00),
('RES_478', 'HO_1', 'CUS_478', '243', '0', 'MS04', 'DC03', 'FB', 'D', 'DT01', 0, 151, 2017, 'August', 35, 27, 2, 5, 2, 0, 0, 0, 0, 'Transient', 0, 0, 'Check-Out', '9/3/2017', 172.00),
('RES_479', 'HO_1', 'CUS_479', '240', '0', 'MS03', 'DC03', 'FB', 'H', 'DT01', 0, 178, 2017, 'August', 35, 27, 2, 5, 3, 1, 0, 2, 0, 'Transient', 1, 3, 'Check-Out', '9/3/2017', 383.00),
('RES_48', 'HO_1', 'CUS_48', '241', '0', 'MS03', 'DC03', 'HB', 'E', 'DT01', 0, 50, 2015, 'July', 27, 2, 2, 5, 2, 0, 0, 1, 0, 'Transient', 0, 1, 'Check-Out', '42194', 119.00),
('RES_480', 'HO_1', 'CUS_480', '240', '0', 'MS03', 'DC03', 'BB', 'A', 'DT01', 0, 95, 2017, 'August', 35, 27, 2, 5, 2, 0, 0, 4, 0, 'Transient', 1, 2, 'Check-Out', '9/3/2017', 184.00),
('RES_481', 'HO_1', 'CUS_481', '241', '0', 'MS03', 'DC03', 'BB', 'A', 'DT01', 0, 202, 2017, 'August', 35, 27, 2, 5, 2, 0, 0, 0, 0, 'Transient', 0, 1, 'Check-Out', '9/3/2017', 119.00),
('RES_482', 'HO_1', 'CUS_482', '15', '0', 'MS03', 'DC03', 'BB', 'A', 'DT01', 0, 51, 2017, 'August', 35, 28, 1, 5, 2, 0, 0, 3, 0, 'Transient', 1, 1, 'Check-Out', '9/3/2017', 161.00),
('RES_483', 'HO_1', 'CUS_483', '241', '0', 'MS03', 'DC03', 'BB', 'A', 'DT01', 0, 202, 2017, 'August', 35, 27, 2, 5, 2, 0, 0, 0, 0, 'Transient', 0, 1, 'Check-Out', '9/3/2017', 119.00),
('RES_484', 'HO_1', 'CUS_484', '75', '0', 'MS04', 'DC03', 'BB', 'E', 'DT01', 0, 171, 2017, 'August', 35, 27, 2, 5, 2, 0, 0, 0, 0, 'Transient', 1, 0, 'Check-Out', '9/3/2017', 131.00),
('RES_485', 'HO_1', 'CUS_485', '75', '0', 'MS04', 'DC03', 'BB', 'D', 'DT01', 0, 171, 2017, 'August', 35, 27, 2, 5, 2, 0, 0, 0, 0, 'Transient', 0, 0, 'Check-Out', '9/3/2017', 122.00),
('RES_486', 'HO_1', 'CUS_486', '11', '0', 'MS04', 'DC03', 'BB', 'D', 'DT01', 0, 95, 2017, 'August', 35, 28, 1, 5, 2, 1, 0, 3, 0, 'Transient', 0, 1, 'Check-Out', '9/3/2017', 176.00),
('RES_487', 'HO_1', 'CUS_487', '250', '0', 'MS01', 'DC01', 'BB', 'E', 'DT01', 0, 193, 2017, 'August', 35, 28, 1, 5, 2, 0, 0, 0, 0, 'Transient', 1, 2, 'Check-Out', '9/3/2017', 206.00),
('RES_488', 'HO_1', 'CUS_488', '40', '0', 'MS04', 'DC03', 'BB', 'E', 'DT01', 0, 111, 2017, 'August', 35, 27, 2, 5, 2, 0, 0, 0, 0, 'Contract', 0, 0, 'Check-Out', '9/3/2017', 148.00),
('RES_489', 'HO_1', 'CUS_489', '40', '0', 'MS04', 'DC03', 'BB', 'A', 'DT01', 0, 97, 2017, 'August', 35, 27, 2, 5, 2, 0, 0, 0, 0, 'Contract', 0, 1, 'Check-Out', '9/3/2017', 119.00),
('RES_49', 'HO_1', 'CUS_49', '156', '0', 'MS04', 'DC03', 'BB', 'D', 'DT01', 0, 113, 2015, 'July', 27, 2, 2, 5, 2, 0, 0, 0, 0, 'Transient-Party', 0, 2, 'Check-Out', '42194', 68.00),
('RES_490', 'HO_1', 'CUS_490', '40', '0', 'MS04', 'DC03', 'BB', 'A', 'DT01', 0, 97, 2017, 'August', 35, 27, 2, 5, 2, 0, 0, 0, 0, 'Contract', 0, 1, 'Check-Out', '9/3/2017', 119.00),
('RES_491', 'HO_1', 'CUS_491', '242', '0', 'MS03', 'DC03', 'HB', 'A', 'DT01', 0, 13, 2017, 'August', 35, 28, 1, 5, 2, 1, 0, 0, 0, 'Transient', 1, 3, 'Check-Out', '9/3/2017', 250.00),
('RES_492', 'HO_1', 'CUS_492', '40', '0', 'MS04', 'DC03', 'BB', 'D', 'DT01', 0, 18, 2017, 'August', 35, 28, 1, 5, 2, 0, 0, 0, 0, 'Group', 0, 2, 'Check-Out', '9/3/2017', 135.00),
('RES_493', 'HO_1', 'CUS_493', '240', '0', 'MS03', 'DC03', 'BB', 'C', 'DT01', 0, 9, 2017, 'August', 35, 28, 1, 5, 2, 2, 0, 0, 0, 'Transient', 0, 2, 'Check-Out', '9/3/2017', 233.00),
('RES_494', 'HO_1', 'CUS_494', '75', '0', 'MS04', 'DC03', 'HB', 'E', 'DT01', 0, 161, 2017, 'August', 34, 23, 3, 9, 2, 0, 0, 0, 0, 'Transient', 0, 1, 'Check-Out', '9/4/2017', 159.00),
('RES_495', 'HO_1', 'CUS_495', '243', '0', 'MS04', 'DC03', 'BB', 'D', 'DT01', 0, 61, 2017, 'August', 35, 28, 2, 5, 2, 0, 0, 0, 0, 'Transient', 0, 2, 'Check-Out', '9/4/2017', 137.00);
INSERT INTO `reservation` (`reservation_id`, `hotel_id`, `customer_id`, `agent_id`, `company_id`, `market_segment_id`, `distribution_channel_id`, `meal_id`, `room_type_id`, `deposit_type_id`, `is_canceled`, `lead_time`, `arrival_date_year`, `arrival_date_month`, `arrival_date_week_number`, `arrival_date_day_of_month`, `stays_in_weekend_nights`, `stays_in_week_nights`, `adults`, `children`, `babies`, `booking_changes`, `days_in_waiting_list`, `customer_type`, `required_car_parking_spaces`, `total_of_special_requests`, `reservation_status`, `reservation_status_date`, `adr`) VALUES
('RES_496', 'HO_1', 'CUS_496', '40', '0', 'MS04', 'DC03', 'BB', 'D', 'DT01', 0, 34, 2017, 'August', 35, 28, 2, 5, 2, 0, 0, 0, 0, 'Contract', 0, 0, 'Check-Out', '9/4/2017', 137.00),
('RES_497', 'HO_1', 'CUS_497', '240', '0', 'MS03', 'DC03', 'BB', 'A', 'DT01', 0, 7, 2017, 'August', 35, 30, 1, 4, 2, 0, 0, 0, 0, 'Transient', 1, 1, 'Check-Out', '9/4/2017', 192.00),
('RES_498', 'HO_1', 'CUS_498', '40', '0', 'MS04', 'DC03', 'BB', 'A', 'DT01', 0, 42, 2017, 'August', 35, 28, 2, 5, 2, 0, 0, 0, 0, 'Contract', 0, 0, 'Check-Out', '9/4/2017', 119.00),
('RES_499', 'HO_1', 'CUS_499', '250', '0', 'MS01', 'DC01', 'BB', 'D', 'DT01', 0, 6, 2017, 'August', 35, 31, 1, 3, 2, 1, 0, 0, 0, 'Transient', 0, 1, 'Check-Out', '9/4/2017', 208.00),
('RES_5', 'HO_1', 'CUS_5', '0', '0', 'MS01', 'DC01', 'BB', 'C', 'DT01', 0, 0, 2015, 'July', 27, 1, 0, 2, 2, 0, 0, 0, 0, 'Transient', 0, 0, 'Check-Out', '42188', 107.00),
('RES_50', 'HO_1', 'CUS_50', '156', '0', 'MS04', 'DC03', 'BB', 'A', 'DT01', 0, 93, 2015, 'July', 27, 2, 3, 8, 2, 0, 0, 0, 0, 'Contract', 0, 0, 'Check-Out', '42198', 56.00),
('RES_500', 'HO_1', 'CUS_500', '314', '0', 'MS03', 'DC03', 'HB', 'D', 'DT01', 0, 73, 2017, 'August', 35, 28, 2, 5, 2, 0, 0, 1, 0, 'Transient', 0, 0, 'Check-Out', '9/4/2017', 221.00),
('RES_501', 'HO_1', 'CUS_501', '250', '0', 'MS01', 'DC01', 'BB', 'F', 'DT01', 0, 27, 2017, 'August', 35, 28, 2, 5, 2, 0, 0, 0, 0, 'Transient', 0, 1, 'Check-Out', '9/4/2017', 234.00),
('RES_502', 'HO_1', 'CUS_502', '479', '0', 'MS04', 'DC03', 'HB', 'D', 'DT01', 0, 34, 2017, 'August', 35, 29, 2, 5, 2, 0, 0, 0, 0, 'Transient', 0, 0, 'Check-Out', '9/5/2017', 165.00),
('RES_503', 'HO_1', 'CUS_503', '40', '0', 'MS04', 'DC03', 'BB', 'A', 'DT01', 0, 137, 2017, 'August', 34, 26, 4, 6, 2, 0, 0, 0, 0, 'Contract', 0, 0, 'Check-Out', '9/5/2017', 119.00),
('RES_504', 'HO_1', 'CUS_504', '40', '0', 'MS04', 'DC03', 'BB', 'D', 'DT01', 0, 19, 2017, 'August', 35, 29, 2, 5, 2, 0, 0, 0, 0, 'Transient', 0, 2, 'Check-Out', '9/5/2017', 135.00),
('RES_505', 'HO_1', 'CUS_505', '40', '0', 'MS04', 'DC03', 'BB', 'E', 'DT01', 0, 229, 2017, 'August', 35, 27, 4, 5, 2, 0, 0, 0, 0, 'Transient', 0, 0, 'Check-Out', '9/5/2017', 131.00),
('RES_506', 'HO_1', 'CUS_506', '134', '0', 'MS04', 'DC03', 'BB', 'E', 'DT01', 0, 97, 2017, 'August', 35, 27, 4, 5, 2, 0, 0, 0, 0, 'Transient', 0, 0, 'Check-Out', '9/5/2017', 156.00),
('RES_507', 'HO_1', 'CUS_507', '40', '0', 'MS04', 'DC03', 'BB', 'A', 'DT01', 0, 51, 2017, 'August', 35, 31, 2, 3, 2, 0, 0, 0, 0, 'Contract', 0, 0, 'Check-Out', '9/5/2017', 117.00),
('RES_508', 'HO_1', 'CUS_508', '241', '0', 'MS03', 'DC03', 'BB', 'F', 'DT01', 0, 64, 2017, 'August', 35, 31, 2, 3, 2, 0, 0, 0, 0, 'Transient', 0, 1, 'Check-Out', '9/5/2017', 187.00),
('RES_509', 'HO_1', 'CUS_509', '241', '0', 'MS03', 'DC03', 'BB', 'A', 'DT01', 0, 6, 2017, 'August', 35, 29, 2, 5, 2, 0, 0, 0, 0, 'Transient', 0, 1, 'Check-Out', '9/5/2017', 130.00),
('RES_51', 'HO_1', 'CUS_51', '243', '0', 'MS04', 'DC03', 'BB', 'D', 'DT01', 0, 76, 2015, 'July', 27, 2, 4, 10, 2, 0, 0, 0, 0, 'Contract', 0, 0, 'Check-Out', '42201', 111.00),
('RES_510', 'HO_1', 'CUS_510', '8', '0', 'MS04', 'DC03', 'BB', 'D', 'DT01', 0, 117, 2017, 'August', 35, 29, 2, 5, 2, 0, 0, 0, 0, 'Transient', 1, 0, 'Check-Out', '9/5/2017', 152.00),
('RES_511', 'HO_1', 'CUS_511', '241', '0', 'MS03', 'DC03', 'BB', 'A', 'DT01', 0, 33, 2017, 'August', 35, 31, 2, 3, 2, 0, 0, 0, 0, 'Transient', 0, 1, 'Check-Out', '9/5/2017', 154.00),
('RES_512', 'HO_1', 'CUS_512', '11', '0', 'MS04', 'DC03', 'HB', 'E', 'DT01', 0, 292, 2017, 'August', 35, 28, 3, 5, 2, 0, 0, 5, 0, 'Transient-Party', 0, 1, 'Check-Out', '9/5/2017', 167.00),
('RES_513', 'HO_1', 'CUS_513', '11', '0', 'MS04', 'DC03', 'HB', 'A', 'DT01', 0, 21, 2017, 'August', 35, 28, 3, 5, 1, 0, 0, 3, 0, 'Transient-Party', 0, 2, 'Check-Out', '9/5/2017', 137.00),
('RES_514', 'HO_1', 'CUS_514', '11', '0', 'MS04', 'DC03', 'HB', 'E', 'DT01', 0, 293, 2017, 'August', 35, 29, 2, 5, 2, 0, 0, 5, 0, 'Transient-Party', 0, 1, 'Check-Out', '9/5/2017', 167.00),
('RES_515', 'HO_1', 'CUS_515', '241', '0', 'MS03', 'DC03', 'HB', 'A', 'DT01', 0, 30, 2017, 'August', 35, 31, 2, 3, 2, 0, 0, 0, 0, 'Transient', 0, 1, 'Check-Out', '9/5/2017', 149.00),
('RES_516', 'HO_1', 'CUS_516', '241', '0', 'MS03', 'DC03', 'BB', 'F', 'DT01', 0, 48, 2017, 'August', 35, 29, 2, 5, 2, 1, 0, 0, 0, 'Transient', 0, 1, 'Check-Out', '9/5/2017', 179.00),
('RES_517', 'HO_1', 'CUS_517', '40', '0', 'MS04', 'DC03', 'BB', 'A', 'DT01', 0, 137, 2017, 'August', 34, 26, 4, 6, 2, 0, 0, 0, 0, 'Contract', 0, 1, 'Check-Out', '9/5/2017', 119.00),
('RES_518', 'HO_1', 'CUS_518', '240', '0', 'MS03', 'DC03', 'BB', 'A', 'DT01', 0, 0, 2017, 'August', 35, 29, 2, 5, 2, 0, 0, 0, 0, 'Transient', 1, 2, 'Check-Out', '9/5/2017', 186.00),
('RES_519', 'HO_1', 'CUS_519', '314', '0', 'MS03', 'DC03', 'BB', 'A', 'DT01', 0, 30, 2017, 'August', 35, 29, 2, 5, 2, 1, 0, 0, 0, 'Transient', 0, 0, 'Check-Out', '9/5/2017', 147.00),
('RES_52', 'HO_1', 'CUS_52', '240', '0', 'MS03', 'DC03', 'BB', 'A', 'DT01', 0, 3, 2015, 'July', 27, 2, 0, 1, 2, 0, 0, 0, 0, 'Transient', 1, 0, 'Check-Out', '42188', 88.00),
('RES_520', 'HO_1', 'CUS_520', '8', '0', 'MS04', 'DC03', 'BB', 'D', 'DT01', 0, 191, 2017, 'August', 35, 28, 3, 6, 2, 0, 0, 0, 0, 'Transient', 0, 0, 'Check-Out', '9/6/2017', 99.00),
('RES_521', 'HO_1', 'CUS_521', '241', '0', 'MS03', 'DC03', 'BB', 'A', 'DT01', 0, 58, 2017, 'August', 35, 30, 2, 5, 2, 0, 0, 0, 0, 'Transient', 0, 0, 'Check-Out', '9/6/2017', 141.00),
('RES_522', 'HO_1', 'CUS_522', '240', '0', 'MS03', 'DC03', 'BB', 'D', 'DT01', 0, 172, 2017, 'August', 35, 28, 3, 6, 2, 0, 0, 0, 0, 'Transient', 0, 2, 'Check-Out', '9/6/2017', 195.00),
('RES_523', 'HO_1', 'CUS_523', '40', '0', 'MS04', 'DC03', 'BB', 'D', 'DT01', 0, 20, 2017, 'August', 35, 30, 2, 5, 2, 0, 0, 0, 0, 'Group', 0, 0, 'Check-Out', '9/6/2017', 92.00),
('RES_524', 'HO_1', 'CUS_524', '241', '0', 'MS03', 'DC03', 'BB', 'A', 'DT01', 0, 50, 2017, 'August', 35, 30, 2, 5, 2, 0, 0, 0, 0, 'Transient', 0, 1, 'Check-Out', '9/6/2017', 124.00),
('RES_525', 'HO_1', 'CUS_525', '240', '0', 'MS03', 'DC03', 'BB', 'C', 'DT01', 0, 25, 2017, 'August', 35, 30, 2, 5, 2, 2, 0, 0, 0, 'Transient', 1, 1, 'Check-Out', '9/6/2017', 223.00),
('RES_526', 'HO_1', 'CUS_526', '240', '0', 'MS03', 'DC03', 'BB', 'A', 'DT01', 0, 41, 2017, 'August', 35, 29, 2, 6, 2, 0, 0, 0, 0, 'Transient', 0, 2, 'Check-Out', '9/6/2017', 178.00),
('RES_527', 'HO_1', 'CUS_527', '240', '0', 'MS03', 'DC03', 'BB', 'E', 'DT01', 0, 161, 2017, 'August', 35, 30, 2, 5, 2, 0, 0, 0, 0, 'Transient', 0, 2, 'Check-Out', '9/6/2017', 213.00),
('RES_528', 'HO_1', 'CUS_528', '250', '0', 'MS01', 'DC01', 'BB', 'D', 'DT01', 0, 206, 2017, 'August', 35, 31, 2, 4, 3, 0, 0, 0, 0, 'Transient', 1, 1, 'Check-Out', '9/6/2017', 210.00),
('RES_529', 'HO_1', 'CUS_529', '436', '0', 'MS04', 'DC03', 'BB', 'D', 'DT01', 0, 138, 2017, 'August', 35, 30, 2, 5, 2, 0, 0, 0, 0, 'Transient', 0, 0, 'Check-Out', '9/6/2017', 99.00),
('RES_53', 'HO_1', 'CUS_53', '240', '0', 'MS03', 'DC03', 'BB', 'H', 'DT01', 0, 1, 2015, 'July', 27, 2, 0, 1, 2, 0, 0, 0, 0, 'Transient', 1, 0, 'Check-Out', '42188', 147.00),
('RES_530', 'HO_1', 'CUS_530', '6', '0', 'MS04', 'DC03', 'BB', 'D', 'DT01', 0, 43, 2017, 'August', 35, 31, 2, 4, 1, 0, 0, 0, 0, 'Transient', 0, 0, 'Check-Out', '9/6/2017', 159.00),
('RES_531', 'HO_1', 'CUS_531', '250', '0', 'MS01', 'DC01', 'BB', 'A', 'DT01', 0, 151, 2017, 'August', 35, 31, 2, 5, 2, 0, 0, 0, 0, 'Transient', 0, 0, 'Check-Out', '9/7/2017', 167.00),
('RES_532', 'HO_1', 'CUS_532', '479', '0', 'MS04', 'DC03', 'HB', 'D', 'DT01', 0, 135, 2017, 'August', 35, 30, 2, 6, 2, 0, 0, 1, 0, 'Group', 0, 2, 'Check-Out', '9/7/2017', 122.00),
('RES_533', 'HO_1', 'CUS_533', '143', '0', 'MS04', 'DC03', 'HB', 'D', 'DT01', 0, 301, 2017, 'August', 35, 31, 2, 5, 2, 0, 0, 0, 0, 'Transient', 0, 2, 'Check-Out', '9/7/2017', 111.00),
('RES_534', 'HO_1', 'CUS_534', '40', '0', 'MS04', 'DC03', 'BB', 'E', 'DT01', 0, 21, 2017, 'August', 35, 31, 2, 5, 2, 0, 0, 0, 0, 'Contract', 0, 2, 'Check-Out', '9/7/2017', 102.00),
('RES_535', 'HO_1', 'CUS_535', '243', '0', 'MS04', 'DC03', 'BB', 'A', 'DT01', 0, 379, 2017, 'August', 34, 24, 4, 10, 2, 0, 0, 0, 0, 'Contract', 0, 1, 'Check-Out', '9/7/2017', 72.00),
('RES_536', 'HO_1', 'CUS_536', '40', '0', 'MS04', 'DC03', 'BB', 'A', 'DT01', 0, 279, 2017, 'August', 35, 31, 2, 5, 2, 0, 0, 0, 0, 'Contract', 0, 1, 'Check-Out', '9/7/2017', 72.00),
('RES_537', 'HO_1', 'CUS_537', '40', '0', 'MS04', 'DC03', 'BB', 'E', 'DT01', 0, 21, 2017, 'August', 35, 31, 2, 5, 2, 0, 0, 0, 0, 'Contract', 0, 2, 'Check-Out', '9/7/2017', 102.00),
('RES_538', 'HO_1', 'CUS_538', '40', '0', 'MS04', 'DC03', 'BB', 'A', 'DT01', 0, 279, 2017, 'August', 35, 31, 2, 5, 2, 0, 0, 0, 0, 'Contract', 0, 1, 'Check-Out', '9/7/2017', 72.00),
('RES_539', 'HO_1', 'CUS_539', '243', '0', 'MS04', 'DC03', 'BB', 'A', 'DT01', 0, 379, 2017, 'August', 34, 24, 4, 10, 2, 1, 0, 0, 0, 'Contract', 0, 3, 'Check-Out', '9/7/2017', 88.00),
('RES_54', 'HO_1', 'CUS_54', '0', '0', 'MS01', 'DC01', 'BB', 'C', 'DT01', 0, 1, 2015, 'July', 27, 2, 0, 1, 2, 2, 0, 0, 0, 'Transient', 1, 2, 'Check-Out', '42188', 107.00),
('RES_540', 'HO_1', 'CUS_540', '40', '0', 'MS04', 'DC03', 'HB', 'D', 'DT01', 0, 191, 2017, 'August', 35, 31, 2, 5, 2, 0, 0, 0, 0, 'Contract', 0, 0, 'Check-Out', '9/7/2017', 115.00),
('RES_541', 'HO_1', 'CUS_541', '241', '0', 'MS03', 'DC03', 'HB', 'E', 'DT01', 0, 108, 2017, 'August', 35, 31, 2, 5, 2, 0, 0, 0, 0, 'Transient', 0, 1, 'Check-Out', '9/7/2017', 207.00),
('RES_542', 'HO_1', 'CUS_542', '240', '0', 'MS03', 'DC03', 'HB', 'G', 'DT01', 0, 194, 2017, 'August', 35, 31, 2, 5, 2, 1, 0, 3, 0, 'Transient', 1, 1, 'Check-Out', '9/7/2017', 312.00),
('RES_543', 'HO_1', 'CUS_543', '241', '0', 'MS03', 'DC03', 'BB', 'A', 'DT01', 0, 227, 2017, 'August', 35, 31, 2, 5, 2, 1, 0, 0, 0, 'Transient', 0, 1, 'Check-Out', '9/7/2017', 128.00),
('RES_544', 'HO_1', 'CUS_544', '250', '0', 'MS01', 'DC01', 'BB', 'F', 'DT01', 0, 210, 2017, 'August', 35, 31, 2, 5, 2, 0, 0, 0, 0, 'Transient', 0, 1, 'Check-Out', '9/7/2017', 187.00),
('RES_545', 'HO_1', 'CUS_545', '241', '0', 'MS03', 'DC03', 'BB', 'A', 'DT01', 0, 227, 2017, 'August', 35, 31, 2, 5, 2, 1, 0, 0, 0, 'Transient', 0, 1, 'Check-Out', '9/7/2017', 126.00),
('RES_546', 'HO_1', 'CUS_546', '40', '0', 'MS04', 'DC03', 'HB', 'D', 'DT01', 0, 270, 2017, 'August', 34, 25, 4, 10, 2, 0, 0, 0, 0, 'Contract', 0, 0, 'Check-Out', '9/8/2017', 113.00),
('RES_547', 'HO_1', 'CUS_547', '171', '0', 'MS04', 'DC03', 'BB', 'E', 'DT01', 0, 210, 2017, 'August', 34, 25, 4, 10, 2, 0, 0, 0, 0, 'Transient', 0, 0, 'Check-Out', '9/8/2017', 104.00),
('RES_548', 'HO_1', 'CUS_548', '177', '0', 'MS04', 'DC03', 'HB', 'A', 'DT01', 0, 208, 2017, 'August', 34, 26, 4, 9, 2, 0, 0, 0, 0, 'Transient', 0, 0, 'Check-Out', '9/8/2017', 102.00),
('RES_549', 'HO_1', 'CUS_549', '40', '0', 'MS04', 'DC03', 'BB', 'D', 'DT01', 0, 214, 2017, 'August', 35, 29, 2, 8, 2, 0, 0, 0, 0, 'Contract', 0, 0, 'Check-Out', '9/8/2017', 86.00),
('RES_55', 'HO_1', 'CUS_55', '0', '0', 'MS01', 'DC01', 'BB', 'H', 'DT01', 0, 0, 2015, 'July', 27, 2, 0, 1, 2, 0, 0, 0, 0, 'Transient', 0, 0, 'Check-Out', '42188', 147.00),
('RES_550', 'HO_1', 'CUS_550', '240', '0', 'MS03', 'DC03', 'BB', 'E', 'DT01', 0, 239, 2017, 'August', 35, 29, 2, 9, 2, 0, 0, 0, 0, 'Transient', 0, 2, 'Check-Out', '9/9/2017', 185.00),
('RES_551', 'HO_1', 'CUS_551', '40', '0', 'MS04', 'DC03', 'HB', 'D', 'DT01', 0, 217, 2017, 'August', 35, 31, 2, 7, 2, 0, 0, 0, 0, 'Contract', 0, 0, 'Check-Out', '9/9/2017', 111.00),
('RES_552', 'HO_1', 'CUS_552', '181', '0', 'MS04', 'DC03', 'HB', 'D', 'DT01', 0, 173, 2017, 'August', 35, 27, 4, 9, 2, 0, 0, 1, 0, 'Transient-Party', 0, 1, 'Check-Out', '9/9/2017', 169.00),
('RES_553', 'HO_1', 'CUS_553', '71', '0', 'MS04', 'DC03', 'BB', 'D', 'DT01', 0, 264, 2017, 'August', 34, 26, 4, 10, 2, 0, 0, 2, 0, 'Transient', 0, 0, 'Check-Out', '9/9/2017', 90.00),
('RES_554', 'HO_1', 'CUS_554', '143', '0', 'MS04', 'DC03', 'HB', 'E', 'DT01', 0, 207, 2017, 'August', 34, 26, 4, 10, 2, 0, 0, 0, 0, 'Transient', 0, 2, 'Check-Out', '9/9/2017', 132.00),
('RES_555', 'HO_1', 'CUS_555', '40', '0', 'MS04', 'DC03', 'BB', 'D', 'DT01', 0, 269, 2017, 'August', 34, 24, 4, 13, 2, 0, 0, 0, 0, 'Contract', 0, 2, 'Check-Out', '9/10/2017', 85.00),
('RES_556', 'HO_1', 'CUS_556', '250', '0', 'MS01', 'DC01', 'BB', 'E', 'DT01', 0, 169, 2017, 'August', 35, 30, 2, 9, 2, 0, 0, 0, 0, 'Transient-Party', 0, 1, 'Check-Out', '9/10/2017', 204.00),
('RES_557', 'HO_1', 'CUS_557', '143', '0', 'MS04', 'DC03', 'BB', 'A', 'DT01', 0, 212, 2017, 'August', 35, 31, 2, 8, 2, 1, 0, 1, 0, 'Transient', 0, 0, 'Check-Out', '9/10/2017', 90.00),
('RES_558', 'HO_1', 'CUS_558', '250', '0', 'MS01', 'DC01', 'BB', 'E', 'DT01', 0, 169, 2017, 'August', 35, 30, 2, 9, 2, 0, 0, 0, 0, 'Transient-Party', 0, 1, 'Check-Out', '9/10/2017', 202.00),
('RES_559', 'HO_1', 'CUS_559', '250', '0', 'MS01', 'DC01', 'BB', 'E', 'DT01', 0, 204, 2017, 'August', 35, 29, 4, 10, 2, 0, 0, 0, 0, 'Transient', 0, 3, 'Check-Out', '9/12/2017', 154.00),
('RES_56', 'HO_1', 'CUS_56', '240', '0', 'MS03', 'DC03', 'BB', 'A', 'DT01', 0, 0, 2015, 'July', 27, 2, 0, 1, 2, 0, 0, 0, 0, 'Transient', 0, 2, 'Check-Out', '42188', 118.00),
('RES_560', 'HO_1', 'CUS_560', '40', '0', 'MS04', 'DC03', 'HB', 'D', 'DT01', 0, 211, 2017, 'August', 35, 31, 4, 10, 2, 0, 0, 0, 0, 'Contract', 0, 1, 'Check-Out', '9/14/2017', 113.00),
('RES_561', 'HO_1', 'CUS_561', '69', '0', 'MS04', 'DC03', 'HB', 'A', 'DT01', 0, 161, 2017, 'August', 35, 31, 4, 10, 2, 0, 0, 0, 0, 'Transient', 0, 0, 'Check-Out', '9/14/2017', 99.00),
('RES_562', 'HO_2', 'CUS_562', '9', '0', 'MS03', 'DC03', 'BB', 'A', 'DT01', 1, 92, 2015, 'July', 27, 1, 2, 4, 2, 0, 0, 0, 0, 'Transient', 0, 2, 'Canceled', '6/23/2015', 77.00),
('RES_563', 'HO_2', 'CUS_563', '9', '0', 'MS03', 'DC03', 'BB', 'A', 'DT01', 1, 63, 2015, 'July', 27, 2, 1, 3, 1, 0, 0, 0, 0, 'Transient', 0, 0, 'Canceled', '6/25/2015', 68.00),
('RES_564', 'HO_2', 'CUS_564', '8', '0', 'MS03', 'DC03', 'BB', 'A', 'DT01', 1, 62, 2015, 'July', 27, 2, 2, 3, 2, 0, 0, 0, 0, 'Transient', 0, 1, 'No-Show', '7/2/2015', 77.00),
('RES_565', 'HO_2', 'CUS_565', '8', '0', 'MS03', 'DC03', 'BB', 'A', 'DT01', 1, 62, 2015, 'July', 27, 2, 2, 3, 2, 0, 0, 0, 0, 'Transient', 0, 1, 'No-Show', '7/2/2015', 77.00),
('RES_566', 'HO_2', 'CUS_566', '9', '0', 'MS03', 'DC03', 'BB', 'A', 'DT01', 1, 80, 2015, 'July', 27, 3, 1, 2, 2, 0, 0, 0, 0, 'Transient', 0, 1, 'Canceled', '4/17/2015', 77.00),
('RES_567', 'HO_2', 'CUS_567', '11', '0', 'MS03', 'DC03', 'SC', 'A', 'DT01', 0, 60, 2015, 'July', 27, 3, 2, 5, 2, 0, 0, 1, 0, 'Transient', 0, 0, 'Check-Out', '7/10/2015', 60.00),
('RES_568', 'HO_2', 'CUS_568', '9', '0', 'MS03', 'DC03', 'BB', 'A', 'DT01', 1, 106, 2015, 'July', 27, 4, 1, 1, 1, 0, 0, 0, 0, 'Transient', 0, 0, 'Canceled', '6/1/2015', 68.00),
('RES_569', 'HO_2', 'CUS_569', '9', '0', 'MS03', 'DC03', 'BB', 'A', 'DT01', 1, 68, 2015, 'July', 27, 4, 2, 1, 1, 0, 0, 0, 0, 'Transient', 0, 0, 'Canceled', '6/23/2015', 68.00),
('RES_57', 'HO_1', 'CUS_57', '0', '0', 'MS01', 'DC01', 'BB', 'G', 'DT01', 0, 0, 2015, 'July', 27, 2, 0, 1, 2, 0, 0, 0, 0, 'Transient', 0, 0, 'Check-Out', '42188', 123.00),
('RES_570', 'HO_2', 'CUS_570', '9', '0', 'MS03', 'DC03', 'BB', 'A', 'DT01', 1, 92, 2015, 'July', 27, 4, 2, 1, 2, 0, 0, 1, 0, 'Transient', 0, 1, 'Canceled', '6/15/2015', 77.00),
('RES_571', 'HO_2', 'CUS_571', '1', '0', 'MS05', 'DC03', 'BB', 'A', 'DT01', 0, 18, 2015, 'July', 27, 4, 2, 2, 1, 0, 0, 0, 0, 'Transient-Party', 0, 0, 'Check-Out', '7/8/2015', 60.00),
('RES_572', 'HO_2', 'CUS_572', '11', '0', 'MS03', 'DC03', 'SC', 'A', 'DT01', 1, 71, 2015, 'July', 28, 5, 2, 1, 2, 0, 0, 1, 0, 'Transient', 0, 0, 'Canceled', '6/30/2015', 56.00),
('RES_573', 'HO_2', 'CUS_573', '7', '0', 'MS03', 'DC03', 'BB', 'A', 'DT01', 1, 85, 2015, 'July', 28, 5, 2, 1, 2, 0, 0, 0, 0, 'Transient', 0, 0, 'Canceled', '6/20/2015', 52.00),
('RES_574', 'HO_2', 'CUS_574', '7', '0', 'MS03', 'DC03', 'BB', 'A', 'DT01', 1, 92, 2015, 'July', 28, 5, 2, 3, 2, 0, 0, 0, 0, 'Transient', 0, 0, 'Canceled', '7/3/2015', 50.00),
('RES_575', 'HO_2', 'CUS_575', '9', '0', 'MS03', 'DC03', 'BB', 'A', 'DT01', 1, 75, 2015, 'July', 28, 6, 1, 1, 2, 0, 0, 0, 0, 'Transient', 0, 1, 'Canceled', '6/20/2015', 77.00),
('RES_576', 'HO_2', 'CUS_576', '9', '0', 'MS03', 'DC03', 'BB', 'A', 'DT01', 1, 92, 2015, 'July', 28, 6, 1, 3, 1, 0, 0, 0, 0, 'Transient', 0, 2, 'Canceled', '4/21/2015', 68.00),
('RES_577', 'HO_2', 'CUS_577', '9', '0', 'MS03', 'DC03', 'BB', 'A', 'DT01', 1, 89, 2015, 'July', 28, 6, 1, 4, 1, 0, 0, 0, 0, 'Transient', 0, 1, 'Canceled', '6/20/2015', 68.00),
('RES_578', 'HO_2', 'CUS_578', '15', '0', 'MS03', 'DC03', 'HB', 'A', 'DT01', 1, 100, 2015, 'July', 28, 6, 1, 4, 2, 0, 1, 0, 0, 'Transient', 0, 2, 'Canceled', '6/15/2015', 94.00),
('RES_579', 'HO_2', 'CUS_579', '9', '0', 'MS03', 'DC03', 'BB', 'A', 'DT01', 1, 83, 2015, 'July', 28, 6, 2, 5, 2, 0, 0, 0, 0, 'Transient', 0, 1, 'Canceled', '5/22/2015', 77.00),
('RES_58', 'HO_1', 'CUS_58', '242', '0', 'MS03', 'DC03', 'BB', 'A', 'DT01', 0, 14, 2015, 'July', 27, 2, 0, 2, 2, 0, 0, 0, 0, 'Transient', 0, 1, 'Check-Out', '42189', 98.00),
('RES_580', 'HO_2', 'CUS_580', '9', '0', 'MS03', 'DC03', 'BB', 'A', 'DT01', 1, 72, 2015, 'July', 28, 6, 3, 6, 2, 0, 0, 0, 0, 'Transient', 0, 1, 'Canceled', '6/25/2015', 77.00),
('RES_581', 'HO_2', 'CUS_581', '9', '0', 'MS03', 'DC03', 'BB', 'A', 'DT01', 1, 111, 2015, 'July', 28, 6, 1, 2, 2, 0, 0, 0, 0, 'Transient', 0, 1, 'No-Show', '7/6/2015', 77.00),
('RES_582', 'HO_2', 'CUS_582', '9', '0', 'MS03', 'DC03', 'BB', 'A', 'DT01', 1, 86, 2015, 'July', 28, 6, 1, 3, 2, 0, 0, 0, 0, 'Transient', 0, 0, 'Canceled', '6/17/2015', 77.00),
('RES_583', 'HO_2', 'CUS_583', '8', '0', 'MS03', 'DC03', 'BB', 'A', 'DT01', 1, 77, 2015, 'July', 28, 7, 2, 5, 2, 0, 0, 0, 0, 'Transient', 0, 0, 'Canceled', '7/7/2015', 77.00),
('RES_584', 'HO_2', 'CUS_584', '7', '0', 'MS03', 'DC03', 'BB', 'A', 'DT01', 0, 54, 2015, 'July', 28, 7, 2, 8, 2, 0, 0, 0, 0, 'Transient', 0, 0, 'Check-Out', '7/17/2015', 62.00),
('RES_585', 'HO_2', 'CUS_585', '11', '0', 'MS03', 'DC03', 'SC', 'A', 'DT01', 1, 90, 2015, 'July', 28, 7, 5, 15, 1, 0, 0, 0, 0, 'Transient', 0, 0, 'Canceled', '4/8/2015', 49.00),
('RES_586', 'HO_2', 'CUS_586', '11', '0', 'MS03', 'DC03', 'SC', 'A', 'DT01', 1, 90, 2015, 'July', 28, 7, 5, 15, 1, 0, 0, 0, 0, 'Transient', 0, 0, 'Canceled', '4/11/2015', 49.00),
('RES_587', 'HO_2', 'CUS_587', '11', '0', 'MS03', 'DC03', 'BB', 'A', 'DT01', 1, 117, 2015, 'July', 28, 7, 5, 15, 1, 0, 0, 0, 0, 'Transient', 0, 0, 'Canceled', '4/8/2015', 49.00),
('RES_588', 'HO_2', 'CUS_588', '27', '0', 'MS04', 'DC03', 'BB', 'A', 'DT01', 0, 51, 2015, 'July', 28, 8, 1, 4, 2, 0, 0, 0, 0, 'Transient', 0, 0, 'Check-Out', '7/13/2015', 68.00),
('RES_589', 'HO_2', 'CUS_589', '9', '0', 'MS03', 'DC03', 'BB', 'A', 'DT01', 1, 97, 2015, 'July', 28, 8, 1, 4, 2, 0, 0, 0, 0, 'Transient', 0, 2, 'Canceled', '6/29/2015', 77.00),
('RES_59', 'HO_1', 'CUS_59', '241', '0', 'MS03', 'DC03', 'BB', 'G', 'DT01', 0, 10, 2015, 'July', 27, 2, 0, 2, 2, 0, 0, 0, 0, 'Transient', 0, 0, 'Check-Out', '42189', 118.00),
('RES_590', 'HO_2', 'CUS_590', '8', '0', 'MS03', 'DC03', 'BB', 'A', 'DT01', 0, 72, 2015, 'July', 28, 8, 1, 4, 2, 0, 0, 0, 0, 'Transient', 0, 0, 'Check-Out', '7/13/2015', 77.00),
('RES_591', 'HO_2', 'CUS_591', '9', '0', 'MS03', 'DC03', 'BB', 'A', 'DT01', 1, 72, 2015, 'July', 28, 8, 2, 5, 2, 0, 0, 0, 0, 'Transient', 0, 1, 'Canceled', '6/25/2015', 77.00),
('RES_592', 'HO_2', 'CUS_592', '8', '0', 'MS03', 'DC03', 'BB', 'A', 'DT01', 1, 61, 2015, 'July', 28, 8, 2, 8, 2, 0, 0, 0, 0, 'Transient', 0, 0, 'Canceled', '5/14/2015', 69.00),
('RES_593', 'HO_2', 'CUS_593', '8', '0', 'MS03', 'DC03', 'SC', 'A', 'DT01', 1, 63, 2015, 'July', 28, 8, 2, 8, 2, 0, 0, 0, 0, 'Transient', 0, 0, 'Canceled', '5/7/2015', 69.00),
('RES_594', 'HO_2', 'CUS_594', '7', '0', 'MS03', 'DC03', 'BB', 'A', 'DT01', 0, 92, 2015, 'July', 28, 9, 2, 3, 2, 0, 0, 0, 0, 'Transient', 0, 1, 'Check-Out', '7/14/2015', 59.00),
('RES_595', 'HO_2', 'CUS_595', '14', '0', 'MS01', 'DC01', 'BB', 'A', 'DT01', 1, 85, 2015, 'July', 28, 10, 1, 2, 2, 0, 0, 0, 0, 'Transient', 0, 0, 'Canceled', '7/10/2015', 77.00),
('RES_596', 'HO_2', 'CUS_596', '9', '0', 'MS03', 'DC03', 'BB', 'A', 'DT01', 1, 115, 2015, 'July', 28, 10, 2, 3, 1, 0, 0, 0, 0, 'Transient', 0, 2, 'Canceled', '5/25/2015', 68.00),
('RES_597', 'HO_2', 'CUS_597', '22', '0', 'MS04', 'DC03', 'BB', 'A', 'DT01', 0, 67, 2015, 'July', 28, 10, 2, 3, 2, 2, 0, 1, 0, 'Transient', 0, 0, 'Check-Out', '7/15/2015', 106.00),
('RES_598', 'HO_2', 'CUS_598', '7', '0', 'MS03', 'DC03', 'BB', 'A', 'DT01', 1, 87, 2015, 'July', 28, 10, 3, 7, 2, 0, 0, 0, 0, 'Transient', 0, 1, 'Canceled', '6/1/2015', 59.00),
('RES_599', 'HO_2', 'CUS_599', '7', '0', 'MS03', 'DC03', 'BB', 'A', 'DT01', 1, 87, 2015, 'July', 28, 10, 3, 7, 2, 0, 0, 0, 0, 'Transient', 0, 1, 'Canceled', '6/1/2015', 59.00),
('RES_6', 'HO_1', 'CUS_6', '303', '0', 'MS01', 'DC01', 'FB', 'C', 'DT01', 0, 9, 2015, 'July', 27, 1, 0, 2, 2, 0, 0, 0, 0, 'Transient', 0, 1, 'Check-Out', '42188', 103.00),
('RES_60', 'HO_1', 'CUS_60', '240', '0', 'MS03', 'DC03', 'BB', 'E', 'DT01', 0, 5, 2015, 'July', 27, 2, 0, 2, 2, 0, 0, 0, 0, 'Transient', 1, 2, 'Check-Out', '42189', 135.00),
('RES_600', 'HO_2', 'CUS_600', '9', '0', 'MS03', 'DC03', 'BB', 'A', 'DT01', 1, 109, 2015, 'July', 28, 11, 2, 1, 2, 0, 0, 0, 0, 'Transient', 0, 1, 'Canceled', '6/27/2015', 77.00),
('RES_601', 'HO_2', 'CUS_601', '17', '0', 'MS04', 'DC03', 'HB', 'A', 'DT01', 0, 96, 2015, 'July', 28, 11, 2, 1, 2, 0, 0, 0, 0, 'Transient-Party', 0, 0, 'Check-Out', '7/14/2015', 95.00),
('RES_602', 'HO_2', 'CUS_602', '17', '0', 'MS04', 'DC03', 'HB', 'A', 'DT01', 0, 96, 2015, 'July', 28, 11, 2, 1, 2, 0, 0, 0, 0, 'Transient-Party', 0, 0, 'Check-Out', '7/14/2015', 95.00),
('RES_603', 'HO_2', 'CUS_603', '9', '0', 'MS03', 'DC03', 'BB', 'A', 'DT01', 1, 65, 2015, 'July', 28, 11, 2, 1, 2, 0, 0, 0, 0, 'Transient', 0, 1, 'Canceled', '6/12/2015', 77.00),
('RES_604', 'HO_2', 'CUS_604', '8', '0', 'MS03', 'DC03', 'BB', 'A', 'DT01', 1, 114, 2015, 'July', 28, 11, 2, 1, 2, 0, 0, 0, 0, 'Transient', 0, 0, 'Canceled', '5/11/2015', 77.00),
('RES_605', 'HO_2', 'CUS_605', '17', '0', 'MS04', 'DC03', 'HB', 'A', 'DT01', 0, 96, 2015, 'July', 28, 11, 2, 1, 2, 0, 0, 0, 0, 'Transient-Party', 0, 0, 'Check-Out', '7/14/2015', 95.00),
('RES_606', 'HO_2', 'CUS_606', '17', '0', 'MS04', 'DC03', 'HB', 'A', 'DT01', 1, 96, 2015, 'July', 28, 11, 2, 1, 2, 0, 0, 0, 0, 'Transient-Party', 0, 0, 'Canceled', '6/23/2015', 95.00),
('RES_607', 'HO_2', 'CUS_607', '17', '0', 'MS04', 'DC03', 'HB', 'A', 'DT01', 0, 3, 2015, 'July', 28, 11, 2, 1, 3, 0, 0, 0, 0, 'Transient-Party', 0, 0, 'Check-Out', '7/14/2015', 139.00),
('RES_608', 'HO_2', 'CUS_608', '7', '0', 'MS03', 'DC03', 'BB', 'A', 'DT01', 0, 61, 2015, 'July', 28, 11, 2, 1, 2, 0, 0, 0, 0, 'Transient', 0, 0, 'Check-Out', '7/14/2015', 56.00),
('RES_609', 'HO_2', 'CUS_609', '17', '0', 'MS04', 'DC03', 'HB', 'A', 'DT01', 0, 96, 2015, 'July', 28, 11, 2, 1, 2, 0, 0, 0, 0, 'Transient-Party', 0, 0, 'Check-Out', '7/14/2015', 95.00),
('RES_61', 'HO_1', 'CUS_61', '250', '0', 'MS01', 'DC01', 'BB', 'F', 'DT01', 0, 17, 2015, 'July', 27, 2, 0, 3, 2, 0, 0, 0, 0, 'Transient', 0, 1, 'Check-Out', '42190', 133.00),
('RES_610', 'HO_2', 'CUS_610', '17', '0', 'MS04', 'DC03', 'HB', 'A', 'DT01', 0, 96, 2015, 'July', 28, 11, 2, 1, 2, 0, 0, 0, 0, 'Transient-Party', 0, 0, 'Check-Out', '7/14/2015', 95.00),
('RES_611', 'HO_2', 'CUS_611', '17', '0', 'MS04', 'DC03', 'HB', 'A', 'DT01', 0, 3, 2015, 'July', 28, 11, 2, 1, 1, 0, 0, 0, 0, 'Transient-Party', 0, 0, 'Check-Out', '7/14/2015', 73.00),
('RES_612', 'HO_2', 'CUS_612', '17', '0', 'MS04', 'DC03', 'HB', 'A', 'DT01', 1, 96, 2015, 'July', 28, 11, 2, 1, 2, 0, 0, 0, 0, 'Transient-Party', 0, 0, 'Canceled', '6/23/2015', 95.00),
('RES_613', 'HO_2', 'CUS_613', '17', '0', 'MS04', 'DC03', 'HB', 'A', 'DT01', 1, 96, 2015, 'July', 28, 11, 2, 1, 2, 0, 0, 0, 0, 'Transient-Party', 0, 0, 'Canceled', '6/23/2015', 95.00),
('RES_614', 'HO_2', 'CUS_614', '17', '0', 'MS04', 'DC03', 'HB', 'A', 'DT01', 0, 96, 2015, 'July', 28, 11, 2, 1, 2, 0, 0, 0, 0, 'Transient-Party', 0, 0, 'Check-Out', '7/14/2015', 95.00),
('RES_615', 'HO_2', 'CUS_615', '17', '0', 'MS04', 'DC03', 'HB', 'A', 'DT01', 1, 96, 2015, 'July', 28, 11, 2, 1, 2, 0, 0, 0, 0, 'Transient-Party', 0, 0, 'Canceled', '6/23/2015', 95.00),
('RES_616', 'HO_2', 'CUS_616', '17', '0', 'MS04', 'DC03', 'HB', 'A', 'DT01', 0, 3, 2015, 'July', 28, 11, 2, 1, 1, 0, 0, 0, 0, 'Transient-Party', 0, 0, 'Check-Out', '7/14/2015', 73.00),
('RES_617', 'HO_2', 'CUS_617', '17', '0', 'MS04', 'DC03', 'HB', 'A', 'DT01', 0, 96, 2015, 'July', 28, 11, 2, 1, 2, 0, 0, 0, 0, 'Transient-Party', 0, 0, 'Check-Out', '7/14/2015', 95.00),
('RES_618', 'HO_2', 'CUS_618', '17', '0', 'MS04', 'DC03', 'HB', 'A', 'DT01', 1, 96, 2015, 'July', 28, 11, 2, 1, 2, 0, 0, 0, 0, 'Transient-Party', 0, 0, 'Canceled', '6/23/2015', 95.00),
('RES_619', 'HO_2', 'CUS_619', '17', '0', 'MS04', 'DC03', 'HB', 'A', 'DT01', 1, 96, 2015, 'July', 28, 11, 2, 1, 2, 0, 0, 0, 0, 'Transient-Party', 0, 0, 'Canceled', '6/23/2015', 95.00),
('RES_62', 'HO_1', 'CUS_62', '115', '0', 'MS04', 'DC03', 'BB', 'A', 'DT01', 0, 93, 2015, 'July', 27, 2, 0, 3, 2, 0, 0, 0, 0, 'Contract', 0, 0, 'Check-Out', '42190', 59.00),
('RES_620', 'HO_2', 'CUS_620', '17', '0', 'MS04', 'DC03', 'HB', 'A', 'DT01', 0, 96, 2015, 'July', 28, 11, 2, 1, 2, 0, 0, 0, 0, 'Transient-Party', 0, 0, 'Check-Out', '7/14/2015', 95.00),
('RES_621', 'HO_2', 'CUS_621', '17', '0', 'MS04', 'DC03', 'HB', 'A', 'DT01', 1, 96, 2015, 'July', 28, 11, 2, 1, 2, 0, 0, 0, 0, 'Transient-Party', 0, 0, 'Canceled', '6/23/2015', 95.00),
('RES_622', 'HO_2', 'CUS_622', '7', '0', 'MS03', 'DC03', 'BB', 'A', 'DT01', 0, 61, 2015, 'July', 28, 11, 2, 1, 2, 0, 0, 0, 0, 'Transient', 0, 0, 'Check-Out', '7/14/2015', 56.00),
('RES_623', 'HO_2', 'CUS_623', '17', '0', 'MS04', 'DC03', 'HB', 'A', 'DT01', 0, 3, 2015, 'July', 28, 11, 2, 1, 1, 0, 0, 0, 0, 'Transient-Party', 0, 0, 'Check-Out', '7/14/2015', 73.00),
('RES_624', 'HO_2', 'CUS_624', '7', '0', 'MS03', 'DC03', 'BB', 'A', 'DT01', 0, 66, 2015, 'July', 28, 11, 2, 1, 2, 0, 0, 0, 0, 'Transient', 0, 0, 'Check-Out', '7/14/2015', 59.00),
('RES_625', 'HO_2', 'CUS_625', '17', '0', 'MS04', 'DC03', 'HB', 'A', 'DT01', 0, 96, 2015, 'July', 28, 11, 2, 1, 2, 0, 0, 0, 0, 'Transient-Party', 0, 0, 'Check-Out', '7/14/2015', 95.00),
('RES_626', 'HO_2', 'CUS_626', '17', '0', 'MS04', 'DC03', 'HB', 'A', 'DT01', 0, 96, 2015, 'July', 28, 11, 2, 1, 2, 0, 0, 0, 0, 'Transient-Party', 0, 0, 'Check-Out', '7/14/2015', 95.00),
('RES_627', 'HO_2', 'CUS_627', '17', '0', 'MS04', 'DC03', 'HB', 'A', 'DT01', 0, 96, 2015, 'July', 28, 11, 2, 1, 2, 0, 0, 0, 0, 'Transient-Party', 0, 0, 'Check-Out', '7/14/2015', 95.00),
('RES_628', 'HO_2', 'CUS_628', '17', '0', 'MS04', 'DC03', 'HB', 'A', 'DT01', 0, 96, 2015, 'July', 28, 11, 2, 1, 2, 0, 0, 0, 0, 'Transient-Party', 0, 0, 'Check-Out', '7/14/2015', 95.00),
('RES_629', 'HO_2', 'CUS_629', '17', '0', 'MS04', 'DC03', 'HB', 'A', 'DT01', 1, 96, 2015, 'July', 28, 11, 2, 1, 2, 0, 0, 0, 0, 'Transient-Party', 0, 0, 'Canceled', '6/23/2015', 95.00),
('RES_63', 'HO_1', 'CUS_63', '240', '0', 'MS03', 'DC03', 'HB', 'A', 'DT01', 1, 3, 2015, 'July', 27, 2, 0, 3, 2, 0, 0, 0, 0, 'Transient', 0, 2, 'Canceled', '42184', 136.00),
('RES_630', 'HO_2', 'CUS_630', '8', '0', 'MS03', 'DC03', 'BB', 'A', 'DT01', 1, 114, 2015, 'July', 28, 11, 2, 1, 2, 0, 0, 0, 0, 'Transient', 0, 0, 'Canceled', '5/11/2015', 77.00),
('RES_631', 'HO_2', 'CUS_631', '17', '0', 'MS04', 'DC03', 'HB', 'A', 'DT01', 0, 96, 2015, 'July', 28, 11, 2, 1, 2, 0, 0, 0, 0, 'Transient-Party', 0, 0, 'Check-Out', '7/14/2015', 95.00),
('RES_632', 'HO_2', 'CUS_632', '17', '0', 'MS04', 'DC03', 'HB', 'A', 'DT01', 1, 96, 2015, 'July', 28, 11, 2, 1, 2, 0, 0, 0, 0, 'Transient-Party', 0, 0, 'Canceled', '6/23/2015', 95.00),
('RES_633', 'HO_2', 'CUS_633', '17', '0', 'MS04', 'DC03', 'HB', 'A', 'DT01', 0, 3, 2015, 'July', 28, 11, 2, 1, 3, 0, 0, 0, 0, 'Transient-Party', 0, 0, 'Check-Out', '7/14/2015', 139.00),
('RES_634', 'HO_2', 'CUS_634', '17', '0', 'MS04', 'DC03', 'HB', 'A', 'DT01', 0, 96, 2015, 'July', 28, 11, 2, 1, 2, 0, 0, 0, 0, 'Transient-Party', 0, 0, 'Check-Out', '7/14/2015', 95.00),
('RES_635', 'HO_2', 'CUS_635', '17', '0', 'MS04', 'DC03', 'HB', 'A', 'DT01', 1, 96, 2015, 'July', 28, 11, 2, 1, 2, 0, 0, 0, 0, 'Transient-Party', 0, 0, 'Canceled', '6/23/2015', 95.00),
('RES_636', 'HO_2', 'CUS_636', '17', '0', 'MS04', 'DC03', 'HB', 'A', 'DT01', 1, 96, 2015, 'July', 28, 11, 2, 1, 2, 0, 0, 0, 0, 'Transient-Party', 0, 0, 'Canceled', '6/23/2015', 95.00),
('RES_637', 'HO_2', 'CUS_637', '9', '0', 'MS03', 'DC03', 'BB', 'A', 'DT01', 1, 69, 2015, 'July', 29, 12, 2, 0, 2, 0, 0, 1, 0, 'Transient', 0, 1, 'Canceled', '7/2/2015', 77.00),
('RES_638', 'HO_2', 'CUS_638', '9', '0', 'MS03', 'DC03', 'BB', 'A', 'DT01', 1, 59, 2015, 'July', 29, 12, 2, 4, 2, 0, 0, 0, 0, 'Transient', 0, 0, 'Canceled', '6/15/2015', 77.00),
('RES_639', 'HO_2', 'CUS_639', '13', '0', 'MS04', 'DC03', 'BB', 'A', 'DT01', 0, 96, 2015, 'July', 29, 13, 1, 0, 2, 0, 0, 0, 0, 'Transient', 0, 0, 'Check-Out', '7/14/2015', 64.00),
('RES_64', 'HO_1', 'CUS_64', '240', '0', 'MS03', 'DC03', 'BB', 'G', 'DT01', 0, 10, 2015, 'July', 27, 3, 0, 2, 2, 2, 0, 0, 0, 'Transient', 1, 0, 'Check-Out', '42190', 153.00),
('RES_640', 'HO_2', 'CUS_640', '14', '0', 'MS01', 'DC01', 'BB', 'A', 'DT01', 1, 60, 2015, 'July', 29, 13, 1, 0, 2, 0, 0, 0, 0, 'Transient', 0, 0, 'No-Show', '7/13/2015', 77.00),
('RES_641', 'HO_2', 'CUS_641', '9', '0', 'MS03', 'DC03', 'BB', 'A', 'DT01', 1, 122, 2015, 'July', 29, 13, 1, 0, 2, 0, 0, 0, 0, 'Transient-Party', 0, 2, 'Canceled', '6/17/2015', 77.00),
('RES_642', 'HO_2', 'CUS_642', '14', '0', 'MS01', 'DC01', 'BB', 'A', 'DT01', 1, 60, 2015, 'July', 29, 13, 1, 0, 2, 0, 0, 0, 0, 'Transient', 0, 0, 'No-Show', '7/13/2015', 91.00),
('RES_643', 'HO_2', 'CUS_643', '14', '0', 'MS01', 'DC01', 'BB', 'A', 'DT01', 1, 60, 2015, 'July', 29, 13, 1, 0, 2, 0, 0, 0, 0, 'Transient', 0, 0, 'No-Show', '7/13/2015', 77.00),
('RES_644', 'HO_2', 'CUS_644', '14', '0', 'MS01', 'DC01', 'BB', 'A', 'DT01', 1, 60, 2015, 'July', 29, 13, 1, 0, 2, 1, 0, 0, 0, 'Transient', 0, 0, 'No-Show', '7/13/2015', 91.00),
('RES_645', 'HO_2', 'CUS_645', '9', '0', 'MS03', 'DC03', 'BB', 'A', 'DT01', 1, 122, 2015, 'July', 29, 13, 1, 0, 2, 0, 0, 0, 0, 'Transient-Party', 0, 2, 'Canceled', '6/17/2015', 77.00),
('RES_646', 'HO_2', 'CUS_646', '14', '0', 'MS01', 'DC01', 'BB', 'A', 'DT01', 1, 60, 2015, 'July', 29, 13, 1, 0, 2, 0, 0, 0, 0, 'Transient', 0, 0, 'No-Show', '7/13/2015', 91.00),
('RES_647', 'HO_2', 'CUS_647', '9', '0', 'MS03', 'DC03', 'BB', 'A', 'DT01', 1, 123, 2015, 'July', 29, 13, 1, 0, 2, 0, 0, 0, 0, 'Transient', 0, 1, 'Canceled', '6/30/2015', 77.00),
('RES_648', 'HO_2', 'CUS_648', '14', '0', 'MS01', 'DC01', 'BB', 'A', 'DT01', 1, 60, 2015, 'July', 29, 13, 1, 0, 1, 0, 0, 0, 0, 'Transient', 0, 0, 'No-Show', '7/13/2015', 67.00),
('RES_649', 'HO_2', 'CUS_649', '8', '0', 'MS03', 'DC03', 'BB', 'A', 'DT01', 1, 73, 2015, 'July', 29, 13, 1, 2, 2, 0, 0, 0, 0, 'Transient', 0, 0, 'No-Show', '7/13/2015', 77.00),
('RES_65', 'HO_1', 'CUS_65', '240', '0', 'MS03', 'DC03', 'BB', 'A', 'DT01', 0, 3, 2015, 'July', 27, 3, 0, 2, 2, 0, 0, 0, 0, 'Transient', 0, 0, 'Check-Out', '42190', 111.00),
('RES_650', 'HO_2', 'CUS_650', '9', '0', 'MS03', 'DC03', 'BB', 'A', 'DT01', 1, 77, 2015, 'July', 29, 13, 1, 2, 2, 0, 0, 0, 0, 'Transient', 0, 1, 'Canceled', '6/29/2015', 77.00),
('RES_651', 'HO_2', 'CUS_651', '9', '0', 'MS03', 'DC03', 'BB', 'A', 'DT01', 1, 123, 2015, 'July', 29, 13, 1, 3, 2, 0, 0, 0, 0, 'Transient', 0, 0, 'Canceled', '3/13/2015', 77.00),
('RES_652', 'HO_2', 'CUS_652', '7', '0', 'MS03', 'DC03', 'BB', 'A', 'DT01', 1, 94, 2015, 'July', 29, 14, 2, 7, 2, 0, 0, 0, 0, 'Transient', 0, 0, 'Canceled', '7/7/2015', 56.00),
('RES_653', 'HO_2', 'CUS_653', '9', '0', 'MS03', 'DC03', 'BB', 'A', 'DT01', 1, 125, 2015, 'July', 29, 15, 2, 4, 2, 0, 0, 0, 0, 'Transient', 0, 0, 'Canceled', '6/20/2015', 77.00),
('RES_654', 'HO_2', 'CUS_654', '9', '0', 'MS03', 'DC03', 'BB', 'A', 'DT01', 1, 62, 2015, 'July', 29, 15, 2, 7, 1, 0, 0, 0, 0, 'Transient', 0, 1, 'Canceled', '7/2/2015', 68.00),
('RES_655', 'HO_2', 'CUS_655', '9', '0', 'MS03', 'DC03', 'BB', 'A', 'DT01', 1, 109, 2015, 'July', 29, 15, 2, 7, 1, 0, 0, 0, 0, 'Transient', 0, 1, 'Canceled', '5/27/2015', 68.00),
('RES_656', 'HO_2', 'CUS_656', '9', '0', 'MS03', 'DC03', 'BB', 'A', 'DT01', 1, 82, 2015, 'July', 29, 16, 2, 5, 2, 0, 0, 0, 0, 'Transient', 0, 0, 'Canceled', '6/17/2015', 77.00),
('RES_657', 'HO_2', 'CUS_657', '1', '0', 'MS05', 'DC03', 'BB', 'A', 'DT01', 0, 18, 2015, 'July', 29, 18, 1, 1, 1, 0, 0, 0, 0, 'Transient-Party', 0, 0, 'Check-Out', '7/20/2015', 58.00),
('RES_658', 'HO_2', 'CUS_658', '1', '0', 'MS05', 'DC03', 'BB', 'A', 'DT01', 0, 18, 2015, 'July', 29, 18, 1, 1, 1, 0, 0, 0, 0, 'Transient-Party', 0, 0, 'Check-Out', '7/20/2015', 58.00),
('RES_659', 'HO_2', 'CUS_659', '1', '0', 'MS05', 'DC03', 'BB', 'A', 'DT01', 0, 18, 2015, 'July', 29, 18, 1, 1, 3, 0, 0, 0, 0, 'Transient-Party', 0, 0, 'Check-Out', '7/20/2015', 109.00),
('RES_66', 'HO_1', 'CUS_66', '242', '0', 'MS03', 'DC03', 'BB', 'D', 'DT01', 0, 51, 2015, 'July', 27, 3, 0, 2, 2, 0, 0, 0, 0, 'Transient', 0, 0, 'Check-Out', '42190', 97.00),
('RES_660', 'HO_2', 'CUS_660', '1', '0', 'MS05', 'DC03', 'BB', 'A', 'DT01', 0, 18, 2015, 'July', 29, 18, 1, 1, 2, 0, 0, 0, 0, 'Transient-Party', 0, 0, 'Check-Out', '7/20/2015', 75.00),
('RES_661', 'HO_2', 'CUS_661', '1', '0', 'MS05', 'DC03', 'BB', 'A', 'DT01', 0, 18, 2015, 'July', 29, 18, 1, 1, 2, 0, 0, 0, 0, 'Transient-Party', 0, 0, 'Check-Out', '7/20/2015', 75.00),
('RES_662', 'HO_2', 'CUS_662', '1', '0', 'MS05', 'DC03', 'BB', 'A', 'DT01', 0, 18, 2015, 'July', 29, 18, 1, 1, 2, 0, 0, 0, 0, 'Transient-Party', 0, 0, 'Check-Out', '7/20/2015', 75.00),
('RES_663', 'HO_2', 'CUS_663', '1', '0', 'MS05', 'DC03', 'BB', 'A', 'DT01', 0, 18, 2015, 'July', 29, 18, 1, 1, 2, 0, 0, 0, 0, 'Transient-Party', 0, 0, 'Check-Out', '7/20/2015', 75.00),
('RES_664', 'HO_2', 'CUS_664', '1', '0', 'MS05', 'DC03', 'BB', 'A', 'DT01', 0, 18, 2015, 'July', 29, 18, 1, 1, 2, 0, 0, 0, 0, 'Transient-Party', 0, 0, 'Check-Out', '7/20/2015', 75.00),
('RES_665', 'HO_2', 'CUS_665', '1', '0', 'MS05', 'DC03', 'BB', 'A', 'DT01', 0, 18, 2015, 'July', 29, 18, 1, 1, 2, 0, 0, 0, 0, 'Transient-Party', 0, 0, 'Check-Out', '7/20/2015', 75.00),
('RES_666', 'HO_2', 'CUS_666', '1', '0', 'MS05', 'DC03', 'BB', 'A', 'DT01', 0, 18, 2015, 'July', 29, 18, 1, 1, 2, 0, 0, 0, 0, 'Transient-Party', 0, 0, 'Check-Out', '7/20/2015', 75.00),
('RES_667', 'HO_2', 'CUS_667', '1', '0', 'MS05', 'DC03', 'BB', 'A', 'DT01', 0, 18, 2015, 'July', 29, 18, 1, 1, 1, 0, 0, 0, 0, 'Transient-Party', 0, 0, 'Check-Out', '7/20/2015', 58.00),
('RES_668', 'HO_2', 'CUS_668', '1', '0', 'MS05', 'DC03', 'BB', 'A', 'DT01', 0, 18, 2015, 'July', 29, 18, 1, 1, 2, 0, 0, 0, 0, 'Transient-Party', 0, 0, 'Check-Out', '7/20/2015', 75.00),
('RES_669', 'HO_2', 'CUS_669', '1', '0', 'MS05', 'DC03', 'BB', 'A', 'DT01', 0, 18, 2015, 'July', 29, 18, 1, 1, 2, 0, 0, 0, 0, 'Transient-Party', 0, 0, 'Check-Out', '7/20/2015', 75.00),
('RES_67', 'HO_1', 'CUS_67', '242', '0', 'MS04', 'DC03', 'BB', 'A', 'DT01', 1, 71, 2015, 'July', 27, 3, 0, 2, 3, 0, 0, 0, 0, 'Transient', 0, 2, 'Canceled', '42171', 110.00),
('RES_670', 'HO_2', 'CUS_670', '1', '0', 'MS05', 'DC03', 'BB', 'A', 'DT01', 0, 18, 2015, 'July', 29, 18, 1, 1, 3, 0, 0, 0, 0, 'Transient-Party', 0, 0, 'Check-Out', '7/20/2015', 109.00),
('RES_671', 'HO_2', 'CUS_671', '1', '0', 'MS05', 'DC03', 'BB', 'A', 'DT01', 0, 18, 2015, 'July', 29, 18, 1, 1, 2, 0, 0, 0, 0, 'Transient-Party', 0, 0, 'Check-Out', '7/20/2015', 75.00),
('RES_672', 'HO_2', 'CUS_672', '1', '0', 'MS05', 'DC03', 'BB', 'A', 'DT01', 0, 18, 2015, 'July', 29, 18, 1, 1, 2, 0, 0, 0, 0, 'Transient-Party', 0, 0, 'Check-Out', '7/20/2015', 75.00),
('RES_673', 'HO_2', 'CUS_673', '1', '0', 'MS05', 'DC03', 'BB', 'A', 'DT01', 0, 18, 2015, 'July', 29, 18, 1, 1, 2, 0, 0, 0, 0, 'Transient-Party', 0, 0, 'Check-Out', '7/20/2015', 75.00),
('RES_674', 'HO_2', 'CUS_674', '1', '0', 'MS05', 'DC03', 'BB', 'A', 'DT01', 0, 18, 2015, 'July', 29, 18, 1, 1, 3, 0, 0, 0, 0, 'Transient-Party', 0, 0, 'Check-Out', '7/20/2015', 109.00),
('RES_675', 'HO_2', 'CUS_675', '1', '0', 'MS05', 'DC03', 'BB', 'A', 'DT01', 0, 18, 2015, 'July', 29, 18, 1, 1, 2, 0, 0, 0, 0, 'Transient-Party', 0, 0, 'Check-Out', '7/20/2015', 75.00),
('RES_676', 'HO_2', 'CUS_676', '1', '0', 'MS05', 'DC03', 'BB', 'A', 'DT01', 0, 18, 2015, 'July', 29, 18, 1, 1, 1, 0, 0, 0, 0, 'Transient-Party', 0, 0, 'Check-Out', '7/20/2015', 58.00),
('RES_677', 'HO_2', 'CUS_677', '17', '0', 'MS04', 'DC03', 'HB', 'A', 'DT01', 1, 103, 2015, 'July', 29, 18, 2, 1, 2, 0, 0, 0, 0, 'Transient-Party', 0, 0, 'Canceled', '7/16/2015', 95.00),
('RES_678', 'HO_2', 'CUS_678', '17', '0', 'MS04', 'DC03', 'HB', 'A', 'DT01', 0, 103, 2015, 'July', 29, 18, 2, 1, 1, 0, 0, 1, 0, 'Transient-Party', 0, 0, 'Check-Out', '7/21/2015', 73.00),
('RES_679', 'HO_2', 'CUS_679', '17', '0', 'MS04', 'DC03', 'HB', 'A', 'DT01', 1, 103, 2015, 'July', 29, 18, 2, 1, 2, 0, 0, 0, 0, 'Transient-Party', 0, 0, 'Canceled', '7/16/2015', 95.00),
('RES_68', 'HO_1', 'CUS_68', '240', '0', 'MS03', 'DC03', 'BB', 'A', 'DT01', 1, 63, 2015, 'July', 27, 3, 0, 2, 2, 0, 0, 0, 0, 'Transient', 0, 2, 'Canceled', '42173', 82.00),
('RES_680', 'HO_2', 'CUS_680', '17', '0', 'MS04', 'DC03', 'HB', 'A', 'DT01', 0, 103, 2015, 'July', 29, 18, 2, 1, 2, 0, 0, 0, 0, 'Transient-Party', 0, 0, 'Check-Out', '7/21/2015', 95.00),
('RES_681', 'HO_2', 'CUS_681', '17', '0', 'MS04', 'DC03', 'HB', 'A', 'DT01', 1, 103, 2015, 'July', 29, 18, 2, 1, 2, 0, 0, 0, 0, 'Transient-Party', 0, 0, 'Canceled', '7/16/2015', 95.00),
('RES_682', 'HO_2', 'CUS_682', '17', '0', 'MS04', 'DC03', 'HB', 'A', 'DT01', 1, 103, 2015, 'July', 29, 18, 2, 1, 2, 0, 0, 0, 0, 'Transient-Party', 0, 0, 'Canceled', '7/16/2015', 95.00),
('RES_683', 'HO_2', 'CUS_683', '17', '0', 'MS04', 'DC03', 'HB', 'A', 'DT01', 1, 103, 2015, 'July', 29, 18, 2, 1, 2, 0, 0, 0, 0, 'Transient-Party', 0, 0, 'Canceled', '7/16/2015', 95.00),
('RES_684', 'HO_2', 'CUS_684', '17', '0', 'MS04', 'DC03', 'HB', 'A', 'DT01', 1, 103, 2015, 'July', 29, 18, 2, 1, 2, 0, 0, 0, 0, 'Transient-Party', 0, 0, 'Canceled', '7/16/2015', 95.00),
('RES_685', 'HO_2', 'CUS_685', '17', '0', 'MS04', 'DC03', 'HB', 'A', 'DT01', 1, 103, 2015, 'July', 29, 18, 2, 1, 2, 0, 0, 0, 0, 'Transient-Party', 0, 0, 'Canceled', '7/16/2015', 95.00),
('RES_686', 'HO_2', 'CUS_686', '17', '0', 'MS04', 'DC03', 'HB', 'A', 'DT01', 0, 103, 2015, 'July', 29, 18, 2, 1, 2, 0, 0, 0, 0, 'Transient-Party', 0, 0, 'Check-Out', '7/21/2015', 95.00),
('RES_687', 'HO_2', 'CUS_687', '17', '0', 'MS04', 'DC03', 'HB', 'A', 'DT01', 0, 103, 2015, 'July', 29, 18, 2, 1, 2, 0, 0, 0, 0, 'Transient-Party', 0, 0, 'Check-Out', '7/21/2015', 95.00),
('RES_688', 'HO_2', 'CUS_688', '98', '0', 'MS04', 'DC03', 'BB', 'A', 'DT01', 0, 28, 2015, 'October', 44, 29, 0, 1, 1, 0, 0, 0, 0, 'Transient-Party', 0, 0, 'Check-Out', '10/30/2015', 130.00),
('RES_689', 'HO_2', 'CUS_689', '98', '0', 'MS04', 'DC03', 'BB', 'A', 'DT01', 0, 28, 2015, 'October', 44, 29, 0, 1, 1, 0, 0, 0, 0, 'Transient-Party', 0, 0, 'Check-Out', '10/30/2015', 130.00),
('RES_69', 'HO_1', 'CUS_69', '240', '0', 'MS03', 'DC03', 'BB', 'D', 'DT01', 1, 62, 2015, 'July', 27, 3, 0, 2, 2, 0, 0, 0, 0, 'Transient', 0, 1, 'Canceled', '42188', 97.00),
('RES_690', 'HO_2', 'CUS_690', '98', '0', 'MS04', 'DC03', 'BB', 'A', 'DT01', 0, 28, 2015, 'October', 44, 29, 0, 1, 1, 0, 0, 0, 0, 'Transient-Party', 0, 0, 'Check-Out', '10/30/2015', 130.00),
('RES_691', 'HO_2', 'CUS_691', '28', '0', 'MS04', 'DC03', 'BB', 'D', 'DT01', 0, 34, 2015, 'October', 44, 25, 2, 3, 2, 1, 0, 0, 0, 'Transient', 0, 1, 'Check-Out', '10/30/2015', 90.00),
('RES_692', 'HO_2', 'CUS_692', '7', '0', 'MS03', 'DC03', 'BB', 'B', 'DT01', 0, 296, 2015, 'October', 43, 24, 2, 4, 0, 2, 0, 0, 0, 'Transient-Party', 0, 0, 'Check-Out', '10/30/2015', 65.00),
('RES_693', 'HO_2', 'CUS_693', '7', '0', 'MS03', 'DC03', 'BB', 'B', 'DT01', 0, 296, 2015, 'October', 43, 24, 2, 4, 2, 0, 0, 0, 0, 'Transient-Party', 0, 0, 'Check-Out', '10/30/2015', 56.00),
('RES_694', 'HO_2', 'CUS_694', '98', '0', 'MS04', 'DC03', 'BB', 'A', 'DT01', 0, 28, 2015, 'October', 44, 29, 0, 1, 1, 0, 0, 0, 0, 'Transient-Party', 0, 0, 'Check-Out', '10/30/2015', 130.00),
('RES_695', 'HO_2', 'CUS_695', '98', '0', 'MS04', 'DC03', 'BB', 'A', 'DT01', 0, 28, 2015, 'October', 44, 29, 0, 1, 1, 0, 0, 0, 0, 'Transient-Party', 0, 0, 'Check-Out', '10/30/2015', 130.00),
('RES_696', 'HO_2', 'CUS_696', '111', '0', 'MS04', 'DC03', 'BB', 'A', 'DT01', 0, 9, 2015, 'October', 44, 30, 0, 1, 1, 0, 0, 0, 0, 'Transient-Party', 0, 0, 'Check-Out', '10/31/2015', 95.00),
('RES_697', 'HO_2', 'CUS_697', '98', '0', 'MS04', 'DC03', 'BB', 'A', 'DT01', 0, 28, 2015, 'October', 44, 29, 0, 1, 1, 0, 0, 0, 0, 'Transient-Party', 0, 0, 'Check-Out', '10/30/2015', 130.00),
('RES_698', 'HO_2', 'CUS_698', '111', '0', 'MS04', 'DC03', 'BB', 'A', 'DT01', 0, 9, 2015, 'October', 44, 30, 0, 1, 1, 0, 0, 0, 0, 'Transient-Party', 0, 0, 'Check-Out', '10/31/2015', 95.00),
('RES_699', 'HO_2', 'CUS_699', '98', '0', 'MS04', 'DC03', 'BB', 'A', 'DT01', 0, 28, 2015, 'October', 44, 29, 0, 1, 1, 0, 0, 0, 0, 'Transient-Party', 0, 0, 'Check-Out', '10/30/2015', 130.00),
('RES_7', 'HO_1', 'CUS_7', '240', '0', 'MS03', 'DC03', 'BB', 'A', 'DT01', 1, 85, 2015, 'July', 27, 1, 0, 3, 2, 0, 0, 0, 0, 'Transient', 0, 1, 'Canceled', '42130', 82.00),
('RES_70', 'HO_1', 'CUS_70', '240', '0', 'MS03', 'DC03', 'BB', 'A', 'DT01', 1, 101, 2015, 'July', 27, 3, 0, 2, 2, 0, 0, 0, 0, 'Transient', 0, 1, 'Canceled', '42167', 74.00),
('RES_700', 'HO_2', 'CUS_700', '28', '0', 'MS04', 'DC03', 'BB', 'D', 'DT01', 0, 29, 2015, 'October', 44, 27, 0, 3, 2, 0, 0, 0, 0, 'Group', 0, 0, 'Check-Out', '10/30/2015', 75.00),
('RES_701', 'HO_2', 'CUS_701', '9', '0', 'MS03', 'DC03', 'SC', 'A', 'DT01', 0, 11, 2015, 'October', 43, 23, 2, 5, 1, 0, 0, 1, 0, 'Contract', 0, 3, 'Check-Out', '10/30/2015', 117.00),
('RES_702', 'HO_2', 'CUS_702', '9', '0', 'MS03', 'DC03', 'BB', 'D', 'DT01', 0, 11, 2015, 'October', 43, 23, 2, 5, 1, 0, 0, 1, 0, 'Contract', 0, 3, 'Check-Out', '10/30/2015', 139.00),
('RES_703', 'HO_2', 'CUS_703', '98', '0', 'MS04', 'DC03', 'BB', 'A', 'DT01', 0, 28, 2015, 'October', 44, 29, 0, 1, 1, 0, 0, 0, 0, 'Transient-Party', 0, 0, 'Check-Out', '10/30/2015', 130.00),
('RES_704', 'HO_2', 'CUS_704', '9', '0', 'MS03', 'DC03', 'BB', 'A', 'DT01', 1, 61, 2015, 'December', 53, 30, 1, 4, 2, 0, 0, 1, 0, 'Transient', 0, 1, 'Canceled', '10/30/2015', 112.00),
('RES_705', 'HO_2', 'CUS_705', '8', '0', 'MS03', 'DC03', 'BB', 'A', 'DT01', 1, 32, 2015, 'October', 44, 30, 1, 2, 2, 0, 0, 0, 0, 'Transient', 0, 1, 'No-Show', '10/30/2015', 111.00),
('RES_706', 'HO_2', 'CUS_706', '37', '0', 'MS05', 'DC03', 'HB', 'A', 'DT01', 0, 6, 2015, 'October', 44, 28, 0, 3, 1, 0, 0, 1, 6, 'Transient-Party', 0, 0, 'Check-Out', '10/31/2015', 86.00),
('RES_707', 'HO_2', 'CUS_707', '15', '0', 'MS03', 'DC03', 'BB', 'A', 'DT01', 0, 41, 2015, 'October', 44, 27, 0, 4, 2, 0, 0, 0, 0, 'Transient', 0, 0, 'Check-Out', '10/31/2015', 75.00),
('RES_708', 'HO_2', 'CUS_708', '37', '0', 'MS05', 'DC03', 'HB', 'A', 'DT01', 0, 6, 2015, 'October', 44, 28, 0, 3, 2, 0, 0, 0, 6, 'Transient-Party', 0, 0, 'Check-Out', '10/31/2015', 107.00),
('RES_709', 'HO_2', 'CUS_709', '37', '0', 'MS05', 'DC03', 'HB', 'A', 'DT01', 0, 6, 2015, 'October', 44, 28, 0, 3, 2, 0, 0, 0, 6, 'Transient-Party', 0, 0, 'Check-Out', '10/31/2015', 107.00),
('RES_71', 'HO_1', 'CUS_71', '3', '0', 'MS04', 'DC03', 'HB', 'A', 'DT01', 0, 2, 2015, 'July', 27, 3, 0, 2, 2, 0, 0, 0, 0, 'Transient', 0, 0, 'Check-Out', '42190', 92.00),
('RES_710', 'HO_2', 'CUS_710', '37', '0', 'MS05', 'DC03', 'BB', 'A', 'DT01', 0, 6, 2015, 'October', 44, 28, 0, 3, 2, 0, 0, 1, 6, 'Transient-Party', 0, 0, 'Check-Out', '10/31/2015', 75.00),
('RES_711', 'HO_2', 'CUS_711', '37', '0', 'MS05', 'DC03', 'BB', 'A', 'DT01', 0, 6, 2015, 'October', 44, 28, 0, 3, 2, 0, 0, 1, 6, 'Transient-Party', 0, 0, 'Check-Out', '10/31/2015', 75.00),
('RES_712', 'HO_2', 'CUS_712', '37', '0', 'MS05', 'DC03', 'BB', 'A', 'DT01', 0, 6, 2015, 'October', 44, 28, 0, 3, 2, 0, 0, 1, 6, 'Transient-Party', 0, 0, 'Check-Out', '10/31/2015', 75.00),
('RES_713', 'HO_2', 'CUS_713', '37', '0', 'MS05', 'DC03', 'BB', 'A', 'DT01', 0, 6, 2015, 'October', 44, 28, 0, 3, 2, 0, 0, 1, 6, 'Transient-Party', 0, 0, 'Check-Out', '10/31/2015', 75.00),
('RES_714', 'HO_2', 'CUS_714', '37', '0', 'MS05', 'DC03', 'HB', 'A', 'DT01', 0, 6, 2015, 'October', 44, 28, 0, 3, 2, 0, 0, 0, 6, 'Transient-Party', 0, 0, 'Check-Out', '10/31/2015', 107.00),
('RES_715', 'HO_2', 'CUS_715', '37', '0', 'MS05', 'DC03', 'HB', 'A', 'DT01', 0, 6, 2015, 'October', 44, 28, 0, 3, 2, 0, 0, 0, 6, 'Transient-Party', 0, 0, 'Check-Out', '10/31/2015', 107.00),
('RES_716', 'HO_2', 'CUS_716', '37', '0', 'MS05', 'DC03', 'HB', 'A', 'DT01', 0, 1, 2015, 'October', 44, 28, 0, 3, 3, 0, 0, 2, 0, 'Transient-Party', 0, 0, 'Check-Out', '10/31/2015', 128.00),
('RES_717', 'HO_2', 'CUS_717', '37', '0', 'MS05', 'DC03', 'BB', 'A', 'DT01', 0, 14, 2015, 'October', 44, 28, 0, 3, 1, 0, 0, 1, 0, 'Transient-Party', 0, 0, 'Check-Out', '10/31/2015', 75.00),
('RES_718', 'HO_2', 'CUS_718', '63', '0', 'MS04', 'DC03', 'BB', 'A', 'DT01', 0, 28, 2015, 'October', 44, 29, 0, 2, 1, 0, 0, 0, 0, 'Transient-Party', 0, 0, 'Check-Out', '10/31/2015', 75.00),
('RES_719', 'HO_2', 'CUS_719', '9', '0', 'MS03', 'DC03', 'BB', 'A', 'DT01', 0, 32, 2015, 'October', 44, 26, 1, 4, 2, 0, 0, 0, 0, 'Contract', 0, 1, 'Check-Out', '10/31/2015', 113.00),
('RES_72', 'HO_1', 'CUS_72', '240', '0', 'MS03', 'DC03', 'BB', 'A', 'DT01', 0, 15, 2015, 'July', 27, 3, 0, 2, 2, 0, 0, 0, 0, 'Transient', 0, 0, 'Check-Out', '42190', 115.00),
('RES_720', 'HO_2', 'CUS_720', '28', '0', 'MS04', 'DC03', 'BB', 'D', 'DT01', 0, 40, 2015, 'October', 44, 28, 0, 3, 2, 0, 0, 0, 0, 'Transient', 0, 0, 'Check-Out', '10/31/2015', 75.00),
('RES_721', 'HO_2', 'CUS_721', '9', '0', 'MS03', 'DC03', 'BB', 'D', 'DT01', 0, 5, 2015, 'October', 44, 28, 0, 3, 2, 0, 0, 0, 0, 'Contract', 0, 1, 'Check-Out', '10/31/2015', 136.00),
('RES_722', 'HO_2', 'CUS_722', '111', '0', 'MS04', 'DC03', 'BB', 'A', 'DT01', 0, 17, 2015, 'October', 44, 30, 0, 1, 1, 0, 0, 0, 0, 'Transient-Party', 0, 0, 'Check-Out', '10/31/2015', 95.00),
('RES_723', 'HO_2', 'CUS_723', '111', '0', 'MS04', 'DC03', 'BB', 'A', 'DT01', 0, 17, 2015, 'October', 44, 30, 0, 1, 1, 0, 0, 0, 0, 'Transient-Party', 0, 0, 'Check-Out', '10/31/2015', 95.00),
('RES_724', 'HO_2', 'CUS_724', '111', '0', 'MS04', 'DC03', 'BB', 'A', 'DT01', 0, 9, 2015, 'October', 44, 30, 0, 1, 1, 0, 0, 0, 0, 'Transient-Party', 0, 0, 'Check-Out', '10/31/2015', 95.00),
('RES_725', 'HO_2', 'CUS_725', '27', '0', 'MS04', 'DC03', 'BB', 'D', 'DT01', 0, 32, 2015, 'October', 44, 26, 1, 4, 2, 0, 0, 0, 0, 'Transient', 0, 1, 'Check-Out', '10/31/2015', 68.00),
('RES_726', 'HO_2', 'CUS_726', '27', '0', 'MS04', 'DC03', 'BB', 'D', 'DT01', 0, 32, 2015, 'October', 44, 26, 1, 4, 2, 0, 0, 0, 0, 'Transient', 0, 1, 'Check-Out', '10/31/2015', 68.00),
('RES_727', 'HO_2', 'CUS_727', '28', '0', 'MS04', 'DC03', 'BB', 'D', 'DT01', 0, 40, 2015, 'October', 44, 28, 0, 3, 2, 0, 0, 0, 0, 'Transient', 0, 0, 'Check-Out', '10/31/2015', 75.00),
('RES_728', 'HO_2', 'CUS_728', '7', '0', 'MS03', 'DC03', 'SC', 'A', 'DT01', 0, 42, 2015, 'October', 44, 26, 1, 4, 1, 0, 0, 0, 0, 'Transient', 0, 1, 'Check-Out', '10/31/2015', 73.00),
('RES_729', 'HO_2', 'CUS_729', '14', '0', 'MS01', 'DC01', 'BB', 'B', 'DT01', 0, 28, 2015, 'October', 44, 26, 1, 4, 2, 0, 0, 0, 0, 'Transient', 0, 0, 'Check-Out', '10/31/2015', 99.00),
('RES_73', 'HO_1', 'CUS_73', '242', '0', 'MS03', 'DC03', 'BB', 'A', 'DT01', 1, 51, 2015, 'July', 27, 3, 0, 2, 3, 0, 0, 0, 0, 'Transient', 0, 0, 'Canceled', '42164', 110.00),
('RES_730', 'HO_2', 'CUS_730', '14', '0', 'MS01', 'DC01', 'BB', 'B', 'DT01', 0, 28, 2015, 'October', 44, 26, 1, 4, 2, 0, 0, 0, 0, 'Transient', 0, 0, 'Check-Out', '10/31/2015', 99.00),
('RES_731', 'HO_2', 'CUS_731', '111', '0', 'MS04', 'DC03', 'BB', 'A', 'DT01', 0, 7, 2015, 'October', 44, 30, 0, 1, 1, 0, 0, 0, 0, 'Transient-Party', 0, 0, 'Check-Out', '10/31/2015', 95.00),
('RES_732', 'HO_2', 'CUS_732', '83', '0', 'MS04', 'DC03', 'HB', 'B', 'DT01', 0, 34, 2015, 'October', 44, 26, 1, 4, 1, 1, 0, 1, 0, 'Transient', 0, 0, 'Check-Out', '10/31/2015', 103.00),
('RES_733', 'HO_2', 'CUS_733', '83', '0', 'MS04', 'DC03', 'HB', 'B', 'DT01', 0, 34, 2015, 'October', 44, 26, 1, 4, 2, 0, 0, 1, 0, 'Transient', 0, 0, 'Check-Out', '10/31/2015', 112.00),
('RES_734', 'HO_2', 'CUS_734', '111', '0', 'MS04', 'DC03', 'BB', 'A', 'DT01', 0, 17, 2015, 'October', 44, 30, 0, 1, 1, 0, 0, 0, 0, 'Transient-Party', 0, 0, 'Check-Out', '10/31/2015', 95.00),
('RES_735', 'HO_2', 'CUS_735', '63', '0', 'MS04', 'DC03', 'BB', 'A', 'DT01', 0, 0, 2015, 'October', 44, 30, 0, 1, 1, 0, 0, 1, 0, 'Transient', 0, 0, 'Check-Out', '10/31/2015', 85.00),
('RES_736', 'HO_2', 'CUS_736', '7', '0', 'MS03', 'DC03', 'SC', 'A', 'DT01', 0, 37, 2015, 'October', 43, 24, 2, 5, 1, 1, 0, 0, 0, 'Transient', 0, 0, 'Check-Out', '10/31/2015', 88.00),
('RES_737', 'HO_2', 'CUS_737', '37', '0', 'MS05', 'DC03', 'HB', 'A', 'DT01', 0, 6, 2015, 'October', 44, 28, 0, 3, 1, 0, 0, 1, 6, 'Transient-Party', 0, 0, 'Check-Out', '10/31/2015', 86.00),
('RES_738', 'HO_2', 'CUS_738', '6', '0', 'MS04', 'DC03', 'BB', 'A', 'DT01', 0, 5, 2015, 'October', 44, 28, 0, 4, 2, 0, 0, 0, 0, 'Transient', 0, 0, 'Check-Out', '11/1/2015', 70.00),
('RES_739', 'HO_2', 'CUS_739', '63', '0', 'MS04', 'DC03', 'BB', 'A', 'DT02', 0, 0, 2015, 'October', 44, 30, 0, 2, 1, 0, 0, 1, 0, 'Transient-Party', 0, 0, 'Check-Out', '11/1/2015', 85.00),
('RES_74', 'HO_1', 'CUS_74', '240', '0', 'MS03', 'DC03', 'BB', 'A', 'DT01', 0, 3, 2015, 'July', 27, 3, 1, 2, 2, 0, 0, 0, 0, 'Transient', 1, 0, 'Check-Out', '42191', 91.00),
('RES_740', 'HO_2', 'CUS_740', '9', '0', 'MS03', 'DC03', 'BB', 'F', 'DT01', 0, 5, 2015, 'October', 44, 31, 0, 1, 2, 2, 0, 0, 0, 'Transient', 0, 0, 'Check-Out', '11/1/2015', 177.00),
('RES_741', 'HO_2', 'CUS_741', '9', '0', 'MS03', 'DC03', 'BB', 'A', 'DT01', 0, 16, 2015, 'October', 44, 31, 0, 1, 2, 0, 0, 0, 0, 'Contract', 0, 1, 'Check-Out', '11/1/2015', 95.00);
INSERT INTO `reservation` (`reservation_id`, `hotel_id`, `customer_id`, `agent_id`, `company_id`, `market_segment_id`, `distribution_channel_id`, `meal_id`, `room_type_id`, `deposit_type_id`, `is_canceled`, `lead_time`, `arrival_date_year`, `arrival_date_month`, `arrival_date_week_number`, `arrival_date_day_of_month`, `stays_in_weekend_nights`, `stays_in_week_nights`, `adults`, `children`, `babies`, `booking_changes`, `days_in_waiting_list`, `customer_type`, `required_car_parking_spaces`, `total_of_special_requests`, `reservation_status`, `reservation_status_date`, `adr`) VALUES
('RES_742', 'HO_2', 'CUS_742', '7', '0', 'MS03', 'DC03', 'BB', 'A', 'DT01', 0, 34, 2015, 'October', 44, 29, 0, 3, 2, 0, 0, 0, 0, 'Transient', 0, 1, 'Check-Out', '11/1/2015', 87.00),
('RES_743', 'HO_2', 'CUS_743', '7', '0', 'MS03', 'DC03', 'BB', 'A', 'DT01', 0, 15, 2015, 'October', 44, 29, 0, 3, 2, 1, 0, 0, 0, 'Transient', 0, 2, 'Check-Out', '11/1/2015', 106.00),
('RES_744', 'HO_2', 'CUS_744', '9', '0', 'MS03', 'DC03', 'BB', 'A', 'DT01', 0, 43, 2015, 'October', 44, 29, 0, 3, 1, 0, 0, 0, 0, 'Contract', 0, 3, 'Check-Out', '11/1/2015', 91.00),
('RES_745', 'HO_2', 'CUS_745', '9', '0', 'MS03', 'DC03', 'BB', 'A', 'DT01', 0, 0, 2015, 'October', 44, 31, 0, 1, 2, 0, 0, 0, 0, 'Transient', 0, 1, 'Check-Out', '11/1/2015', 107.00),
('RES_746', 'HO_2', 'CUS_746', '9', '0', 'MS03', 'DC03', 'BB', 'A', 'DT01', 0, 43, 2015, 'October', 44, 29, 0, 3, 2, 0, 0, 0, 0, 'Contract', 0, 3, 'Check-Out', '11/1/2015', 96.00),
('RES_747', 'HO_2', 'CUS_747', '9', '0', 'MS03', 'DC03', 'BB', 'A', 'DT01', 0, 45, 2015, 'October', 44, 30, 0, 2, 2, 0, 0, 0, 0, 'Contract', 0, 2, 'Check-Out', '11/1/2015', 96.00),
('RES_748', 'HO_2', 'CUS_748', '9', '0', 'MS03', 'DC03', 'BB', 'A', 'DT01', 0, 44, 2015, 'October', 44, 31, 0, 1, 2, 1, 0, 0, 0, 'Contract', 0, 3, 'Check-Out', '11/1/2015', 114.00),
('RES_749', 'HO_2', 'CUS_749', '9', '0', 'MS03', 'DC03', 'BB', 'A', 'DT01', 0, 44, 2015, 'October', 44, 31, 0, 1, 2, 0, 1, 0, 0, 'Contract', 0, 3, 'Check-Out', '11/1/2015', 96.00),
('RES_75', 'HO_1', 'CUS_75', '240', '0', 'MS03', 'DC03', 'BB', 'E', 'DT01', 1, 48, 2015, 'July', 27, 3, 1, 2, 2, 0, 0, 0, 0, 'Transient', 0, 0, 'Canceled', '42150', 123.00),
('RES_750', 'HO_2', 'CUS_750', '9', '0', 'MS03', 'DC03', 'SC', 'A', 'DT01', 0, 8, 2015, 'October', 44, 28, 0, 4, 2, 0, 0, 1, 0, 'Contract', 0, 0, 'Check-Out', '11/1/2015', 109.00),
('RES_751', 'HO_2', 'CUS_751', '9', '0', 'MS03', 'DC03', 'SC', 'A', 'DT01', 0, 1, 2015, 'October', 44, 30, 0, 2, 2, 0, 0, 2, 0, 'Transient', 1, 0, 'Check-Out', '11/1/2015', 104.00),
('RES_752', 'HO_2', 'CUS_752', '9', '0', 'MS03', 'DC03', 'SC', 'A', 'DT01', 0, 2, 2016, 'December', 51, 17, 0, 1, 2, 0, 0, 0, 0, 'Group', 0, 1, 'Check-Out', '12/18/2016', 78.00),
('RES_753', 'HO_2', 'CUS_753', '14', '0', 'MS01', 'DC01', 'BB', 'A', 'DT01', 0, 32, 2015, 'October', 44, 30, 0, 2, 2, 1, 0, 0, 0, 'Transient', 0, 1, 'Check-Out', '11/1/2015', 118.00),
('RES_754', 'HO_2', 'CUS_754', '85', '0', 'MS04', 'DC03', 'BB', 'D', 'DT01', 0, 2, 2015, 'October', 44, 30, 0, 2, 2, 0, 0, 0, 0, 'Group', 0, 2, 'Check-Out', '11/1/2015', 72.00),
('RES_755', 'HO_2', 'CUS_755', '9', '0', 'MS03', 'DC03', 'SC', 'A', 'DT01', 0, 8, 2015, 'October', 44, 28, 0, 4, 2, 0, 0, 0, 0, 'Contract', 0, 0, 'Check-Out', '11/1/2015', 109.00),
('RES_756', 'HO_2', 'CUS_756', '28', '0', 'MS04', 'DC03', 'BB', 'D', 'DT01', 0, 37, 2015, 'October', 44, 28, 0, 4, 2, 1, 0, 0, 0, 'Transient', 0, 1, 'Check-Out', '11/1/2015', 75.00),
('RES_757', 'HO_2', 'CUS_757', '7', '0', 'MS03', 'DC03', 'BB', 'D', 'DT01', 0, 40, 2015, 'October', 44, 26, 1, 5, 2, 0, 0, 2, 0, 'Transient', 0, 1, 'Check-Out', '11/1/2015', 86.00),
('RES_758', 'HO_2', 'CUS_758', '28', '0', 'MS04', 'DC03', 'BB', 'D', 'DT01', 0, 36, 2015, 'October', 44, 29, 1, 3, 2, 0, 0, 0, 0, 'Transient', 0, 0, 'Check-Out', '11/2/2015', 71.00),
('RES_759', 'HO_2', 'CUS_759', '28', '0', 'MS04', 'DC03', 'BB', 'D', 'DT01', 0, 33, 2015, 'October', 44, 28, 1, 4, 2, 0, 0, 0, 0, 'Transient', 0, 0, 'Check-Out', '11/2/2015', 77.00),
('RES_76', 'HO_1', 'CUS_76', '240', '0', 'MS03', 'DC03', 'BB', 'A', 'DT01', 0, 2, 2015, 'July', 27, 3, 2, 2, 1, 0, 0, 0, 0, 'Transient', 0, 0, 'Check-Out', '42192', 122.00),
('RES_760', 'HO_2', 'CUS_760', '14', '0', 'MS01', 'DC01', 'BB', 'A', 'DT01', 0, 18, 2015, 'October', 44, 30, 1, 2, 2, 0, 0, 0, 0, 'Transient', 0, 0, 'Check-Out', '11/2/2015', 108.00),
('RES_761', 'HO_2', 'CUS_761', '28', '0', 'MS04', 'DC03', 'BB', 'D', 'DT01', 0, 37, 2015, 'October', 44, 29, 1, 3, 2, 0, 0, 0, 0, 'Transient', 0, 0, 'Check-Out', '11/2/2015', 71.00),
('RES_762', 'HO_2', 'CUS_762', '7', '0', 'MS03', 'DC03', 'BB', 'A', 'DT01', 0, 6, 2015, 'October', 44, 30, 1, 2, 2, 0, 0, 0, 0, 'Transient', 0, 1, 'Check-Out', '11/2/2015', 87.00),
('RES_763', 'HO_2', 'CUS_763', '9', '0', 'MS03', 'DC03', 'BB', 'A', 'DT01', 0, 42, 2015, 'October', 44, 26, 2, 5, 2, 0, 0, 0, 0, 'Contract', 0, 1, 'Check-Out', '11/2/2015', 98.00),
('RES_764', 'HO_2', 'CUS_764', '28', '0', 'MS04', 'DC03', 'BB', 'D', 'DT01', 0, 32, 2015, 'October', 44, 30, 1, 2, 2, 0, 0, 0, 0, 'Group', 0, 0, 'Check-Out', '11/2/2015', 70.00),
('RES_765', 'HO_2', 'CUS_765', '1', '0', 'MS05', 'DC03', 'BB', 'A', 'DT01', 0, 8, 2015, 'October', 44, 31, 1, 1, 2, 0, 0, 0, 0, 'Transient-Party', 0, 0, 'Check-Out', '11/2/2015', 62.00),
('RES_766', 'HO_2', 'CUS_766', '1', '0', 'MS05', 'DC03', 'BB', 'A', 'DT01', 0, 2, 2015, 'October', 44, 31, 1, 1, 1, 0, 0, 0, 0, 'Transient-Party', 0, 0, 'Check-Out', '11/2/2015', 60.00),
('RES_767', 'HO_2', 'CUS_767', '1', '0', 'MS05', 'DC03', 'BB', 'A', 'DT01', 0, 8, 2015, 'October', 44, 31, 1, 1, 2, 0, 0, 0, 0, 'Transient-Party', 0, 0, 'Check-Out', '11/2/2015', 62.00),
('RES_768', 'HO_2', 'CUS_768', '1', '0', 'MS05', 'DC03', 'BB', 'A', 'DT01', 0, 2, 2015, 'October', 44, 31, 1, 1, 2, 0, 0, 0, 0, 'Transient-Party', 0, 0, 'Check-Out', '11/2/2015', 62.00),
('RES_769', 'HO_2', 'CUS_769', '1', '0', 'MS05', 'DC03', 'BB', 'A', 'DT01', 0, 8, 2015, 'October', 44, 31, 1, 1, 2, 0, 0, 0, 0, 'Transient-Party', 0, 0, 'Check-Out', '11/2/2015', 62.00),
('RES_77', 'HO_1', 'CUS_77', '105', '0', 'MS04', 'DC03', 'BB', 'A', 'DT01', 0, 72, 2015, 'July', 27, 3, 2, 2, 2, 0, 0, 0, 0, 'Transient', 1, 0, 'Check-Out', '42192', 111.00),
('RES_770', 'HO_2', 'CUS_770', '1', '0', 'MS05', 'DC03', 'BB', 'A', 'DT01', 0, 8, 2015, 'October', 44, 31, 1, 1, 2, 0, 0, 0, 0, 'Transient-Party', 0, 0, 'Check-Out', '11/2/2015', 62.00),
('RES_771', 'HO_2', 'CUS_771', '28', '0', 'MS04', 'DC03', 'BB', 'D', 'DT01', 0, 35, 2015, 'October', 44, 30, 1, 2, 2, 0, 0, 0, 0, 'Group', 0, 0, 'Check-Out', '11/2/2015', 70.00),
('RES_772', 'HO_2', 'CUS_772', '0', '40', 'MS02', 'DC02', 'BB', 'A', 'DT01', 0, 24, 2015, 'November', 45, 1, 1, 0, 1, 0, 0, 0, 0, 'Transient', 0, 0, 'Check-Out', '11/2/2015', 65.00),
('RES_773', 'HO_2', 'CUS_773', '0', '40', 'MS02', 'DC02', 'BB', 'A', 'DT01', 0, 10, 2016, 'February', 6, 4, 0, 1, 1, 0, 0, 1, 0, 'Transient-Party', 0, 0, 'Check-Out', '2/5/2016', 66.00),
('RES_774', 'HO_2', 'CUS_774', '0', '40', 'MS02', 'DC02', 'BB', 'A', 'DT01', 0, 37, 2016, 'March', 12, 13, 1, 0, 1, 0, 0, 0, 0, 'Transient-Party', 1, 0, 'Check-Out', '3/14/2016', 67.00),
('RES_775', 'HO_2', 'CUS_775', '0', '40', 'MS02', 'DC02', 'BB', 'A', 'DT01', 0, 55, 2016, 'March', 14, 31, 0, 2, 1, 0, 0, 0, 0, 'Transient-Party', 1, 0, 'Check-Out', '4/2/2016', 67.00),
('RES_776', 'HO_2', 'CUS_776', '0', '40', 'MS02', 'DC02', 'BB', 'A', 'DT01', 1, 45, 2016, 'April', 16, 10, 1, 0, 1, 0, 0, 0, 0, 'Transient-Party', 0, 0, 'Canceled', '4/1/2016', 65.00),
('RES_777', 'HO_2', 'CUS_777', '0', '40', 'MS02', 'DC02', 'BB', 'A', 'DT01', 0, 37, 2016, 'May', 20, 8, 1, 0, 1, 0, 0, 0, 0, 'Transient-Party', 0, 0, 'Check-Out', '5/9/2016', 65.00),
('RES_778', 'HO_2', 'CUS_778', '0', '40', 'MS02', 'DC02', 'BB', 'A', 'DT01', 0, 51, 2016, 'May', 22, 22, 1, 0, 1, 0, 0, 0, 0, 'Transient-Party', 0, 0, 'Check-Out', '5/23/2016', 65.00),
('RES_779', 'HO_2', 'CUS_779', '0', '40', 'MS02', 'DC02', 'BB', 'A', 'DT01', 0, 75, 2016, 'June', 25, 15, 0, 1, 1, 0, 0, 0, 0, 'Transient-Party', 0, 0, 'Check-Out', '6/16/2016', 65.00),
('RES_78', 'HO_1', 'CUS_78', '5', '0', 'MS04', 'DC03', 'BB', 'D', 'DT01', 0, 81, 2015, 'July', 27, 3, 2, 6, 3, 0, 0, 0, 0, 'Transient', 0, 0, 'Check-Out', '42196', 86.00),
('RES_780', 'HO_2', 'CUS_780', '0', '40', 'MS02', 'DC02', 'BB', 'A', 'DT01', 0, 86, 2016, 'June', 27, 26, 1, 0, 1, 0, 0, 0, 0, 'Transient-Party', 0, 0, 'Check-Out', '6/27/2016', 65.00),
('RES_781', 'HO_2', 'CUS_781', '0', '40', 'MS02', 'DC02', 'BB', 'A', 'DT01', 0, 24, 2015, 'November', 45, 1, 1, 0, 1, 0, 0, 0, 0, 'Transient', 0, 0, 'Check-Out', '11/2/2015', 65.00),
('RES_782', 'HO_2', 'CUS_782', '83', '0', 'MS04', 'DC03', 'BB', 'D', 'DT01', 0, 14, 2015, 'October', 44, 30, 1, 2, 2, 0, 0, 0, 0, 'Transient', 0, 1, 'Check-Out', '11/2/2015', 99.00),
('RES_783', 'HO_2', 'CUS_783', '9', '0', 'MS03', 'DC03', 'BB', 'D', 'DT01', 0, 24, 2015, 'October', 44, 26, 2, 5, 2, 0, 0, 0, 0, 'Contract', 0, 2, 'Check-Out', '11/2/2015', 131.00),
('RES_784', 'HO_2', 'CUS_784', '0', '11', 'MS03', 'DC03', 'BB', 'A', 'DT01', 0, 0, 2015, 'November', 45, 1, 1, 0, 2, 1, 0, 2, 0, 'Transient', 0, 0, 'Check-Out', '11/2/2015', 90.00),
('RES_785', 'HO_2', 'CUS_785', '83', '0', 'MS04', 'DC03', 'BB', 'D', 'DT01', 0, 14, 2015, 'October', 44, 30, 1, 2, 1, 1, 0, 1, 0, 'Transient', 0, 1, 'Check-Out', '11/2/2015', 99.00),
('RES_786', 'HO_2', 'CUS_786', '83', '0', 'MS04', 'DC03', 'BB', 'D', 'DT01', 0, 14, 2015, 'October', 44, 30, 1, 2, 2, 0, 0, 0, 0, 'Transient', 0, 1, 'Check-Out', '11/2/2015', 99.00),
('RES_787', 'HO_2', 'CUS_787', '83', '0', 'MS04', 'DC03', 'BB', 'A', 'DT01', 0, 12, 2015, 'October', 44, 31, 1, 1, 1, 0, 0, 0, 0, 'Transient', 0, 2, 'Check-Out', '11/2/2015', 86.00),
('RES_788', 'HO_2', 'CUS_788', '83', '0', 'MS04', 'DC03', 'BB', 'D', 'DT01', 0, 14, 2015, 'October', 44, 30, 1, 2, 2, 0, 0, 0, 0, 'Transient', 0, 1, 'Check-Out', '11/2/2015', 99.00),
('RES_789', 'HO_2', 'CUS_789', '14', '0', 'MS01', 'DC01', 'BB', 'A', 'DT01', 0, 43, 2015, 'October', 44, 30, 1, 2, 2, 0, 0, 0, 0, 'Transient', 0, 3, 'Check-Out', '11/2/2015', 80.00),
('RES_79', 'HO_1', 'CUS_79', '40', '0', 'MS04', 'DC03', 'BB', 'A', 'DT01', 0, 99, 2015, 'July', 27, 3, 2, 7, 2, 0, 0, 0, 0, 'Contract', 0, 0, 'Check-Out', '42197', 59.00),
('RES_790', 'HO_2', 'CUS_790', '9', '0', 'MS03', 'DC03', 'SC', 'A', 'DT01', 0, 8, 2015, 'October', 44, 29, 1, 3, 2, 0, 0, 0, 0, 'Contract', 0, 0, 'Check-Out', '11/2/2015', 94.00),
('RES_791', 'HO_2', 'CUS_791', '9', '0', 'MS03', 'DC03', 'BB', 'D', 'DT01', 0, 44, 2015, 'October', 44, 29, 1, 3, 2, 0, 0, 0, 0, 'Contract', 0, 2, 'Check-Out', '11/2/2015', 105.00),
('RES_792', 'HO_2', 'CUS_792', '9', '0', 'MS03', 'DC03', 'BB', 'A', 'DT01', 1, 105, 2016, 'February', 7, 8, 1, 2, 2, 0, 0, 0, 0, 'Transient', 0, 0, 'Canceled', '11/2/2015', 90.00),
('RES_793', 'HO_2', 'CUS_793', '9', '0', 'MS03', 'DC03', 'BB', 'D', 'DT01', 1, 11, 2015, 'November', 45, 6, 0, 1, 2, 0, 0, 0, 0, 'Transient', 0, 1, 'Canceled', '11/2/2015', 126.00),
('RES_794', 'HO_2', 'CUS_794', '10', '0', 'MS03', 'DC03', 'BB', 'A', 'DT01', 0, 23, 2015, 'October', 44, 28, 1, 4, 2, 0, 0, 1, 0, 'Transient', 0, 0, 'Check-Out', '11/2/2015', 119.00),
('RES_795', 'HO_2', 'CUS_795', '28', '0', 'MS04', 'DC03', 'BB', 'D', 'DT01', 0, 39, 2015, 'October', 44, 30, 1, 2, 2, 0, 0, 0, 0, 'Transient', 0, 0, 'Check-Out', '11/2/2015', 60.00),
('RES_796', 'HO_2', 'CUS_796', '9', '0', 'MS03', 'DC03', 'BB', 'A', 'DT01', 1, 61, 2015, 'December', 53, 30, 2, 6, 2, 0, 0, 2, 0, 'Transient', 0, 0, 'Canceled', '11/2/2015', 100.00),
('RES_797', 'HO_2', 'CUS_797', '9', '0', 'MS03', 'DC03', 'BB', 'D', 'DT01', 1, 60, 2015, 'December', 53, 29, 2, 5, 2, 0, 0, 0, 0, 'Transient', 0, 0, 'Canceled', '11/2/2015', 110.00),
('RES_798', 'HO_2', 'CUS_798', '9', '0', 'MS03', 'DC03', 'BB', 'A', 'DT01', 1, 60, 2015, 'December', 53, 29, 2, 6, 2, 0, 0, 0, 0, 'Transient', 0, 0, 'Canceled', '11/2/2015', 100.00),
('RES_799', 'HO_2', 'CUS_799', '9', '0', 'MS03', 'DC03', 'BB', 'F', 'DT01', 0, 16, 2015, 'October', 44, 26, 2, 5, 2, 2, 0, 0, 0, 'Contract', 0, 3, 'Check-Out', '11/2/2015', 189.00),
('RES_8', 'HO_1', 'CUS_8', '15', '0', 'MS04', 'DC03', 'HB', 'D', 'DT01', 1, 75, 2015, 'July', 27, 1, 0, 3, 2, 0, 0, 0, 0, 'Transient', 0, 0, 'Canceled', '42116', 106.00),
('RES_80', 'HO_1', 'CUS_80', '40', '0', 'MS04', 'DC03', 'BB', 'A', 'DT01', 1, 368, 2015, 'July', 27, 3, 3, 7, 2, 0, 0, 0, 0, 'Contract', 0, 0, 'Canceled', '42143', 56.00),
('RES_800', 'HO_2', 'CUS_800', '9', '0', 'MS03', 'DC03', 'BB', 'A', 'DT01', 0, 9, 2015, 'October', 44, 31, 1, 1, 2, 0, 0, 0, 0, 'Contract', 0, 1, 'Check-Out', '11/2/2015', 87.00),
('RES_801', 'HO_2', 'CUS_801', '1', '0', 'MS05', 'DC03', 'BB', 'A', 'DT01', 0, 2, 2015, 'October', 44, 31, 1, 1, 2, 0, 0, 0, 0, 'Transient-Party', 0, 0, 'Check-Out', '11/2/2015', 62.00),
('RES_802', 'HO_2', 'CUS_802', '1', '0', 'MS05', 'DC03', 'BB', 'A', 'DT01', 0, 2, 2015, 'October', 44, 31, 1, 1, 1, 0, 0, 0, 0, 'Transient-Party', 0, 0, 'Check-Out', '11/2/2015', 60.00),
('RES_803', 'HO_2', 'CUS_803', '1', '0', 'MS05', 'DC03', 'BB', 'A', 'DT01', 0, 8, 2015, 'October', 44, 31, 1, 1, 2, 0, 0, 0, 0, 'Transient-Party', 0, 0, 'Check-Out', '11/2/2015', 62.00),
('RES_804', 'HO_2', 'CUS_804', '4', '0', 'MS04', 'DC03', 'BB', 'A', 'DT03', 1, 350, 2016, 'September', 40, 30, 1, 2, 2, 0, 0, 0, 17, 'Transient', 0, 0, 'Canceled', '11/2/2015', 90.00),
('RES_805', 'HO_2', 'CUS_805', '4', '0', 'MS04', 'DC03', 'BB', 'A', 'DT03', 1, 350, 2016, 'September', 40, 30, 1, 2, 2, 0, 0, 0, 17, 'Transient', 0, 0, 'Canceled', '11/2/2015', 90.00),
('RES_806', 'HO_2', 'CUS_806', '4', '0', 'MS04', 'DC03', 'BB', 'A', 'DT03', 1, 350, 2016, 'September', 40, 30, 1, 2, 2, 0, 0, 0, 17, 'Transient', 0, 0, 'Canceled', '11/2/2015', 90.00),
('RES_807', 'HO_2', 'CUS_807', '4', '0', 'MS04', 'DC03', 'BB', 'A', 'DT03', 1, 350, 2016, 'September', 40, 30, 1, 2, 2, 0, 0, 0, 17, 'Transient', 0, 0, 'Canceled', '11/2/2015', 90.00),
('RES_808', 'HO_2', 'CUS_808', '4', '0', 'MS04', 'DC03', 'BB', 'A', 'DT03', 1, 350, 2016, 'September', 40, 30, 1, 2, 2, 0, 0, 0, 17, 'Transient', 0, 0, 'Canceled', '11/2/2015', 90.00),
('RES_809', 'HO_2', 'CUS_809', '4', '0', 'MS04', 'DC03', 'BB', 'A', 'DT03', 1, 350, 2016, 'September', 40, 30, 1, 2, 2, 0, 0, 0, 17, 'Transient', 0, 0, 'Canceled', '11/2/2015', 90.00),
('RES_81', 'HO_1', 'CUS_81', '40', '0', 'MS04', 'DC03', 'BB', 'A', 'DT01', 0, 364, 2015, 'July', 27, 3, 3, 7, 2, 0, 0, 0, 0, 'Contract', 0, 0, 'Check-Out', '42198', 56.00),
('RES_810', 'HO_2', 'CUS_810', '4', '0', 'MS04', 'DC03', 'BB', 'A', 'DT03', 1, 350, 2016, 'September', 40, 30, 1, 2, 2, 0, 0, 0, 17, 'Transient', 0, 0, 'Canceled', '11/2/2015', 90.00),
('RES_811', 'HO_2', 'CUS_811', '4', '0', 'MS04', 'DC03', 'BB', 'A', 'DT03', 1, 350, 2016, 'September', 40, 30, 1, 2, 2, 0, 0, 0, 17, 'Transient', 0, 0, 'Canceled', '11/2/2015', 90.00),
('RES_812', 'HO_2', 'CUS_812', '9', '0', 'MS03', 'DC03', 'BB', 'D', 'DT01', 0, 0, 2015, 'October', 44, 30, 1, 2, 2, 0, 0, 0, 0, 'Transient', 0, 1, 'Check-Out', '11/2/2015', 126.00),
('RES_813', 'HO_2', 'CUS_813', '28', '0', 'MS04', 'DC03', 'BB', 'D', 'DT01', 0, 38, 2015, 'October', 44, 30, 2, 2, 2, 0, 0, 0, 0, 'Transient', 0, 0, 'Check-Out', '11/3/2015', 68.00),
('RES_814', 'HO_2', 'CUS_814', '28', '0', 'MS04', 'DC03', 'BB', 'D', 'DT01', 0, 32, 2015, 'October', 44, 30, 2, 2, 2, 0, 0, 0, 0, 'Group', 0, 0, 'Check-Out', '11/3/2015', 68.00),
('RES_815', 'HO_2', 'CUS_815', '0', '40', 'MS02', 'DC02', 'BB', 'A', 'DT01', 0, 3, 2015, 'November', 45, 2, 1, 0, 1, 0, 0, 0, 0, 'Transient', 0, 0, 'Check-Out', '11/3/2015', 65.00),
('RES_816', 'HO_2', 'CUS_816', '0', '40', 'MS02', 'DC02', 'BB', 'A', 'DT01', 0, 4, 2015, 'November', 47, 16, 1, 0, 1, 0, 0, 0, 0, 'Transient', 0, 0, 'Check-Out', '11/17/2015', 65.00),
('RES_817', 'HO_2', 'CUS_817', '0', '40', 'MS02', 'DC02', 'BB', 'A', 'DT01', 0, 0, 2016, 'April', 15, 4, 1, 0, 1, 0, 0, 0, 0, 'Transient', 0, 0, 'Check-Out', '4/5/2016', 65.00),
('RES_818', 'HO_2', 'CUS_818', '9', '0', 'MS03', 'DC03', 'BB', 'D', 'DT01', 0, 5, 2015, 'October', 44, 28, 2, 4, 2, 0, 0, 0, 0, 'Contract', 1, 0, 'Check-Out', '11/3/2015', 130.00),
('RES_819', 'HO_2', 'CUS_819', '14', '0', 'MS01', 'DC01', 'BB', 'A', 'DT01', 0, 17, 2015, 'November', 45, 2, 1, 0, 1, 0, 0, 0, 0, 'Transient', 0, 0, 'Check-Out', '11/3/2015', 90.00),
('RES_82', 'HO_1', 'CUS_82', '250', '0', 'MS01', 'DC01', 'HB', 'A', 'DT01', 1, 81, 2015, 'July', 27, 3, 3, 7, 2, 0, 0, 2, 0, 'Transient', 0, 1, 'Canceled', '42164', 124.00),
('RES_820', 'HO_2', 'CUS_820', '9', '0', 'MS03', 'DC03', 'BB', 'A', 'DT01', 0, 9, 2015, 'October', 44, 31, 2, 1, 2, 0, 0, 0, 0, 'Contract', 0, 1, 'Check-Out', '11/3/2015', 87.00),
('RES_821', 'HO_2', 'CUS_821', '9', '0', 'MS03', 'DC03', 'SC', 'A', 'DT01', 0, 32, 2015, 'November', 45, 2, 1, 0, 2, 0, 0, 0, 0, 'Contract', 0, 1, 'Check-Out', '11/3/2015', 86.00),
('RES_822', 'HO_2', 'CUS_822', '28', '0', 'MS04', 'DC03', 'BB', 'D', 'DT01', 0, 40, 2015, 'October', 44, 31, 2, 1, 2, 0, 0, 0, 0, 'Transient', 0, 0, 'Check-Out', '11/3/2015', 65.00),
('RES_823', 'HO_2', 'CUS_823', '28', '0', 'MS04', 'DC03', 'BB', 'D', 'DT01', 0, 43, 2015, 'October', 44, 31, 2, 1, 2, 0, 0, 0, 0, 'Transient', 0, 0, 'Check-Out', '11/3/2015', 65.00),
('RES_824', 'HO_2', 'CUS_824', '7', '0', 'MS03', 'DC03', 'BB', 'B', 'DT01', 0, 18, 2015, 'October', 44, 31, 2, 1, 2, 0, 0, 0, 0, 'Transient', 0, 1, 'Check-Out', '11/3/2015', 79.00),
('RES_825', 'HO_2', 'CUS_825', '7', '0', 'MS03', 'DC03', 'BB', 'B', 'DT01', 0, 18, 2015, 'October', 44, 31, 2, 1, 2, 0, 0, 0, 0, 'Transient', 0, 1, 'Check-Out', '11/3/2015', 79.00),
('RES_826', 'HO_2', 'CUS_826', '9', '0', 'MS03', 'DC03', 'BB', 'A', 'DT01', 1, 11, 2015, 'November', 45, 6, 2, 2, 2, 0, 0, 0, 0, 'Transient', 0, 1, 'Canceled', '11/3/2015', 91.00),
('RES_827', 'HO_2', 'CUS_827', '9', '0', 'MS03', 'DC03', 'BB', 'D', 'DT01', 1, 12, 2015, 'November', 46, 14, 0, 1, 2, 0, 0, 0, 0, 'Contract', 0, 1, 'Canceled', '11/3/2015', 107.00),
('RES_828', 'HO_2', 'CUS_828', '9', '0', 'MS03', 'DC03', 'BB', 'A', 'DT01', 0, 5, 2015, 'October', 44, 31, 2, 1, 2, 0, 0, 0, 0, 'Transient', 0, 0, 'Check-Out', '11/3/2015', 105.00),
('RES_829', 'HO_2', 'CUS_829', '9', '0', 'MS03', 'DC03', 'BB', 'D', 'DT01', 0, 15, 2015, 'October', 44, 31, 2, 1, 2, 0, 0, 0, 0, 'Transient', 0, 1, 'Check-Out', '11/3/2015', 117.00),
('RES_83', 'HO_1', 'CUS_83', '115', '0', 'MS04', 'DC03', 'HB', 'E', 'DT01', 0, 99, 2015, 'July', 27, 3, 3, 7, 2, 0, 0, 0, 0, 'Contract', 0, 0, 'Check-Out', '42198', 111.00),
('RES_830', 'HO_2', 'CUS_830', '0', '40', 'MS02', 'DC02', 'BB', 'A', 'DT01', 1, 7, 2015, 'November', 45, 5, 0, 1, 1, 0, 0, 0, 0, 'Transient', 0, 0, 'Canceled', '11/3/2015', 65.00),
('RES_831', 'HO_2', 'CUS_831', '0', '40', 'MS02', 'DC02', 'BB', 'A', 'DT01', 1, 7, 2015, 'November', 45, 5, 0, 1, 1, 0, 0, 0, 0, 'Transient', 0, 0, 'Canceled', '11/3/2015', 65.00),
('RES_832', 'HO_2', 'CUS_832', '9', '0', 'MS03', 'DC03', 'SC', 'A', 'DT01', 0, 9, 2015, 'November', 45, 1, 2, 1, 1, 0, 0, 0, 0, 'Contract', 0, 1, 'Check-Out', '11/4/2015', 75.00),
('RES_833', 'HO_2', 'CUS_833', '28', '0', 'MS04', 'DC03', 'BB', 'D', 'DT01', 0, 33, 2015, 'October', 44, 31, 2, 2, 2, 0, 1, 0, 0, 'Group', 0, 1, 'Check-Out', '11/4/2015', 64.00),
('RES_834', 'HO_2', 'CUS_834', '9', '0', 'MS03', 'DC03', 'BB', 'A', 'DT01', 0, 18, 2015, 'October', 44, 31, 2, 2, 2, 0, 0, 0, 0, 'Contract', 0, 1, 'Check-Out', '11/4/2015', 95.00),
('RES_835', 'HO_2', 'CUS_835', '9', '0', 'MS03', 'DC03', 'BB', 'A', 'DT01', 0, 0, 2015, 'November', 45, 3, 0, 1, 1, 0, 0, 0, 0, 'Contract', 0, 0, 'Check-Out', '11/4/2015', 101.00),
('RES_836', 'HO_2', 'CUS_836', '9', '0', 'MS03', 'DC03', 'BB', 'A', 'DT01', 0, 11, 2015, 'November', 45, 1, 2, 1, 2, 0, 0, 0, 0, 'Contract', 0, 1, 'Check-Out', '11/4/2015', 87.00),
('RES_837', 'HO_2', 'CUS_837', '9', '0', 'MS03', 'DC03', 'BB', 'A', 'DT01', 0, 0, 2015, 'November', 45, 2, 1, 1, 2, 0, 0, 1, 0, 'Contract', 0, 1, 'Check-Out', '11/4/2015', 104.00),
('RES_838', 'HO_2', 'CUS_838', '7', '0', 'MS03', 'DC03', 'BB', 'A', 'DT01', 0, 10, 2015, 'November', 45, 3, 0, 1, 2, 0, 0, 0, 0, 'Transient', 0, 1, 'Check-Out', '11/4/2015', 82.00),
('RES_839', 'HO_2', 'CUS_839', '28', '0', 'MS04', 'DC03', 'BB', 'D', 'DT01', 0, 37, 2015, 'November', 45, 1, 2, 1, 2, 0, 0, 0, 0, 'Transient', 0, 0, 'Check-Out', '11/4/2015', 60.00),
('RES_84', 'HO_1', 'CUS_84', '40', '0', 'MS04', 'DC03', 'HB', 'E', 'DT01', 0, 324, 2015, 'July', 27, 3, 4, 10, 2, 0, 0, 0, 0, 'Contract', 0, 0, 'Check-Out', '42202', 135.00),
('RES_840', 'HO_2', 'CUS_840', '9', '0', 'MS03', 'DC03', 'BB', 'A', 'DT01', 0, 10, 2015, 'October', 44, 31, 2, 2, 2, 0, 0, 0, 0, 'Contract', 0, 2, 'Check-Out', '11/4/2015', 77.00),
('RES_841', 'HO_2', 'CUS_841', '28', '0', 'MS04', 'DC03', 'BB', 'D', 'DT01', 0, 34, 2015, 'November', 45, 1, 2, 1, 2, 0, 0, 0, 0, 'Group', 0, 0, 'Check-Out', '11/4/2015', 60.00),
('RES_842', 'HO_2', 'CUS_842', '9', '0', 'MS03', 'DC03', 'BB', 'A', 'DT01', 0, 11, 2015, 'November', 45, 1, 2, 1, 2, 0, 0, 0, 0, 'Contract', 0, 1, 'Check-Out', '11/4/2015', 87.00),
('RES_843', 'HO_2', 'CUS_843', '7', '0', 'MS03', 'DC03', 'BB', 'A', 'DT01', 0, 3, 2015, 'November', 45, 2, 1, 1, 1, 0, 0, 0, 0, 'Transient', 0, 0, 'Check-Out', '11/4/2015', 78.00),
('RES_844', 'HO_2', 'CUS_844', '28', '0', 'MS04', 'DC03', 'BB', 'D', 'DT01', 0, 34, 2015, 'November', 45, 1, 2, 1, 2, 0, 0, 0, 0, 'Group', 0, 0, 'Check-Out', '11/4/2015', 60.00),
('RES_845', 'HO_2', 'CUS_845', '28', '0', 'MS04', 'DC03', 'BB', 'D', 'DT01', 0, 34, 2015, 'November', 45, 1, 2, 1, 2, 0, 0, 1, 0, 'Group', 0, 0, 'Check-Out', '11/4/2015', 60.00),
('RES_846', 'HO_2', 'CUS_846', '9', '0', 'MS03', 'DC03', 'BB', 'D', 'DT01', 0, 12, 2015, 'October', 44, 31, 2, 2, 2, 0, 0, 0, 0, 'Contract', 0, 1, 'Check-Out', '11/4/2015', 104.00),
('RES_847', 'HO_2', 'CUS_847', '9', '0', 'MS03', 'DC03', 'BB', 'A', 'DT01', 0, 11, 2015, 'November', 45, 3, 0, 1, 2, 0, 0, 0, 0, 'Contract', 1, 1, 'Check-Out', '11/4/2015', 96.00),
('RES_848', 'HO_2', 'CUS_848', '9', '0', 'MS03', 'DC03', 'BB', 'A', 'DT01', 0, 11, 2015, 'November', 45, 1, 2, 1, 2, 0, 0, 0, 0, 'Contract', 0, 1, 'Check-Out', '11/4/2015', 87.00),
('RES_849', 'HO_2', 'CUS_849', '9', '0', 'MS03', 'DC03', 'BB', 'D', 'DT01', 1, 21, 2015, 'November', 46, 13, 2, 2, 2, 0, 0, 0, 0, 'Contract', 0, 1, 'Canceled', '11/4/2015', 82.00),
('RES_85', 'HO_1', 'CUS_85', '241', '0', 'MS03', 'DC03', 'BB', 'F', 'DT01', 0, 69, 2015, 'July', 27, 3, 4, 10, 2, 0, 0, 1, 0, 'Transient', 0, 1, 'Check-Out', '42202', 92.00),
('RES_850', 'HO_2', 'CUS_850', '8', '0', 'MS03', 'DC03', 'BB', 'A', 'DT01', 1, 149, 2016, 'March', 13, 26, 2, 5, 2, 0, 0, 0, 0, 'Transient', 0, 0, 'Canceled', '11/4/2015', 92.00),
('RES_851', 'HO_2', 'CUS_851', '9', '0', 'MS03', 'DC03', 'BB', 'A', 'DT01', 1, 14, 2015, 'November', 45, 4, 0, 1, 2, 0, 0, 0, 0, 'Contract', 0, 1, 'Canceled', '11/4/2015', 87.00),
('RES_852', 'HO_2', 'CUS_852', '0', '91', 'MS02', 'DC01', 'BB', 'A', 'DT01', 0, 3, 2015, 'November', 45, 2, 1, 2, 1, 0, 0, 0, 0, 'Transient', 0, 1, 'Check-Out', '11/5/2015', 79.00),
('RES_853', 'HO_2', 'CUS_853', '0', '91', 'MS02', 'DC01', 'BB', 'A', 'DT01', 0, 9, 2015, 'November', 46, 11, 0, 2, 1, 0, 0, 0, 0, 'Transient', 0, 1, 'Check-Out', '11/13/2015', 79.00),
('RES_854', 'HO_2', 'CUS_854', '0', '91', 'MS02', 'DC01', 'BB', 'A', 'DT01', 0, 7, 2016, 'July', 31, 25, 1, 0, 1, 0, 0, 0, 0, 'Transient', 0, 1, 'Check-Out', '7/26/2016', 84.00),
('RES_855', 'HO_2', 'CUS_855', '0', '91', 'MS01', 'DC01', 'BB', 'D', 'DT01', 0, 5, 2016, 'November', 45, 2, 0, 2, 1, 0, 0, 0, 0, 'Transient', 0, 1, 'Check-Out', '11/4/2016', 94.00),
('RES_856', 'HO_2', 'CUS_856', '0', '91', 'MS01', 'DC01', 'BB', 'D', 'DT01', 0, 17, 2016, 'November', 49, 28, 1, 1, 1, 0, 0, 0, 0, 'Transient', 0, 2, 'Check-Out', '11/30/2016', 94.00),
('RES_857', 'HO_2', 'CUS_857', '0', '91', 'MS01', 'DC01', 'BB', 'A', 'DT01', 0, 8, 2017, 'February', 8, 21, 0, 1, 1, 0, 0, 0, 0, 'Transient', 0, 2, 'Check-Out', '2/22/2017', 80.00),
('RES_858', 'HO_2', 'CUS_858', '9', '0', 'MS03', 'DC03', 'BB', 'A', 'DT01', 0, 7, 2015, 'November', 45, 3, 0, 2, 1, 0, 0, 1, 0, 'Transient', 0, 1, 'Check-Out', '11/5/2015', 89.00),
('RES_859', 'HO_2', 'CUS_859', '9', '0', 'MS03', 'DC03', 'BB', 'D', 'DT01', 0, 5, 2015, 'November', 45, 2, 1, 2, 1, 0, 0, 1, 0, 'Transient', 0, 1, 'Check-Out', '11/5/2015', 105.00),
('RES_86', 'HO_1', 'CUS_86', '242', '0', 'MS04', 'DC03', 'BB', 'A', 'DT01', 1, 79, 2015, 'July', 27, 3, 6, 15, 2, 1, 0, 0, 0, 'Transient', 0, 2, 'Canceled', '42109', 109.00),
('RES_860', 'HO_2', 'CUS_860', '9', '0', 'MS03', 'DC03', 'BB', 'A', 'DT01', 0, 4, 2015, 'November', 45, 2, 1, 2, 1, 0, 0, 1, 0, 'Transient', 0, 0, 'Check-Out', '11/5/2015', 117.00),
('RES_861', 'HO_2', 'CUS_861', '9', '0', 'MS03', 'DC03', 'BB', 'D', 'DT01', 0, 6, 2015, 'November', 45, 3, 0, 2, 2, 0, 0, 0, 0, 'Transient', 0, 0, 'Check-Out', '11/5/2015', 105.00),
('RES_862', 'HO_2', 'CUS_862', '9', '0', 'MS03', 'DC03', 'BB', 'A', 'DT01', 0, 8, 2015, 'November', 45, 4, 0, 1, 2, 0, 0, 0, 0, 'Transient', 0, 0, 'Check-Out', '11/5/2015', 83.00),
('RES_863', 'HO_2', 'CUS_863', '9', '0', 'MS03', 'DC03', 'BB', 'A', 'DT01', 0, 8, 2015, 'November', 45, 4, 0, 1, 2, 0, 0, 0, 0, 'Transient', 0, 0, 'Check-Out', '11/5/2015', 83.00),
('RES_864', 'HO_2', 'CUS_864', '85', '0', 'MS04', 'DC03', 'BB', 'D', 'DT01', 0, 21, 2015, 'November', 45, 4, 0, 1, 1, 0, 0, 1, 0, 'Transient', 0, 0, 'Check-Out', '11/5/2015', 92.00),
('RES_865', 'HO_2', 'CUS_865', '14', '0', 'MS01', 'DC01', 'BB', 'A', 'DT01', 0, 14, 2015, 'November', 45, 4, 0, 1, 1, 0, 0, 0, 0, 'Transient', 0, 0, 'Check-Out', '11/5/2015', 70.00),
('RES_866', 'HO_2', 'CUS_866', '85', '0', 'MS04', 'DC03', 'BB', 'A', 'DT01', 0, 22, 2015, 'November', 45, 3, 0, 2, 2, 0, 0, 0, 0, 'Transient', 0, 1, 'Check-Out', '11/5/2015', 75.00),
('RES_867', 'HO_2', 'CUS_867', '85', '0', 'MS04', 'DC03', 'BB', 'A', 'DT01', 0, 22, 2015, 'November', 45, 3, 0, 2, 2, 0, 0, 0, 0, 'Transient', 0, 1, 'Check-Out', '11/5/2015', 75.00),
('RES_868', 'HO_2', 'CUS_868', '9', '0', 'MS03', 'DC03', 'BB', 'A', 'DT01', 0, 6, 2015, 'November', 45, 4, 0, 1, 2, 0, 0, 2, 0, 'Transient', 0, 0, 'Check-Out', '11/5/2015', 89.00),
('RES_869', 'HO_2', 'CUS_869', '9', '0', 'MS03', 'DC03', 'BB', 'A', 'DT01', 1, 67, 2015, 'December', 52, 25, 3, 7, 2, 0, 0, 0, 0, 'Contract', 0, 1, 'Canceled', '11/5/2015', 101.00),
('RES_87', 'HO_1', 'CUS_87', '240', '0', 'MS03', 'DC03', 'BB', 'A', 'DT01', 0, 12, 2015, 'July', 27, 3, 0, 1, 2, 0, 0, 0, 0, 'Transient', 0, 0, 'Check-Out', '42189', 74.00),
('RES_870', 'HO_2', 'CUS_870', '9', '0', 'MS03', 'DC03', 'BB', 'D', 'DT01', 0, 5, 2015, 'November', 45, 4, 0, 1, 2, 0, 0, 0, 0, 'Transient', 0, 0, 'Check-Out', '11/5/2015', 117.00),
('RES_871', 'HO_2', 'CUS_871', '9', '0', 'MS03', 'DC03', 'SC', 'A', 'DT01', 0, 2, 2015, 'November', 45, 4, 0, 1, 2, 0, 0, 0, 0, 'Contract', 0, 1, 'Check-Out', '11/5/2015', 95.00),
('RES_872', 'HO_2', 'CUS_872', '14', '0', 'MS01', 'DC01', 'BB', 'B', 'DT01', 1, 70, 2015, 'November', 48, 25, 0, 3, 2, 0, 0, 0, 0, 'Transient', 0, 0, 'Canceled', '11/5/2015', 62.00),
('RES_873', 'HO_2', 'CUS_873', '14', '0', 'MS01', 'DC01', 'BB', 'B', 'DT01', 1, 70, 2015, 'November', 48, 25, 0, 3, 2, 0, 0, 0, 0, 'Transient', 0, 0, 'Canceled', '11/5/2015', 62.00),
('RES_874', 'HO_2', 'CUS_874', '28', '0', 'MS04', 'DC03', 'BB', 'D', 'DT01', 0, 46, 2015, 'November', 45, 3, 0, 2, 2, 0, 0, 0, 0, 'Transient', 0, 0, 'Check-Out', '11/5/2015', 60.00),
('RES_875', 'HO_2', 'CUS_875', '9', '0', 'MS03', 'DC03', 'BB', 'D', 'DT01', 0, 5, 2015, 'November', 45, 1, 2, 2, 2, 0, 0, 1, 0, 'Transient', 0, 0, 'Check-Out', '11/5/2015', 105.00),
('RES_876', 'HO_2', 'CUS_876', '9', '0', 'MS03', 'DC03', 'BB', 'D', 'DT01', 0, 5, 2015, 'November', 45, 1, 2, 2, 2, 0, 0, 1, 0, 'Transient', 0, 0, 'Check-Out', '11/5/2015', 105.00),
('RES_877', 'HO_2', 'CUS_877', '14', '0', 'MS01', 'DC01', 'BB', 'A', 'DT01', 1, 5, 2015, 'November', 46, 8, 2, 0, 1, 0, 0, 0, 0, 'Transient', 0, 1, 'Canceled', '11/5/2015', 84.00),
('RES_878', 'HO_2', 'CUS_878', '14', '0', 'MS01', 'DC01', 'BB', 'A', 'DT01', 1, 5, 2015, 'November', 46, 8, 2, 0, 1, 0, 0, 0, 0, 'Transient', 0, 1, 'Canceled', '11/5/2015', 84.00),
('RES_879', 'HO_2', 'CUS_879', '14', '0', 'MS01', 'DC01', 'BB', 'A', 'DT01', 1, 5, 2015, 'November', 46, 8, 2, 0, 1, 0, 0, 0, 0, 'Transient', 0, 1, 'Canceled', '11/5/2015', 84.00),
('RES_88', 'HO_1', 'CUS_88', '240', '0', 'MS03', 'DC03', 'BB', 'A', 'DT01', 0, 9, 2015, 'July', 27, 3, 0, 1, 2, 0, 0, 0, 0, 'Transient', 1, 2, 'Check-Out', '42189', 98.00),
('RES_880', 'HO_2', 'CUS_880', '28', '0', 'MS04', 'DC03', 'BB', 'D', 'DT01', 0, 41, 2015, 'November', 45, 1, 2, 2, 2, 0, 0, 0, 0, 'Transient', 0, 0, 'Check-Out', '11/5/2015', 60.00),
('RES_881', 'HO_2', 'CUS_881', '3', '0', 'MS04', 'DC03', 'BB', 'A', 'DT01', 1, 55, 2015, 'December', 53, 30, 0, 3, 2, 0, 0, 0, 0, 'Transient-Party', 0, 0, 'Canceled', '11/5/2015', 70.00),
('RES_882', 'HO_2', 'CUS_882', '9', '0', 'MS03', 'DC03', 'BB', 'D', 'DT01', 0, 19, 2015, 'October', 44, 29, 2, 5, 2, 0, 0, 0, 0, 'Contract', 0, 1, 'Check-Out', '11/5/2015', 115.00),
('RES_883', 'HO_2', 'CUS_883', '0', '40', 'MS02', 'DC02', 'BB', 'A', 'DT01', 1, 23, 2015, 'November', 45, 5, 0, 1, 1, 0, 0, 0, 0, 'Transient', 0, 0, 'Canceled', '11/5/2015', 65.00),
('RES_884', 'HO_2', 'CUS_884', '28', '0', 'MS04', 'DC03', 'BB', 'D', 'DT01', 0, 35, 2015, 'November', 45, 2, 1, 3, 2, 0, 0, 1, 0, 'Group', 0, 0, 'Check-Out', '11/6/2015', 60.00),
('RES_885', 'HO_2', 'CUS_885', '7', '0', 'MS03', 'DC03', 'BB', 'D', 'DT01', 0, 2, 2015, 'November', 45, 1, 2, 3, 1, 0, 0, 0, 0, 'Transient', 0, 0, 'Check-Out', '11/6/2015', 90.00),
('RES_886', 'HO_2', 'CUS_886', '28', '0', 'MS04', 'DC03', 'BB', 'D', 'DT01', 0, 41, 2015, 'November', 45, 1, 2, 3, 2, 0, 0, 0, 0, 'Transient', 0, 1, 'Check-Out', '11/6/2015', 60.00),
('RES_887', 'HO_2', 'CUS_887', '28', '0', 'MS04', 'DC03', 'BB', 'D', 'DT01', 0, 34, 2015, 'November', 45, 1, 2, 3, 2, 0, 0, 0, 0, 'Group', 0, 0, 'Check-Out', '11/6/2015', 60.00),
('RES_888', 'HO_2', 'CUS_888', '6', '0', 'MS04', 'DC03', 'BB', 'A', 'DT01', 0, 0, 2015, 'October', 44, 30, 2, 5, 1, 0, 0, 0, 0, 'Group', 0, 0, 'Check-Out', '11/6/2015', 62.00),
('RES_889', 'HO_2', 'CUS_889', '9', '0', 'MS03', 'DC03', 'BB', 'D', 'DT01', 0, 51, 2015, 'November', 45, 4, 0, 2, 2, 0, 0, 0, 0, 'Contract', 0, 1, 'Check-Out', '11/6/2015', 103.00),
('RES_89', 'HO_1', 'CUS_89', '240', '0', 'MS03', 'DC03', 'BB', 'A', 'DT01', 0, 1, 2015, 'July', 27, 3, 0, 1, 2, 0, 0, 0, 0, 'Transient', 0, 1, 'Check-Out', '42189', 131.00),
('RES_890', 'HO_2', 'CUS_890', '28', '0', 'MS04', 'DC03', 'BB', 'D', 'DT01', 0, 40, 2015, 'November', 45, 1, 2, 3, 2, 0, 1, 0, 0, 'Transient', 0, 1, 'Check-Out', '11/6/2015', 60.00),
('RES_891', 'HO_2', 'CUS_891', '9', '0', 'MS03', 'DC03', 'BB', 'A', 'DT01', 0, 7, 2015, 'November', 45, 2, 1, 3, 2, 0, 0, 0, 0, 'Transient', 0, 1, 'Check-Out', '11/6/2015', 95.00),
('RES_892', 'HO_2', 'CUS_892', '7', '0', 'MS03', 'DC03', 'BB', 'A', 'DT01', 0, 28, 2015, 'November', 45, 3, 0, 3, 1, 0, 0, 0, 0, 'Transient', 0, 1, 'Check-Out', '11/6/2015', 75.00),
('RES_893', 'HO_2', 'CUS_893', '9', '0', 'MS03', 'DC03', 'BB', 'D', 'DT01', 0, 14, 2015, 'November', 45, 2, 1, 3, 2, 0, 0, 0, 0, 'Contract', 1, 1, 'Check-Out', '11/6/2015', 108.00),
('RES_894', 'HO_2', 'CUS_894', '9', '0', 'MS03', 'DC03', 'BB', 'A', 'DT01', 0, 40, 2015, 'November', 45, 4, 0, 2, 1, 0, 0, 0, 0, 'Contract', 0, 3, 'Check-Out', '11/6/2015', 101.00),
('RES_895', 'HO_2', 'CUS_895', '9', '0', 'MS03', 'DC03', 'BB', 'A', 'DT01', 0, 40, 2015, 'November', 45, 4, 0, 2, 1, 0, 0, 0, 0, 'Contract', 0, 3, 'Check-Out', '11/6/2015', 101.00),
('RES_896', 'HO_2', 'CUS_896', '9', '0', 'MS03', 'DC03', 'BB', 'A', 'DT01', 0, 3, 2015, 'November', 45, 5, 0, 1, 2, 0, 0, 0, 0, 'Contract', 0, 1, 'Check-Out', '11/6/2015', 107.00),
('RES_897', 'HO_2', 'CUS_897', '9', '0', 'MS03', 'DC03', 'BB', 'B', 'DT01', 0, 26, 2015, 'November', 45, 1, 2, 3, 2, 0, 0, 1, 0, 'Contract', 0, 0, 'Check-Out', '11/6/2015', 85.00),
('RES_898', 'HO_2', 'CUS_898', '9', '0', 'MS03', 'DC03', 'BB', 'D', 'DT01', 1, 54, 2015, 'December', 53, 30, 1, 4, 2, 0, 0, 0, 0, 'Contract', 0, 1, 'Canceled', '11/6/2015', 117.00),
('RES_899', 'HO_2', 'CUS_899', '27', '0', 'MS04', 'DC03', 'BB', 'D', 'DT01', 0, 21, 2015, 'November', 45, 3, 0, 3, 2, 0, 0, 0, 0, 'Transient', 0, 0, 'Check-Out', '11/6/2015', 47.00),
('RES_9', 'HO_1', 'CUS_9', '240', '0', 'MS03', 'DC03', 'BB', 'E', 'DT01', 1, 23, 2015, 'July', 27, 1, 0, 4, 2, 0, 0, 0, 0, 'Transient', 0, 0, 'Canceled', '42178', 123.00),
('RES_90', 'HO_1', 'CUS_90', '240', '0', 'MS03', 'DC03', 'BB', 'E', 'DT01', 0, 21, 2015, 'July', 27, 3, 0, 1, 2, 0, 0, 0, 0, 'Transient', 0, 0, 'Check-Out', '42189', 123.00),
('RES_900', 'HO_2', 'CUS_900', '16', '0', 'MS04', 'DC03', 'BB', 'A', 'DT01', 0, 38, 2015, 'October', 44, 31, 2, 4, 2, 1, 0, 0, 0, 'Transient', 0, 1, 'Check-Out', '11/6/2015', 65.00),
('RES_901', 'HO_2', 'CUS_901', '19', '0', 'MS04', 'DC03', 'BB', 'A', 'DT03', 1, 34, 2015, 'December', 50, 8, 0, 2, 1, 0, 0, 0, 0, 'Transient', 0, 0, 'Canceled', '11/6/2015', 90.00),
('RES_902', 'HO_2', 'CUS_902', '19', '0', 'MS04', 'DC03', 'BB', 'A', 'DT03', 1, 34, 2015, 'December', 50, 8, 0, 2, 1, 0, 0, 0, 0, 'Transient', 0, 0, 'Canceled', '11/6/2015', 90.00),
('RES_903', 'HO_2', 'CUS_903', '19', '0', 'MS04', 'DC03', 'BB', 'A', 'DT03', 1, 34, 2015, 'December', 50, 8, 0, 2, 1, 0, 0, 0, 0, 'Transient', 0, 0, 'Canceled', '11/6/2015', 90.00),
('RES_904', 'HO_2', 'CUS_904', '19', '0', 'MS04', 'DC03', 'BB', 'A', 'DT03', 1, 34, 2015, 'December', 50, 8, 0, 2, 1, 0, 0, 0, 0, 'Transient', 0, 0, 'Canceled', '11/6/2015', 90.00),
('RES_905', 'HO_2', 'CUS_905', '19', '0', 'MS04', 'DC03', 'BB', 'A', 'DT03', 1, 34, 2015, 'December', 50, 8, 0, 2, 1, 0, 0, 0, 0, 'Transient', 0, 0, 'Canceled', '11/6/2015', 90.00),
('RES_906', 'HO_2', 'CUS_906', '19', '0', 'MS04', 'DC03', 'BB', 'A', 'DT03', 1, 34, 2015, 'December', 50, 8, 0, 2, 1, 0, 0, 0, 0, 'Transient', 0, 0, 'Canceled', '11/6/2015', 90.00),
('RES_907', 'HO_2', 'CUS_907', '19', '0', 'MS04', 'DC03', 'BB', 'A', 'DT03', 1, 34, 2015, 'December', 50, 8, 0, 2, 1, 0, 0, 0, 0, 'Transient', 0, 0, 'Canceled', '11/6/2015', 90.00),
('RES_908', 'HO_2', 'CUS_908', '19', '0', 'MS04', 'DC03', 'BB', 'A', 'DT03', 1, 34, 2015, 'December', 50, 8, 0, 2, 1, 0, 0, 0, 0, 'Transient', 0, 0, 'Canceled', '11/6/2015', 90.00),
('RES_909', 'HO_2', 'CUS_909', '19', '0', 'MS04', 'DC03', 'BB', 'A', 'DT03', 1, 34, 2015, 'December', 50, 8, 0, 2, 1, 0, 0, 0, 0, 'Transient', 0, 0, 'Canceled', '11/6/2015', 90.00),
('RES_91', 'HO_1', 'CUS_91', '241', '0', 'MS03', 'DC03', 'BB', 'C', 'DT01', 0, 9, 2015, 'July', 27, 3, 0, 1, 2, 0, 0, 0, 0, 'Transient', 0, 0, 'Check-Out', '42189', 95.00),
('RES_910', 'HO_2', 'CUS_910', '19', '0', 'MS04', 'DC03', 'BB', 'A', 'DT03', 1, 34, 2015, 'December', 50, 8, 0, 2, 1, 0, 0, 0, 0, 'Transient', 0, 0, 'Canceled', '11/6/2015', 90.00),
('RES_911', 'HO_2', 'CUS_911', '19', '0', 'MS04', 'DC03', 'BB', 'A', 'DT03', 1, 34, 2015, 'December', 50, 8, 0, 2, 1, 0, 0, 0, 0, 'Transient', 0, 0, 'Canceled', '11/6/2015', 90.00),
('RES_912', 'HO_2', 'CUS_912', '19', '0', 'MS04', 'DC03', 'BB', 'A', 'DT03', 1, 34, 2015, 'December', 50, 8, 0, 2, 1, 0, 0, 0, 0, 'Transient', 0, 0, 'Canceled', '11/6/2015', 90.00),
('RES_913', 'HO_2', 'CUS_913', '19', '0', 'MS04', 'DC03', 'BB', 'A', 'DT03', 1, 34, 2015, 'December', 50, 8, 0, 2, 1, 0, 0, 0, 0, 'Transient', 0, 0, 'Canceled', '11/6/2015', 90.00),
('RES_914', 'HO_2', 'CUS_914', '19', '0', 'MS04', 'DC03', 'BB', 'A', 'DT03', 1, 34, 2015, 'December', 50, 8, 0, 2, 1, 0, 0, 0, 0, 'Transient', 0, 0, 'Canceled', '11/6/2015', 90.00),
('RES_915', 'HO_2', 'CUS_915', '19', '0', 'MS04', 'DC03', 'BB', 'A', 'DT03', 1, 34, 2015, 'December', 50, 8, 0, 2, 1, 0, 0, 0, 0, 'Transient', 0, 0, 'Canceled', '11/6/2015', 90.00),
('RES_916', 'HO_2', 'CUS_916', '19', '0', 'MS04', 'DC03', 'BB', 'A', 'DT03', 1, 34, 2015, 'December', 50, 8, 0, 2, 1, 0, 0, 0, 0, 'Transient', 0, 0, 'Canceled', '11/6/2015', 90.00),
('RES_917', 'HO_2', 'CUS_917', '19', '0', 'MS04', 'DC03', 'BB', 'A', 'DT03', 1, 34, 2015, 'December', 50, 8, 0, 2, 1, 0, 0, 0, 0, 'Transient', 0, 0, 'Canceled', '11/6/2015', 90.00),
('RES_918', 'HO_2', 'CUS_918', '19', '0', 'MS04', 'DC03', 'BB', 'A', 'DT03', 1, 34, 2015, 'December', 50, 8, 0, 2, 1, 0, 0, 0, 0, 'Transient', 0, 0, 'Canceled', '11/6/2015', 90.00),
('RES_919', 'HO_2', 'CUS_919', '19', '0', 'MS04', 'DC03', 'BB', 'A', 'DT03', 1, 34, 2015, 'December', 50, 8, 0, 2, 1, 0, 0, 0, 0, 'Transient', 0, 0, 'Canceled', '11/6/2015', 90.00),
('RES_92', 'HO_1', 'CUS_92', '240', '0', 'MS03', 'DC03', 'BB', 'A', 'DT01', 0, 109, 2015, 'July', 27, 3, 0, 1, 2, 0, 0, 0, 0, 'Transient', 0, 2, 'Check-Out', '42189', 123.00),
('RES_920', 'HO_2', 'CUS_920', '19', '0', 'MS04', 'DC03', 'BB', 'A', 'DT03', 1, 34, 2015, 'December', 50, 8, 0, 2, 1, 0, 0, 0, 0, 'Transient', 0, 0, 'Canceled', '11/6/2015', 90.00),
('RES_921', 'HO_2', 'CUS_921', '19', '0', 'MS04', 'DC03', 'BB', 'A', 'DT03', 1, 34, 2015, 'December', 50, 8, 0, 2, 1, 0, 0, 0, 0, 'Transient', 0, 0, 'Canceled', '11/6/2015', 90.00),
('RES_922', 'HO_2', 'CUS_922', '19', '0', 'MS04', 'DC03', 'BB', 'A', 'DT03', 1, 34, 2015, 'December', 50, 8, 0, 2, 1, 0, 0, 0, 0, 'Transient', 0, 0, 'Canceled', '11/6/2015', 90.00),
('RES_923', 'HO_2', 'CUS_923', '19', '0', 'MS04', 'DC03', 'BB', 'A', 'DT03', 1, 34, 2015, 'December', 50, 8, 0, 2, 1, 0, 0, 0, 0, 'Transient', 0, 0, 'Canceled', '11/6/2015', 90.00),
('RES_924', 'HO_2', 'CUS_924', '19', '0', 'MS04', 'DC03', 'BB', 'A', 'DT03', 1, 34, 2015, 'December', 50, 8, 0, 2, 1, 0, 0, 0, 0, 'Transient', 0, 0, 'Canceled', '11/6/2015', 90.00),
('RES_925', 'HO_2', 'CUS_925', '19', '0', 'MS04', 'DC03', 'BB', 'A', 'DT03', 1, 34, 2015, 'December', 50, 8, 0, 2, 1, 0, 0, 0, 0, 'Transient', 0, 0, 'Canceled', '11/6/2015', 90.00),
('RES_926', 'HO_2', 'CUS_926', '19', '0', 'MS04', 'DC03', 'BB', 'A', 'DT03', 1, 34, 2015, 'December', 50, 8, 0, 2, 1, 0, 0, 0, 0, 'Transient', 0, 0, 'Canceled', '11/6/2015', 90.00),
('RES_927', 'HO_2', 'CUS_927', '19', '0', 'MS04', 'DC03', 'BB', 'A', 'DT03', 1, 34, 2015, 'December', 50, 8, 0, 2, 1, 0, 0, 0, 0, 'Transient', 0, 0, 'Canceled', '11/6/2015', 90.00),
('RES_928', 'HO_2', 'CUS_928', '19', '0', 'MS04', 'DC03', 'BB', 'A', 'DT03', 1, 34, 2015, 'December', 50, 8, 0, 2, 1, 0, 0, 0, 0, 'Transient', 0, 0, 'Canceled', '11/6/2015', 90.00),
('RES_929', 'HO_2', 'CUS_929', '19', '0', 'MS04', 'DC03', 'BB', 'A', 'DT03', 1, 34, 2015, 'December', 50, 8, 0, 2, 1, 0, 0, 0, 0, 'Transient', 0, 0, 'Canceled', '11/6/2015', 90.00),
('RES_93', 'HO_1', 'CUS_93', '240', '0', 'MS03', 'DC03', 'BB', 'A', 'DT01', 1, 109, 2015, 'July', 27, 3, 0, 2, 2, 0, 0, 0, 0, 'Transient', 0, 1, 'Canceled', '42150', 123.00),
('RES_930', 'HO_2', 'CUS_930', '19', '0', 'MS04', 'DC03', 'BB', 'A', 'DT03', 1, 34, 2015, 'December', 50, 8, 0, 2, 1, 0, 0, 0, 0, 'Transient', 0, 0, 'Canceled', '11/6/2015', 90.00),
('RES_931', 'HO_2', 'CUS_931', '19', '0', 'MS04', 'DC03', 'BB', 'A', 'DT03', 1, 34, 2015, 'December', 50, 8, 0, 2, 1, 0, 0, 0, 0, 'Transient', 0, 0, 'Canceled', '11/6/2015', 90.00),
('RES_932', 'HO_2', 'CUS_932', '19', '0', 'MS04', 'DC03', 'BB', 'A', 'DT03', 1, 34, 2015, 'December', 50, 8, 0, 2, 1, 0, 0, 0, 0, 'Transient', 0, 0, 'Canceled', '11/6/2015', 90.00),
('RES_933', 'HO_2', 'CUS_933', '19', '0', 'MS04', 'DC03', 'BB', 'A', 'DT03', 1, 34, 2015, 'December', 50, 8, 0, 2, 1, 0, 0, 0, 0, 'Transient', 0, 0, 'Canceled', '11/6/2015', 90.00),
('RES_934', 'HO_2', 'CUS_934', '19', '0', 'MS04', 'DC03', 'BB', 'A', 'DT03', 1, 34, 2015, 'December', 50, 8, 0, 2, 1, 0, 0, 0, 0, 'Transient', 0, 0, 'Canceled', '11/6/2015', 90.00),
('RES_935', 'HO_2', 'CUS_935', '19', '0', 'MS04', 'DC03', 'BB', 'A', 'DT03', 1, 34, 2015, 'December', 50, 8, 0, 2, 1, 0, 0, 0, 0, 'Transient', 0, 0, 'Canceled', '11/6/2015', 90.00),
('RES_936', 'HO_2', 'CUS_936', '19', '0', 'MS04', 'DC03', 'BB', 'A', 'DT03', 1, 34, 2015, 'December', 50, 8, 0, 2, 1, 0, 0, 0, 0, 'Transient', 0, 0, 'Canceled', '11/6/2015', 90.00),
('RES_937', 'HO_2', 'CUS_937', '19', '0', 'MS04', 'DC03', 'BB', 'A', 'DT03', 1, 34, 2015, 'December', 50, 8, 0, 2, 1, 0, 0, 0, 0, 'Transient', 0, 0, 'Canceled', '11/6/2015', 90.00),
('RES_938', 'HO_2', 'CUS_938', '19', '0', 'MS04', 'DC03', 'BB', 'A', 'DT03', 1, 34, 2015, 'December', 50, 8, 0, 2, 1, 0, 0, 0, 0, 'Transient', 0, 0, 'Canceled', '11/6/2015', 90.00),
('RES_939', 'HO_2', 'CUS_939', '19', '0', 'MS04', 'DC03', 'BB', 'A', 'DT03', 1, 34, 2015, 'December', 50, 8, 0, 2, 1, 0, 0, 0, 0, 'Transient', 0, 0, 'Canceled', '11/6/2015', 90.00),
('RES_94', 'HO_1', 'CUS_94', '240', '0', 'MS03', 'DC03', 'BB', 'A', 'DT01', 1, 72, 2015, 'July', 27, 3, 0, 2, 2, 0, 0, 0, 0, 'Transient', 0, 1, 'Canceled', '42184', 74.00),
('RES_940', 'HO_2', 'CUS_940', '19', '0', 'MS04', 'DC03', 'BB', 'A', 'DT03', 1, 34, 2015, 'December', 50, 8, 0, 2, 1, 0, 0, 0, 0, 'Transient', 0, 0, 'Canceled', '11/6/2015', 90.00),
('RES_941', 'HO_2', 'CUS_941', '28', '0', 'MS04', 'DC03', 'BB', 'D', 'DT01', 0, 40, 2015, 'November', 45, 2, 1, 3, 2, 0, 0, 0, 0, 'Transient', 0, 0, 'Check-Out', '11/6/2015', 60.00),
('RES_942', 'HO_2', 'CUS_942', '119', '0', 'MS04', 'DC03', 'BB', 'A', 'DT01', 1, 32, 2015, 'November', 47, 20, 0, 2, 1, 0, 0, 0, 0, 'Transient-Party', 0, 0, 'Canceled', '11/6/2015', 73.00),
('RES_943', 'HO_2', 'CUS_943', '119', '0', 'MS04', 'DC03', 'BB', 'A', 'DT01', 1, 32, 2015, 'November', 47, 20, 0, 2, 1, 0, 0, 0, 0, 'Transient-Party', 0, 0, 'Canceled', '11/6/2015', 73.00),
('RES_944', 'HO_2', 'CUS_944', '119', '0', 'MS04', 'DC03', 'BB', 'A', 'DT01', 1, 32, 2015, 'November', 47, 20, 0, 2, 1, 0, 0, 0, 0, 'Transient-Party', 0, 0, 'Canceled', '11/6/2015', 73.00),
('RES_945', 'HO_2', 'CUS_945', '119', '0', 'MS04', 'DC03', 'BB', 'A', 'DT01', 1, 32, 2015, 'November', 47, 20, 0, 2, 1, 0, 0, 0, 0, 'Transient-Party', 0, 0, 'Canceled', '11/6/2015', 73.00),
('RES_946', 'HO_2', 'CUS_946', '119', '0', 'MS04', 'DC03', 'BB', 'A', 'DT01', 1, 32, 2015, 'November', 47, 20, 0, 2, 1, 0, 0, 0, 0, 'Transient-Party', 0, 0, 'Canceled', '11/6/2015', 73.00),
('RES_947', 'HO_2', 'CUS_947', '119', '0', 'MS04', 'DC03', 'BB', 'A', 'DT01', 1, 32, 2015, 'November', 47, 20, 0, 2, 1, 0, 0, 0, 0, 'Transient-Party', 0, 0, 'Canceled', '11/6/2015', 73.00),
('RES_948', 'HO_2', 'CUS_948', '119', '0', 'MS04', 'DC03', 'BB', 'A', 'DT01', 1, 32, 2015, 'November', 47, 20, 0, 2, 1, 0, 0, 0, 0, 'Transient-Party', 0, 0, 'Canceled', '11/6/2015', 73.00),
('RES_949', 'HO_2', 'CUS_949', '119', '0', 'MS04', 'DC03', 'BB', 'A', 'DT01', 1, 32, 2015, 'November', 47, 20, 0, 2, 1, 0, 0, 0, 0, 'Transient-Party', 0, 0, 'Canceled', '11/6/2015', 73.00),
('RES_95', 'HO_1', 'CUS_95', '242', '0', 'MS03', 'DC03', 'BB', 'F', 'DT01', 1, 63, 2015, 'July', 27, 3, 2, 5, 2, 0, 0, 0, 0, 'Transient', 0, 1, 'Canceled', '42137', 117.00),
('RES_950', 'HO_2', 'CUS_950', '119', '0', 'MS04', 'DC03', 'BB', 'A', 'DT01', 1, 32, 2015, 'November', 47, 20, 0, 2, 1, 0, 0, 0, 0, 'Transient-Party', 0, 0, 'Canceled', '11/6/2015', 73.00),
('RES_951', 'HO_2', 'CUS_951', '119', '0', 'MS04', 'DC03', 'BB', 'A', 'DT01', 1, 32, 2015, 'November', 47, 20, 0, 2, 1, 0, 0, 0, 0, 'Transient-Party', 0, 0, 'Canceled', '11/6/2015', 73.00),
('RES_952', 'HO_2', 'CUS_952', '119', '0', 'MS04', 'DC03', 'BB', 'A', 'DT01', 1, 32, 2015, 'November', 47, 20, 0, 2, 1, 0, 0, 0, 0, 'Transient-Party', 0, 0, 'Canceled', '11/6/2015', 73.00),
('RES_953', 'HO_2', 'CUS_953', '119', '0', 'MS04', 'DC03', 'BB', 'A', 'DT01', 1, 32, 2015, 'November', 47, 20, 0, 2, 1, 0, 0, 0, 0, 'Transient-Party', 0, 0, 'Canceled', '11/6/2015', 73.00),
('RES_954', 'HO_2', 'CUS_954', '119', '0', 'MS04', 'DC03', 'BB', 'A', 'DT01', 1, 32, 2015, 'November', 47, 20, 0, 2, 1, 0, 0, 0, 0, 'Transient-Party', 0, 0, 'Canceled', '11/6/2015', 73.00),
('RES_955', 'HO_2', 'CUS_955', '119', '0', 'MS04', 'DC03', 'BB', 'A', 'DT01', 1, 32, 2015, 'November', 47, 20, 0, 2, 1, 0, 0, 0, 0, 'Transient-Party', 0, 0, 'Canceled', '11/6/2015', 73.00),
('RES_956', 'HO_2', 'CUS_956', '9', '0', 'MS03', 'DC03', 'BB', 'F', 'DT01', 0, 21, 2015, 'November', 45, 2, 1, 3, 2, 0, 0, 0, 0, 'Contract', 0, 0, 'Check-Out', '11/6/2015', 150.00),
('RES_957', 'HO_2', 'CUS_957', '9', '0', 'MS03', 'DC03', 'SC', 'A', 'DT01', 1, 0, 2015, 'November', 45, 6, 6, 16, 2, 0, 0, 0, 0, 'Contract', 0, 0, 'No-Show', '11/6/2015', 91.00),
('RES_958', 'HO_2', 'CUS_958', '9', '0', 'MS03', 'DC03', 'BB', 'B', 'DT01', 0, 26, 2015, 'November', 45, 1, 2, 3, 2, 0, 0, 1, 0, 'Contract', 0, 0, 'Check-Out', '11/6/2015', 85.00),
('RES_959', 'HO_2', 'CUS_959', '28', '0', 'MS04', 'DC03', 'BB', 'D', 'DT01', 0, 41, 2015, 'November', 45, 1, 2, 3, 2, 1, 0, 0, 0, 'Transient', 0, 2, 'Check-Out', '11/6/2015', 75.00),
('RES_96', 'HO_1', 'CUS_96', '105', '0', 'MS04', 'DC03', 'HB', 'E', 'DT01', 0, 63, 2015, 'July', 27, 3, 2, 5, 3, 0, 0, 0, 0, 'Transient', 0, 1, 'Check-Out', '42195', 197.00),
('RES_960', 'HO_2', 'CUS_960', '28', '0', 'MS04', 'DC03', 'BB', 'D', 'DT01', 0, 40, 2015, 'November', 45, 2, 1, 3, 2, 0, 0, 0, 0, 'Transient', 0, 0, 'Check-Out', '11/6/2015', 60.00),
('RES_961', 'HO_2', 'CUS_961', '28', '0', 'MS04', 'DC03', 'BB', 'A', 'DT01', 0, 1, 2015, 'November', 45, 3, 0, 3, 2, 0, 0, 0, 0, 'Transient', 0, 0, 'Check-Out', '11/6/2015', 80.00),
('RES_962', 'HO_2', 'CUS_962', '27', '0', 'MS04', 'DC03', 'BB', 'A', 'DT01', 1, 37, 2015, 'November', 45, 6, 1, 2, 1, 0, 0, 1, 0, 'Transient', 0, 0, 'No-Show', '11/6/2015', 37.00),
('RES_963', 'HO_2', 'CUS_963', '28', '0', 'MS04', 'DC03', 'BB', 'D', 'DT01', 0, 42, 2015, 'November', 45, 4, 0, 3, 2, 0, 0, 0, 0, 'Transient', 0, 0, 'Check-Out', '11/7/2015', 60.00),
('RES_964', 'HO_2', 'CUS_964', '28', '0', 'MS04', 'DC03', 'BB', 'D', 'DT01', 0, 37, 2015, 'November', 45, 4, 0, 3, 2, 0, 0, 0, 0, 'Group', 0, 0, 'Check-Out', '11/7/2015', 60.00),
('RES_965', 'HO_2', 'CUS_965', '28', '0', 'MS04', 'DC03', 'BB', 'D', 'DT01', 0, 43, 2015, 'November', 45, 4, 0, 3, 2, 0, 0, 0, 0, 'Transient', 0, 0, 'Check-Out', '11/7/2015', 60.00),
('RES_966', 'HO_2', 'CUS_966', '9', '0', 'MS03', 'DC03', 'BB', 'D', 'DT01', 0, 45, 2015, 'October', 44, 31, 2, 5, 2, 0, 0, 0, 0, 'Transient', 0, 2, 'Check-Out', '11/7/2015', 91.00),
('RES_967', 'HO_2', 'CUS_967', '28', '0', 'MS04', 'DC03', 'BB', 'D', 'DT01', 0, 42, 2015, 'November', 45, 2, 1, 4, 2, 0, 0, 0, 0, 'Transient', 0, 0, 'Check-Out', '11/7/2015', 60.00),
('RES_968', 'HO_2', 'CUS_968', '9', '0', 'MS03', 'DC03', 'BB', 'D', 'DT01', 0, 0, 2015, 'November', 45, 3, 0, 4, 2, 0, 0, 0, 0, 'Contract', 0, 1, 'Check-Out', '11/7/2015', 82.00),
('RES_969', 'HO_2', 'CUS_969', '16', '0', 'MS04', 'DC03', 'BB', 'A', 'DT01', 0, 24, 2015, 'November', 45, 3, 0, 4, 3, 0, 0, 0, 0, 'Transient', 0, 1, 'Check-Out', '11/7/2015', 61.00),
('RES_97', 'HO_1', 'CUS_97', '240', '0', 'MS03', 'DC03', 'BB', 'D', 'DT01', 0, 101, 2015, 'July', 27, 3, 2, 5, 2, 1, 0, 0, 0, 'Transient', 1, 2, 'Check-Out', '42195', 99.00),
('RES_970', 'HO_2', 'CUS_970', '9', '0', 'MS03', 'DC03', 'BB', 'D', 'DT01', 0, 12, 2015, 'November', 45, 3, 0, 4, 2, 0, 0, 1, 0, 'Contract', 1, 0, 'Check-Out', '11/7/2015', 91.00),
('RES_971', 'HO_2', 'CUS_971', '14', '0', 'MS01', 'DC01', 'BB', 'A', 'DT01', 0, 8, 2015, 'November', 45, 5, 0, 2, 2, 0, 0, 0, 0, 'Transient', 0, 0, 'Check-Out', '11/7/2015', 100.00),
('RES_972', 'HO_2', 'CUS_972', '6', '0', 'MS04', 'DC03', 'BB', 'A', 'DT01', 0, 5, 2015, 'November', 45, 4, 0, 3, 2, 0, 0, 0, 0, 'Group', 0, 0, 'Check-Out', '11/7/2015', 70.00),
('RES_973', 'HO_2', 'CUS_973', '9', '0', 'MS03', 'DC03', 'BB', 'A', 'DT01', 0, 0, 2015, 'November', 45, 2, 1, 4, 2, 0, 0, 0, 0, 'Contract', 0, 1, 'Check-Out', '11/7/2015', 107.00),
('RES_974', 'HO_2', 'CUS_974', '9', '0', 'MS03', 'DC03', 'BB', 'B', 'DT01', 0, 47, 2015, 'November', 45, 5, 0, 2, 2, 0, 0, 0, 0, 'Transient', 0, 1, 'Check-Out', '11/7/2015', 106.00),
('RES_975', 'HO_2', 'CUS_975', '9', '0', 'MS03', 'DC03', 'BB', 'B', 'DT01', 0, 47, 2015, 'November', 45, 5, 0, 2, 2, 0, 0, 0, 0, 'Transient', 0, 2, 'Check-Out', '11/7/2015', 106.00),
('RES_976', 'HO_2', 'CUS_976', '9', '0', 'MS03', 'DC03', 'BB', 'B', 'DT01', 0, 47, 2015, 'November', 45, 5, 0, 2, 2, 0, 0, 0, 0, 'Transient', 0, 2, 'Check-Out', '11/7/2015', 106.00),
('RES_977', 'HO_2', 'CUS_977', '9', '0', 'MS03', 'DC03', 'BB', 'B', 'DT01', 0, 46, 2015, 'November', 45, 4, 0, 3, 2, 0, 0, 1, 0, 'Transient', 0, 1, 'Check-Out', '11/7/2015', 106.00),
('RES_978', 'HO_2', 'CUS_978', '9', '0', 'MS03', 'DC03', 'BB', 'B', 'DT01', 0, 46, 2015, 'November', 45, 4, 0, 3, 2, 0, 0, 1, 0, 'Transient', 0, 1, 'Check-Out', '11/7/2015', 106.00),
('RES_979', 'HO_2', 'CUS_979', '9', '0', 'MS03', 'DC03', 'BB', 'A', 'DT01', 0, 2, 2015, 'November', 45, 6, 0, 1, 2, 0, 0, 0, 0, 'Contract', 0, 1, 'Check-Out', '11/7/2015', 107.00),
('RES_98', 'HO_1', 'CUS_98', '250', '0', 'MS01', 'DC01', 'BB', 'E', 'DT01', 0, 102, 2015, 'July', 27, 3, 2, 5, 2, 0, 0, 0, 0, 'Transient', 0, 0, 'Check-Out', '42195', 91.00),
('RES_980', 'HO_2', 'CUS_980', '9', '0', 'MS03', 'DC03', 'BB', 'B', 'DT01', 0, 47, 2015, 'November', 45, 5, 0, 2, 2, 0, 0, 1, 0, 'Transient', 0, 1, 'Check-Out', '11/7/2015', 106.00),
('RES_981', 'HO_2', 'CUS_981', '9', '0', 'MS03', 'DC03', 'SC', 'A', 'DT01', 1, 143, 2016, 'March', 13, 24, 0, 2, 2, 0, 0, 0, 0, 'Contract', 0, 1, 'Canceled', '11/7/2015', 86.00),
('RES_982', 'HO_2', 'CUS_982', '9', '0', 'MS03', 'DC03', 'BB', 'A', 'DT01', 0, 26, 2015, 'October', 44, 31, 2, 5, 2, 0, 0, 0, 0, 'Contract', 0, 1, 'Check-Out', '11/7/2015', 96.00),
('RES_983', 'HO_2', 'CUS_983', '9', '0', 'MS03', 'DC03', 'BB', 'A', 'DT01', 0, 11, 2015, 'November', 45, 2, 1, 4, 2, 0, 0, 0, 0, 'Contract', 0, 1, 'Check-Out', '11/7/2015', 74.00),
('RES_984', 'HO_2', 'CUS_984', '9', '0', 'MS03', 'DC03', 'BB', 'A', 'DT01', 0, 10, 2015, 'November', 45, 2, 1, 4, 2, 0, 0, 0, 0, 'Contract', 1, 0, 'Check-Out', '11/7/2015', 83.00),
('RES_985', 'HO_2', 'CUS_985', '9', '0', 'MS03', 'DC03', 'SC', 'A', 'DT01', 0, 17, 2015, 'November', 45, 6, 0, 1, 1, 0, 0, 1, 0, 'Contract', 1, 1, 'Check-Out', '11/7/2015', 104.00),
('RES_986', 'HO_2', 'CUS_986', '8', '0', 'MS03', 'DC03', 'BB', 'A', 'DT01', 1, 12, 2015, 'November', 47, 17, 0, 4, 1, 0, 0, 0, 0, 'Transient', 0, 0, 'Canceled', '11/7/2015', 106.00),
('RES_987', 'HO_2', 'CUS_987', '9', '0', 'MS03', 'DC03', 'BB', 'A', 'DT01', 0, 0, 2015, 'November', 45, 6, 0, 1, 2, 0, 0, 2, 0, 'Contract', 0, 1, 'Check-Out', '11/7/2015', 95.00),
('RES_988', 'HO_2', 'CUS_988', '9', '0', 'MS03', 'DC03', 'BB', 'A', 'DT01', 0, 0, 2015, 'November', 45, 6, 0, 1, 2, 0, 0, 2, 0, 'Contract', 0, 1, 'Check-Out', '11/7/2015', 95.00),
('RES_989', 'HO_2', 'CUS_989', '9', '0', 'MS03', 'DC03', 'BB', 'A', 'DT01', 0, 0, 2015, 'November', 45, 6, 0, 1, 2, 0, 0, 2, 0, 'Contract', 0, 1, 'Check-Out', '11/7/2015', 95.00);
INSERT INTO `reservation` (`reservation_id`, `hotel_id`, `customer_id`, `agent_id`, `company_id`, `market_segment_id`, `distribution_channel_id`, `meal_id`, `room_type_id`, `deposit_type_id`, `is_canceled`, `lead_time`, `arrival_date_year`, `arrival_date_month`, `arrival_date_week_number`, `arrival_date_day_of_month`, `stays_in_weekend_nights`, `stays_in_week_nights`, `adults`, `children`, `babies`, `booking_changes`, `days_in_waiting_list`, `customer_type`, `required_car_parking_spaces`, `total_of_special_requests`, `reservation_status`, `reservation_status_date`, `adr`) VALUES
('RES_99', 'HO_1', 'CUS_99', '250', '0', 'MS01', 'DC01', 'BB', 'A', 'DT01', 0, 4, 2015, 'July', 27, 4, 2, 1, 2, 0, 0, 0, 0, 'Transient', 0, 1, 'Check-Out', '42192', 93.00),
('RES_990', 'HO_2', 'CUS_990', '9', '0', 'MS03', 'DC03', 'SC', 'A', 'DT01', 0, 1, 2015, 'November', 45, 5, 0, 2, 2, 0, 0, 0, 0, 'Contract', 0, 1, 'Check-Out', '11/7/2015', 95.00),
('RES_991', 'HO_2', 'CUS_991', '9', '0', 'MS03', 'DC03', 'SC', 'A', 'DT01', 0, 1, 2015, 'November', 45, 5, 0, 2, 2, 0, 0, 0, 0, 'Contract', 0, 1, 'Check-Out', '11/7/2015', 95.00),
('RES_992', 'HO_2', 'CUS_992', '11', '0', 'MS03', 'DC03', 'BB', 'A', 'DT01', 0, 21, 2015, 'November', 45, 5, 0, 2, 2, 0, 0, 0, 0, 'Transient', 0, 0, 'Check-Out', '11/7/2015', 76.00),
('RES_993', 'HO_2', 'CUS_993', '11', '0', 'MS03', 'DC03', 'BB', 'A', 'DT01', 0, 21, 2015, 'November', 45, 5, 0, 2, 2, 0, 0, 0, 0, 'Transient', 0, 0, 'Check-Out', '11/7/2015', 76.00),
('RES_994', 'HO_2', 'CUS_994', '9', '0', 'MS03', 'DC03', 'BB', 'A', 'DT01', 0, 8, 2015, 'October', 44, 31, 2, 5, 2, 0, 0, 0, 0, 'Contract', 0, 1, 'Check-Out', '11/7/2015', 76.00),
('RES_995', 'HO_2', 'CUS_995', '14', '0', 'MS01', 'DC01', 'BB', 'A', 'DT01', 1, 14, 2015, 'November', 45, 6, 0, 1, 2, 0, 0, 0, 0, 'Transient', 0, 0, 'No-Show', '11/6/2015', 75.00),
('RES_996', 'HO_2', 'CUS_996', '0', '46', 'MS06', 'DC01', 'BB', 'A', 'DT01', 0, 1, 2016, 'March', 12, 15, 0, 2, 1, 0, 0, 0, 0, 'Transient', 1, 0, 'Check-Out', '3/17/2016', 55.00),
('RES_997', 'HO_2', 'CUS_997', '9', '0', 'MS03', 'DC03', 'BB', 'A', 'DT01', 1, 8, 2015, 'November', 46, 10, 0, 1, 1, 0, 0, 0, 0, 'Contract', 0, 2, 'Canceled', '11/7/2015', 85.00),
('RES_998', 'HO_2', 'CUS_998', '9', '0', 'MS03', 'DC03', 'BB', 'A', 'DT01', 1, 8, 2015, 'November', 46, 10, 0, 1, 1, 0, 0, 0, 0, 'Contract', 0, 2, 'Canceled', '11/7/2015', 85.00),
('RES_999', 'HO_2', 'CUS_999', '9', '0', 'MS03', 'DC03', 'BB', 'A', 'DT01', 0, 0, 2015, 'November', 45, 6, 0, 1, 2, 0, 0, 0, 0, 'Contract', 0, 1, 'Check-Out', '11/7/2015', 107.00);

-- --------------------------------------------------------

--
-- Table structure for table `room_type`
--

CREATE TABLE `room_type` (
  `room_type_id` varchar(10) NOT NULL,
  `room_type_name` varchar(50) DEFAULT NULL
) ENGINE=InnoDB DEFAULT CHARSET=utf8 COLLATE=utf8_general_ci;

--
-- Dumping data for table `room_type`
--

INSERT INTO `room_type` (`room_type_id`, `room_type_name`) VALUES
('A', 'Executive Room'),
('B', 'Double Room'),
('C', 'Single Room'),
('D', 'Suite Room'),
('E', 'Family Room'),
('F', 'Superior Room'),
('G', 'Deluxe Room'),
('H', 'Standard Room');

--
-- Indexes for dumped tables
--

--
-- Indexes for table `agent`
--
ALTER TABLE `agent`
  ADD PRIMARY KEY (`agent_id`);

--
-- Indexes for table `company`
--
ALTER TABLE `company`
  ADD PRIMARY KEY (`company_id`);

--
-- Indexes for table `country`
--
ALTER TABLE `country`
  ADD PRIMARY KEY (`country_id`);

--
-- Indexes for table `customer`
--
ALTER TABLE `customer`
  ADD PRIMARY KEY (`customer_id`),
  ADD KEY `fk_customer_country` (`country_id`);

--
-- Indexes for table `deposit`
--
ALTER TABLE `deposit`
  ADD PRIMARY KEY (`deposit_type_id`);

--
-- Indexes for table `distribution_channel`
--
ALTER TABLE `distribution_channel`
  ADD PRIMARY KEY (`distribution_channel_id`);

--
-- Indexes for table `hotel`
--
ALTER TABLE `hotel`
  ADD PRIMARY KEY (`hotel_id`);

--
-- Indexes for table `market_segment`
--
ALTER TABLE `market_segment`
  ADD PRIMARY KEY (`market_segment_id`);

--
-- Indexes for table `meal`
--
ALTER TABLE `meal`
  ADD PRIMARY KEY (`meal_id`);

--
-- Indexes for table `reservation`
--
ALTER TABLE `reservation`
  ADD PRIMARY KEY (`reservation_id`),
  ADD KEY `fk_reservation_hotel` (`hotel_id`),
  ADD KEY `fk_reservation_customer` (`customer_id`),
  ADD KEY `fk_reservation_agent` (`agent_id`),
  ADD KEY `fk_reservation_company` (`company_id`),
  ADD KEY `fk_reservation_market_segment` (`market_segment_id`),
  ADD KEY `fk_reservation_distribution_channel` (`distribution_channel_id`),
  ADD KEY `fk_reservation_meal` (`meal_id`),
  ADD KEY `fk_reservation_room_type` (`room_type_id`),
  ADD KEY `fk_reservation_deposit` (`deposit_type_id`);

--
-- Indexes for table `room_type`
--
ALTER TABLE `room_type`
  ADD PRIMARY KEY (`room_type_id`);

--
-- Constraints for dumped tables
--

--
-- Constraints for table `customer`
--
ALTER TABLE `customer`
  ADD CONSTRAINT `fk_customer_country` FOREIGN KEY (`country_id`) REFERENCES `country` (`country_id`);

--
-- Constraints for table `reservation`
--
ALTER TABLE `reservation`
  ADD CONSTRAINT `fk_reservation_agent` FOREIGN KEY (`agent_id`) REFERENCES `agent` (`agent_id`),
  ADD CONSTRAINT `fk_reservation_company` FOREIGN KEY (`company_id`) REFERENCES `company` (`company_id`),
  ADD CONSTRAINT `fk_reservation_customer` FOREIGN KEY (`customer_id`) REFERENCES `customer` (`customer_id`),
  ADD CONSTRAINT `fk_reservation_deposit` FOREIGN KEY (`deposit_type_id`) REFERENCES `deposit` (`deposit_type_id`),
  ADD CONSTRAINT `fk_reservation_distribution_channel` FOREIGN KEY (`distribution_channel_id`) REFERENCES `distribution_channel` (`distribution_channel_id`),
  ADD CONSTRAINT `fk_reservation_hotel` FOREIGN KEY (`hotel_id`) REFERENCES `hotel` (`hotel_id`),
  ADD CONSTRAINT `fk_reservation_market_segment` FOREIGN KEY (`market_segment_id`) REFERENCES `market_segment` (`market_segment_id`),
  ADD CONSTRAINT `fk_reservation_meal` FOREIGN KEY (`meal_id`) REFERENCES `meal` (`meal_id`),
  ADD CONSTRAINT `fk_reservation_room_type` FOREIGN KEY (`room_type_id`) REFERENCES `room_type` (`room_type_id`);
COMMIT;

/*!40101 SET CHARACTER_SET_CLIENT=@OLD_CHARACTER_SET_CLIENT */;
/*!40101 SET CHARACTER_SET_RESULTS=@OLD_CHARACTER_SET_RESULTS */;
/*!40101 SET COLLATION_CONNECTION=@OLD_COLLATION_CONNECTION */;
